schema_version,score_evidence_id,program_id,institution_id,institution_name,component,component_score,max_score,rubric_anchor,rubric_anchor_description,supporting_evidence_ids,evidence_completeness,score_confidence,uncertainty_or_conflict,reviewer_or_generating_process,verification_status,calculated_at
2.0,scoreev:201e8ea60591941c,us:ipeds:179867:program:phd:computer-science-phd,us:ipeds:179867,Washington University in St Louis,professor_alignment,20,30,one_verified_strong,Exactly one distinct verified strong match.,stage4src:f2e8f4ec253723e3|stage4src:cfd5b5e6c7fea570|stage4src:f806b29bdd2c9e6c,complete,high,,graduate_audit.evidence_scoring:v1,verified_calculation,2026-09-10T20:10:22.746680+00:00
2.0,scoreev:62da0a9a76e034d5,us:ipeds:179867:program:phd:computer-science-phd,us:ipeds:179867,Washington University in St Louis,department_program_depth,5,15,one_distinct,Exactly one distinct verified strong match; single-professor dependency is true.,stage4src:f2e8f4ec253723e3|stage4src:cfd5b5e6c7fea570|stage4src:f806b29bdd2c9e6c,complete,high,Single-professor dependency.,graduate_audit.evidence_scoring:v1,verified_calculation,2026-09-10T20:10:22.746680+00:00
2.0,scoreev:06012f74cc229b99,us:ipeds:179867:program:phd:computer-science-phd,us:ipeds:179867,Washington University in St Louis,funding_net_viability,20,25,verified_support_with_cost_gaps,"Direct funding hard gate passes, but fees, health, summer, duration, or net amount retains a material gap.",stage3src:1216268966cb16dd5f87,partial,medium,"One or more duration, tuition, fee, health, summer, or net-cost terms remain unresolved.",graduate_audit.evidence_scoring:v1,verified_calculation,2026-09-10T20:10:22.746680+00:00
2.0,scoreev:828f56790b75cfc6,us:ipeds:179867:program:phd:computer-science-phd,us:ipeds:179867,Washington University in St Louis,eligibility_credential_alignment,15,15,verified_alignment,Formal eligibility is verified and no material credential-equivalency question is recorded.,stage3src:98e07953cd3078105123|stage3src:1216268966cb16dd5f87|stage3src:5636251ab9471b4d4092,complete,high,,graduate_audit.evidence_scoring:v1,verified_calculation,2026-09-10T20:10:22.746680+00:00
2.0,scoreev:8c8ceeda4a1191c0,us:ipeds:179867:program:phd:computer-science-phd,us:ipeds:179867,Washington University in St Louis,degree_admissions_alignment,10,10,verified_compatible_route,Exact research route and degree structure are compatible with the applicant's current degree.,stage3src:98e07953cd3078105123|stage3src:1216268966cb16dd5f87|stage3src:5636251ab9471b4d4092,complete,high,,graduate_audit.evidence_scoring:v1,verified_calculation,2026-09-10T20:10:22.746680+00:00
2.0,scoreev:feab2c430f22ef60,us:ipeds:179867:program:phd:computer-science-phd,us:ipeds:179867,Washington University in St Louis,application_economics,5,5,no_fee_or_verified_waiver,No application fee or a clearly applicable waiver is verified.,stage3src:98e07953cd3078105123|stage3src:5636251ab9471b4d4092|stage3src:1216268966cb16dd5f87,complete,high,,graduate_audit.evidence_scoring:v1,verified_calculation,2026-09-10T20:10:22.746680+00:00
2.0,scoreev:9b726df861a94f17,us:ipeds:166629:program:phd:computer-science-phd,us:ipeds:166629,University of Massachusetts-Amherst,professor_alignment,20,30,one_verified_strong,Exactly one distinct verified strong match.,stage4src:953030967dd62d30|stage4src:7d3c3f8a0718339a|stage4src:8ce20c7df9a37a6b,complete,high,,graduate_audit.evidence_scoring:v1,verified_calculation,2026-09-10T20:10:22.746680+00:00
2.0,scoreev:a076e812383f444e,us:ipeds:166629:program:phd:computer-science-phd,us:ipeds:166629,University of Massachusetts-Amherst,department_program_depth,5,15,one_distinct,Exactly one distinct verified strong match; single-professor dependency is true.,stage4src:953030967dd62d30|stage4src:7d3c3f8a0718339a|stage4src:8ce20c7df9a37a6b,complete,high,Single-professor dependency.,graduate_audit.evidence_scoring:v1,verified_calculation,2026-09-10T20:10:22.746680+00:00
2.0,scoreev:91344ba3c86eb87f,us:ipeds:166629:program:phd:computer-science-phd,us:ipeds:166629,University of Massachusetts-Amherst,funding_net_viability,20,25,verified_support_with_cost_gaps,"Direct funding hard gate passes, but fees, health, summer, duration, or net amount retains a material gap.",stage3src:6235f681577d33f7948a,partial,medium,"One or more duration, tuition, fee, health, summer, or net-cost terms remain unresolved.",graduate_audit.evidence_scoring:v1,verified_calculation,2026-09-10T20:10:22.746680+00:00
2.0,scoreev:5b567db722b9e88b,us:ipeds:166629:program:phd:computer-science-phd,us:ipeds:166629,University of Massachusetts-Amherst,eligibility_credential_alignment,15,15,verified_alignment,Formal eligibility is verified and no material credential-equivalency question is recorded.,stage3src:86fe851a80c71bd603da|stage3src:6235f681577d33f7948a,complete,high,,graduate_audit.evidence_scoring:v1,verified_calculation,2026-09-10T20:10:22.746680+00:00
2.0,scoreev:45f90de40c4bdb77,us:ipeds:166629:program:phd:computer-science-phd,us:ipeds:166629,University of Massachusetts-Amherst,degree_admissions_alignment,10,10,verified_compatible_route,Exact research route and degree structure are compatible with the applicant's current degree.,stage3src:86fe851a80c71bd603da|stage3src:6235f681577d33f7948a,complete,high,,graduate_audit.evidence_scoring:v1,verified_calculation,2026-09-10T20:10:22.746680+00:00
2.0,scoreev:00faa69cb1484b3d,us:ipeds:166629:program:phd:computer-science-phd,us:ipeds:166629,University of Massachusetts-Amherst,application_economics,3,5,moderate_fee_or_possible_waiver,Fee is at most 100 in the stated currency or a plausible but non-guaranteed waiver path exists.,stage3src:86fe851a80c71bd603da|stage3src:6235f681577d33f7948a,partial,medium,Applicable waiver or final Fall 2027 cost is not guaranteed.,graduate_audit.evidence_scoring:v1,verified_calculation,2026-09-10T20:10:22.746680+00:00
2.0,scoreev:c57c8567189e992a,us:ipeds:233921:program:phd:computer-science-phd,us:ipeds:233921,Virginia Polytechnic Institute and State University,professor_alignment,20,30,one_verified_strong,Exactly one distinct verified strong match.,stage4src:e20faa58e1d61aea|stage4src:92b4d594b9438529|stage4src:4e2a302f8eff8a54,complete,high,,graduate_audit.evidence_scoring:v1,verified_calculation,2026-09-10T20:10:22.746680+00:00
2.0,scoreev:500ea51e867d9b1f,us:ipeds:233921:program:phd:computer-science-phd,us:ipeds:233921,Virginia Polytechnic Institute and State University,department_program_depth,5,15,one_distinct,Exactly one distinct verified strong match; single-professor dependency is true.,stage4src:e20faa58e1d61aea|stage4src:92b4d594b9438529|stage4src:4e2a302f8eff8a54,complete,high,Single-professor dependency.,graduate_audit.evidence_scoring:v1,verified_calculation,2026-09-10T20:10:22.746680+00:00
2.0,scoreev:10c6b4de19f5ca53,us:ipeds:233921:program:phd:computer-science-phd,us:ipeds:233921,Virginia Polytechnic Institute and State University,funding_net_viability,20,25,verified_support_with_cost_gaps,"Direct funding hard gate passes, but fees, health, summer, duration, or net amount retains a material gap.",stage3src:effc2464434d47c91ee3,partial,medium,"One or more duration, tuition, fee, health, summer, or net-cost terms remain unresolved.",graduate_audit.evidence_scoring:v1,verified_calculation,2026-09-10T20:10:22.746680+00:00
2.0,scoreev:44e742e202b08bdf,us:ipeds:233921:program:phd:computer-science-phd,us:ipeds:233921,Virginia Polytechnic Institute and State University,eligibility_credential_alignment,15,15,verified_alignment,Formal eligibility is verified and no material credential-equivalency question is recorded.,stage3src:f1f6c042888a82aef354|stage3src:effc2464434d47c91ee3|stage3src:f68886ff2befe77e0cc1|stage3src:23b2c18339325fe25d7e,complete,high,,graduate_audit.evidence_scoring:v1,verified_calculation,2026-09-10T20:10:22.746680+00:00
2.0,scoreev:a49cf92e69284a07,us:ipeds:233921:program:phd:computer-science-phd,us:ipeds:233921,Virginia Polytechnic Institute and State University,degree_admissions_alignment,10,10,verified_compatible_route,Exact research route and degree structure are compatible with the applicant's current degree.,stage3src:f1f6c042888a82aef354|stage3src:effc2464434d47c91ee3|stage3src:f68886ff2befe77e0cc1|stage3src:23b2c18339325fe25d7e,complete,high,,graduate_audit.evidence_scoring:v1,verified_calculation,2026-09-10T20:10:22.746680+00:00
2.0,scoreev:a8cd9f86c15231ca,us:ipeds:233921:program:phd:computer-science-phd,us:ipeds:233921,Virginia Polytechnic Institute and State University,application_economics,3,5,moderate_fee_or_possible_waiver,Fee is at most 100 in the stated currency or a plausible but non-guaranteed waiver path exists.,stage3src:f1f6c042888a82aef354|stage3src:f68886ff2befe77e0cc1|stage3src:23b2c18339325fe25d7e|stage3src:effc2464434d47c91ee3,partial,medium,Applicable waiver or final Fall 2027 cost is not guaranteed.,graduate_audit.evidence_scoring:v1,verified_calculation,2026-09-10T20:10:22.746680+00:00
2.0,scoreev:e1ea169ff0f60048,us:ipeds:211440:program:phd:software-engineering-phd,us:ipeds:211440,Carnegie Mellon University,professor_alignment,20,30,one_verified_strong,Exactly one distinct verified strong match.,stage4src:38ce2896634a104d|stage4src:2091a98f6fa68da4|stage4src:6b6bf269f81d029c,complete,high,,graduate_audit.evidence_scoring:v1,verified_calculation,2026-09-10T20:10:22.746680+00:00
2.0,scoreev:9a81b502a49d07ae,us:ipeds:211440:program:phd:software-engineering-phd,us:ipeds:211440,Carnegie Mellon University,department_program_depth,5,15,one_distinct,Exactly one distinct verified strong match; single-professor dependency is true.,stage4src:38ce2896634a104d|stage4src:2091a98f6fa68da4|stage4src:6b6bf269f81d029c,complete,high,Single-professor dependency.,graduate_audit.evidence_scoring:v1,verified_calculation,2026-09-10T20:10:22.746680+00:00
2.0,scoreev:b11bfeab7b91bf8b,us:ipeds:211440:program:phd:software-engineering-phd,us:ipeds:211440,Carnegie Mellon University,funding_net_viability,20,25,verified_support_with_cost_gaps,"Direct funding hard gate passes, but fees, health, summer, duration, or net amount retains a material gap.",stage3src:31d029a3e500f2930622,partial,medium,"One or more duration, tuition, fee, health, summer, or net-cost terms remain unresolved.",graduate_audit.evidence_scoring:v1,verified_calculation,2026-09-10T20:10:22.746680+00:00
2.0,scoreev:771ca3419fc562c8,us:ipeds:211440:program:phd:software-engineering-phd,us:ipeds:211440,Carnegie Mellon University,eligibility_credential_alignment,10,15,verified_with_material_question,"The route appears formally available, but GPA interpretation, credential equivalency, prerequisites, or direct-entry treatment needs confirmation.",stage3src:eb9cbc1155255ac27557|stage3src:31d029a3e500f2930622|stage3src:1c77cc70f88821cdf6cd,partial,medium,Confirm exact 2027 stipend and health/fee components in an offer,graduate_audit.evidence_scoring:v1,verified_calculation,2026-09-10T20:10:22.746680+00:00
2.0,scoreev:3ea54ebe306487e9,us:ipeds:211440:program:phd:software-engineering-phd,us:ipeds:211440,Carnegie Mellon University,degree_admissions_alignment,10,10,verified_compatible_route,Exact research route and degree structure are compatible with the applicant's current degree.,stage3src:eb9cbc1155255ac27557|stage3src:31d029a3e500f2930622|stage3src:1c77cc70f88821cdf6cd,complete,high,,graduate_audit.evidence_scoring:v1,verified_calculation,2026-09-10T20:10:22.746680+00:00
2.0,scoreev:d7f8653eae228738,us:ipeds:211440:program:phd:software-engineering-phd,us:ipeds:211440,Carnegie Mellon University,application_economics,5,5,no_fee_or_verified_waiver,No application fee or a clearly applicable waiver is verified.,stage3src:eb9cbc1155255ac27557|stage3src:1c77cc70f88821cdf6cd|stage3src:31d029a3e500f2930622,complete,high,,graduate_audit.evidence_scoring:v1,verified_calculation,2026-09-10T20:10:22.746680+00:00
2.0,scoreev:94e26f6ac0dc4f25,us:ipeds:167358:program:phd:computer-science-phd,us:ipeds:167358,Northeastern University,professor_alignment,20,30,one_verified_strong,Exactly one distinct verified strong match.,stage4src:8d35a74ebcaeee28|stage4src:d58b393502a5c5b2|stage4src:29f97a7b2d74159f,complete,high,,graduate_audit.evidence_scoring:v1,verified_calculation,2026-09-10T20:10:22.746680+00:00
2.0,scoreev:955aa251d5e035c5,us:ipeds:167358:program:phd:computer-science-phd,us:ipeds:167358,Northeastern University,department_program_depth,5,15,one_distinct,Exactly one distinct verified strong match; single-professor dependency is true.,stage4src:8d35a74ebcaeee28|stage4src:d58b393502a5c5b2|stage4src:29f97a7b2d74159f,complete,high,Single-professor dependency.,graduate_audit.evidence_scoring:v1,verified_calculation,2026-09-10T20:10:22.746680+00:00
2.0,scoreev:2a759d91d13459fe,us:ipeds:167358:program:phd:computer-science-phd,us:ipeds:167358,Northeastern University,funding_net_viability,20,25,verified_support_with_cost_gaps,"Direct funding hard gate passes, but fees, health, summer, duration, or net amount retains a material gap.",stage3src:d626eaeb23b0db22af27|stage3src:75314fc1a0f1db8dc3b8,partial,medium,"One or more duration, tuition, fee, health, summer, or net-cost terms remain unresolved.",graduate_audit.evidence_scoring:v1,verified_calculation,2026-09-10T20:10:22.746680+00:00
2.0,scoreev:d425dd5adfc7e3a2,us:ipeds:167358:program:phd:computer-science-phd,us:ipeds:167358,Northeastern University,eligibility_credential_alignment,15,15,verified_alignment,Formal eligibility is verified and no material credential-equivalency question is recorded.,stage3src:4414f629cb5ddd580db9|stage3src:75314fc1a0f1db8dc3b8,complete,high,,graduate_audit.evidence_scoring:v1,verified_calculation,2026-09-10T20:10:22.746680+00:00
2.0,scoreev:8dbc1e70d6a48372,us:ipeds:167358:program:phd:computer-science-phd,us:ipeds:167358,Northeastern University,degree_admissions_alignment,10,10,verified_compatible_route,Exact research route and degree structure are compatible with the applicant's current degree.,stage3src:4414f629cb5ddd580db9|stage3src:75314fc1a0f1db8dc3b8,complete,high,,graduate_audit.evidence_scoring:v1,verified_calculation,2026-09-10T20:10:22.746680+00:00
2.0,scoreev:78cf42047ea8fcdb,us:ipeds:167358:program:phd:computer-science-phd,us:ipeds:167358,Northeastern University,application_economics,0,5,high_or_unverified_cost,"Fee exceeds 100, a broad waiver is unavailable, or the applicable fee is unverified.",stage3src:4414f629cb5ddd580db9|stage3src:75314fc1a0f1db8dc3b8,missing,low,Fee is high or the applicable Fall 2027 amount/waiver remains unverified.,graduate_audit.evidence_scoring:v1,partial_evidence_calculation,2026-09-10T20:10:22.746680+00:00
2.0,scoreev:7a79a5755d399377,us:ipeds:145637:program:phd:computer-science-phd,us:ipeds:145637,University of Illinois Urbana-Champaign,professor_alignment,20,30,one_verified_strong,Exactly one distinct verified strong match.,stage4src:dcfc38fc377b52c4|stage4src:72aacce3a32b188c|stage4src:e51975acb1dfc848,complete,high,,graduate_audit.evidence_scoring:v1,verified_calculation,2026-09-10T20:10:22.746680+00:00
2.0,scoreev:d7cb92b182fa1774,us:ipeds:145637:program:phd:computer-science-phd,us:ipeds:145637,University of Illinois Urbana-Champaign,department_program_depth,5,15,one_distinct,Exactly one distinct verified strong match; single-professor dependency is true.,stage4src:dcfc38fc377b52c4|stage4src:72aacce3a32b188c|stage4src:e51975acb1dfc848,complete,high,Single-professor dependency.,graduate_audit.evidence_scoring:v1,verified_calculation,2026-09-10T20:10:22.746680+00:00
2.0,scoreev:a48414d96146598e,us:ipeds:145637:program:phd:computer-science-phd,us:ipeds:145637,University of Illinois Urbana-Champaign,funding_net_viability,20,25,verified_support_with_cost_gaps,"Direct funding hard gate passes, but fees, health, summer, duration, or net amount retains a material gap.",stage3src:74fa1855e46e041c9c90,partial,medium,"One or more duration, tuition, fee, health, summer, or net-cost terms remain unresolved.",graduate_audit.evidence_scoring:v1,verified_calculation,2026-09-10T20:10:22.746680+00:00
2.0,scoreev:9b74f6c1fdd5b401,us:ipeds:145637:program:phd:computer-science-phd,us:ipeds:145637,University of Illinois Urbana-Champaign,eligibility_credential_alignment,10,15,verified_with_material_question,"The route appears formally available, but GPA interpretation, credential equivalency, prerequisites, or direct-entry treatment needs confirmation.",stage3src:74fa1855e46e041c9c90|stage3src:6945186b613eca4d3beb,partial,medium,How will the committee weigh the stronger recent-two-year record against the 3.35 cumulative GPA and 3.40 recommendation?,graduate_audit.evidence_scoring:v1,verified_calculation,2026-09-10T20:10:22.746680+00:00
2.0,scoreev:eeee36762abf19ea,us:ipeds:145637:program:phd:computer-science-phd,us:ipeds:145637,University of Illinois Urbana-Champaign,degree_admissions_alignment,10,10,verified_compatible_route,Exact research route and degree structure are compatible with the applicant's current degree.,stage3src:74fa1855e46e041c9c90|stage3src:6945186b613eca4d3beb,complete,high,,graduate_audit.evidence_scoring:v1,verified_calculation,2026-09-10T20:10:22.746680+00:00
2.0,scoreev:434ec2ab5a4b5a1f,us:ipeds:145637:program:phd:computer-science-phd,us:ipeds:145637,University of Illinois Urbana-Champaign,application_economics,3,5,moderate_fee_or_possible_waiver,Fee is at most 100 in the stated currency or a plausible but non-guaranteed waiver path exists.,stage3src:74fa1855e46e041c9c90|stage3src:6945186b613eca4d3beb,partial,medium,Applicable waiver or final Fall 2027 cost is not guaranteed.,graduate_audit.evidence_scoring:v1,verified_calculation,2026-09-10T20:10:22.746680+00:00
2.0,scoreev:f07790e19f9572fc,us:ipeds:170976:program:phd:computer-science-and-engineering-phd,us:ipeds:170976,University of Michigan-Ann Arbor,professor_alignment,20,30,one_verified_strong,Exactly one distinct verified strong match.,stage4src:ce3d35f0056f1126|stage4src:8f2ef6b3c6ba50f7|stage4src:e669a8955ffb952e,complete,high,,graduate_audit.evidence_scoring:v1,verified_calculation,2026-09-10T20:10:22.746680+00:00
2.0,scoreev:434641af49b5c979,us:ipeds:170976:program:phd:computer-science-and-engineering-phd,us:ipeds:170976,University of Michigan-Ann Arbor,department_program_depth,5,15,one_distinct,Exactly one distinct verified strong match; single-professor dependency is true.,stage4src:ce3d35f0056f1126|stage4src:8f2ef6b3c6ba50f7|stage4src:e669a8955ffb952e,complete,high,Single-professor dependency.,graduate_audit.evidence_scoring:v1,verified_calculation,2026-09-10T20:10:22.746680+00:00
2.0,scoreev:f7ef37ee85341d38,us:ipeds:170976:program:phd:computer-science-and-engineering-phd,us:ipeds:170976,University of Michigan-Ann Arbor,funding_net_viability,20,25,verified_support_with_cost_gaps,"Direct funding hard gate passes, but fees, health, summer, duration, or net amount retains a material gap.",stage3src:af0aa2d0c49725b3bb4e|stage3src:233184b81880ee9cb929,partial,medium,"One or more duration, tuition, fee, health, summer, or net-cost terms remain unresolved.",graduate_audit.evidence_scoring:v1,verified_calculation,2026-09-10T20:10:22.746680+00:00
2.0,scoreev:389fe7526b0b07d5,us:ipeds:170976:program:phd:computer-science-and-engineering-phd,us:ipeds:170976,University of Michigan-Ann Arbor,eligibility_credential_alignment,10,15,verified_with_material_question,"The route appears formally available, but GPA interpretation, credential equivalency, prerequisites, or direct-entry treatment needs confirmation.",stage3src:af0aa2d0c49725b3bb4e|stage3src:be10a376b4cb2951dc0c,partial,medium,How will the committee weigh the >3.5 recent-two-year record against the 3.35 cumulative GPA?,graduate_audit.evidence_scoring:v1,verified_calculation,2026-09-10T20:10:22.746680+00:00
2.0,scoreev:c2c2bda15af19745,us:ipeds:170976:program:phd:computer-science-and-engineering-phd,us:ipeds:170976,University of Michigan-Ann Arbor,degree_admissions_alignment,10,10,verified_compatible_route,Exact research route and degree structure are compatible with the applicant's current degree.,stage3src:af0aa2d0c49725b3bb4e|stage3src:be10a376b4cb2951dc0c,complete,high,,graduate_audit.evidence_scoring:v1,verified_calculation,2026-09-10T20:10:22.746680+00:00
2.0,scoreev:a1299865b1186d14,us:ipeds:170976:program:phd:computer-science-and-engineering-phd,us:ipeds:170976,University of Michigan-Ann Arbor,application_economics,3,5,moderate_fee_or_possible_waiver,Fee is at most 100 in the stated currency or a plausible but non-guaranteed waiver path exists.,stage3src:af0aa2d0c49725b3bb4e|stage3src:be10a376b4cb2951dc0c,partial,medium,Applicable waiver or final Fall 2027 cost is not guaranteed.,graduate_audit.evidence_scoring:v1,verified_calculation,2026-09-10T20:10:22.746680+00:00
2.0,scoreev:b26c80e8905d3f75,us:ipeds:153603:program:phd:computer-science-phd,us:ipeds:153603,Iowa State University,professor_alignment,20,30,one_verified_strong,Exactly one distinct verified strong match.,stage4src:5231a5638835c6ed|stage4src:0c99a658b731928d|stage4src:9a4f4356ff3d12fb,complete,high,,graduate_audit.evidence_scoring:v1,verified_calculation,2026-09-10T20:10:22.746680+00:00
2.0,scoreev:0a5457173b38e62e,us:ipeds:153603:program:phd:computer-science-phd,us:ipeds:153603,Iowa State University,department_program_depth,5,15,one_distinct,Exactly one distinct verified strong match; single-professor dependency is true.,stage4src:5231a5638835c6ed|stage4src:0c99a658b731928d|stage4src:9a4f4356ff3d12fb,complete,high,Single-professor dependency.,graduate_audit.evidence_scoring:v1,verified_calculation,2026-09-10T20:10:22.746680+00:00
2.0,scoreev:039e3a0d9c4d466e,us:ipeds:153603:program:phd:computer-science-phd,us:ipeds:153603,Iowa State University,funding_net_viability,10,25,documented_but_not_gate_credible,"Official funding evidence exists, but support is selected, typical, conditional without a program-wide commitment, or otherwise insufficient for the hard gate.",stage3src:f7cffd936b08b5e15419|stage3src:c37dcd3965eba464f9b8,partial,low,Official funding evidence exists but does not prove a credible program-wide package or full scholarship.,graduate_audit.evidence_scoring:v1,partial_evidence_calculation,2026-09-10T20:10:22.746680+00:00
2.0,scoreev:58db8d6e36eed1bb,us:ipeds:153603:program:phd:computer-science-phd,us:ipeds:153603,Iowa State University,eligibility_credential_alignment,15,15,verified_alignment,Formal eligibility is verified and no material credential-equivalency question is recorded.,stage3src:f7cffd936b08b5e15419|stage3src:c37dcd3965eba464f9b8,complete,high,,graduate_audit.evidence_scoring:v1,verified_calculation,2026-09-10T20:10:22.746680+00:00
2.0,scoreev:64f05a8cb8a023e7,us:ipeds:153603:program:phd:computer-science-phd,us:ipeds:153603,Iowa State University,degree_admissions_alignment,10,10,verified_compatible_route,Exact research route and degree structure are compatible with the applicant's current degree.,stage3src:f7cffd936b08b5e15419|stage3src:c37dcd3965eba464f9b8,complete,high,,graduate_audit.evidence_scoring:v1,verified_calculation,2026-09-10T20:10:22.746680+00:00
2.0,scoreev:0c2b1cb6221a5d77,us:ipeds:153603:program:phd:computer-science-phd,us:ipeds:153603,Iowa State University,application_economics,5,5,no_fee_or_verified_waiver,No application fee or a clearly applicable waiver is verified.,stage3src:f7cffd936b08b5e15419|stage3src:c37dcd3965eba464f9b8,complete,high,,graduate_audit.evidence_scoring:v1,verified_calculation,2026-09-10T20:10:22.746680+00:00
2.0,scoreev:83396356a5b2d0d8,us:ipeds:152080:program:phd:computer-science-and-engineering-phd,us:ipeds:152080,University of Notre Dame,professor_alignment,20,30,one_verified_strong,Exactly one distinct verified strong match.,stage4src:8520dba90d8df5e8|stage4src:63186ab9ceb0e190|stage4src:c063532a7aa9e86e,complete,high,,graduate_audit.evidence_scoring:v1,verified_calculation,2026-09-10T20:10:22.746680+00:00
2.0,scoreev:07470650e653e35e,us:ipeds:152080:program:phd:computer-science-and-engineering-phd,us:ipeds:152080,University of Notre Dame,department_program_depth,5,15,one_distinct,Exactly one distinct verified strong match; single-professor dependency is true.,stage4src:8520dba90d8df5e8|stage4src:63186ab9ceb0e190|stage4src:c063532a7aa9e86e,complete,high,Single-professor dependency.,graduate_audit.evidence_scoring:v1,verified_calculation,2026-09-10T20:10:22.746680+00:00
2.0,scoreev:0f9213c09efd04d4,us:ipeds:152080:program:phd:computer-science-and-engineering-phd,us:ipeds:152080,University of Notre Dame,funding_net_viability,10,25,documented_but_not_gate_credible,"Official funding evidence exists, but support is selected, typical, conditional without a program-wide commitment, or otherwise insufficient for the hard gate.",stage3src:c055b3a913e5dd58e2da,partial,low,Official funding evidence exists but does not prove a credible program-wide package or full scholarship.,graduate_audit.evidence_scoring:v1,partial_evidence_calculation,2026-09-10T20:10:22.746680+00:00
2.0,scoreev:df020edd6608881e,us:ipeds:152080:program:phd:computer-science-and-engineering-phd,us:ipeds:152080,University of Notre Dame,eligibility_credential_alignment,15,15,verified_alignment,Formal eligibility is verified and no material credential-equivalency question is recorded.,stage3src:c055b3a913e5dd58e2da|stage3src:901918397e9bc0f80c33,complete,high,,graduate_audit.evidence_scoring:v1,verified_calculation,2026-09-10T20:10:22.746680+00:00
2.0,scoreev:5200a7683b5a2fe2,us:ipeds:152080:program:phd:computer-science-and-engineering-phd,us:ipeds:152080,University of Notre Dame,degree_admissions_alignment,10,10,verified_compatible_route,Exact research route and degree structure are compatible with the applicant's current degree.,stage3src:c055b3a913e5dd58e2da|stage3src:901918397e9bc0f80c33,complete,high,,graduate_audit.evidence_scoring:v1,verified_calculation,2026-09-10T20:10:22.746680+00:00
2.0,scoreev:e886cfe6fa1fdd45,us:ipeds:152080:program:phd:computer-science-and-engineering-phd,us:ipeds:152080,University of Notre Dame,application_economics,5,5,no_fee_or_verified_waiver,No application fee or a clearly applicable waiver is verified.,stage3src:c055b3a913e5dd58e2da|stage3src:901918397e9bc0f80c33,complete,high,,graduate_audit.evidence_scoring:v1,verified_calculation,2026-09-10T20:10:22.746680+00:00
2.0,scoreev:a85f266a9ffb0848,us:ipeds:201645:program:phd:computer-science-phd,us:ipeds:201645,Case Western Reserve University,professor_alignment,20,30,one_verified_strong,Exactly one distinct verified strong match.,stage4src:5a2b1cf379c9bb3a|stage4src:4c4b739cc69e4ef7,complete,high,,graduate_audit.evidence_scoring:v1,verified_calculation,2026-09-10T20:10:22.746680+00:00
2.0,scoreev:213b7b4976a60ab0,us:ipeds:201645:program:phd:computer-science-phd,us:ipeds:201645,Case Western Reserve University,department_program_depth,5,15,one_distinct,Exactly one distinct verified strong match; single-professor dependency is true.,stage4src:5a2b1cf379c9bb3a|stage4src:4c4b739cc69e4ef7,complete,high,Single-professor dependency.,graduate_audit.evidence_scoring:v1,verified_calculation,2026-09-10T20:10:22.746680+00:00
2.0,scoreev:70eebc038f263913,us:ipeds:201645:program:phd:computer-science-phd,us:ipeds:201645,Case Western Reserve University,funding_net_viability,10,25,documented_but_not_gate_credible,"Official funding evidence exists, but support is selected, typical, conditional without a program-wide commitment, or otherwise insufficient for the hard gate.",stage3src:35f0624dc4468991bfab,partial,low,Official funding evidence exists but does not prove a credible program-wide package or full scholarship.,graduate_audit.evidence_scoring:v1,partial_evidence_calculation,2026-09-10T20:10:22.746680+00:00
2.0,scoreev:ca8215d9b9250321,us:ipeds:201645:program:phd:computer-science-phd,us:ipeds:201645,Case Western Reserve University,eligibility_credential_alignment,15,15,verified_alignment,Formal eligibility is verified and no material credential-equivalency question is recorded.,stage3src:006b7fb344289ada2dd4|stage3src:f71f87b7fc37f5567680|stage3src:35f0624dc4468991bfab,complete,high,,graduate_audit.evidence_scoring:v1,verified_calculation,2026-09-10T20:10:22.746680+00:00
2.0,scoreev:9e4c7dd13a10a780,us:ipeds:201645:program:phd:computer-science-phd,us:ipeds:201645,Case Western Reserve University,degree_admissions_alignment,10,10,verified_compatible_route,Exact research route and degree structure are compatible with the applicant's current degree.,stage3src:006b7fb344289ada2dd4|stage3src:f71f87b7fc37f5567680|stage3src:35f0624dc4468991bfab,complete,high,,graduate_audit.evidence_scoring:v1,verified_calculation,2026-09-10T20:10:22.746680+00:00
2.0,scoreev:3c82009abc2065bf,us:ipeds:201645:program:phd:computer-science-phd,us:ipeds:201645,Case Western Reserve University,application_economics,3,5,moderate_fee_or_possible_waiver,Fee is at most 100 in the stated currency or a plausible but non-guaranteed waiver path exists.,stage3src:006b7fb344289ada2dd4|stage3src:f71f87b7fc37f5567680|stage3src:35f0624dc4468991bfab,partial,medium,Applicable waiver or final Fall 2027 cost is not guaranteed.,graduate_audit.evidence_scoring:v1,verified_calculation,2026-09-10T20:10:22.746680+00:00
2.0,scoreev:469a0824894102b2,us:ipeds:199193:program:phd:computer-science-phd,us:ipeds:199193,North Carolina State University at Raleigh,professor_alignment,20,30,one_verified_strong,Exactly one distinct verified strong match.,stage4src:c9843fe64afaacd7|stage4src:ef68856b31cbea72,complete,high,,graduate_audit.evidence_scoring:v1,verified_calculation,2026-09-10T20:10:22.746680+00:00
2.0,scoreev:818eee17323f1db7,us:ipeds:199193:program:phd:computer-science-phd,us:ipeds:199193,North Carolina State University at Raleigh,department_program_depth,5,15,one_distinct,Exactly one distinct verified strong match; single-professor dependency is true.,stage4src:c9843fe64afaacd7|stage4src:ef68856b31cbea72,complete,high,Single-professor dependency.,graduate_audit.evidence_scoring:v1,verified_calculation,2026-09-10T20:10:22.746680+00:00
2.0,scoreev:a8d9e006620c45b8,us:ipeds:199193:program:phd:computer-science-phd,us:ipeds:199193,North Carolina State University at Raleigh,funding_net_viability,10,25,documented_but_not_gate_credible,"Official funding evidence exists, but support is selected, typical, conditional without a program-wide commitment, or otherwise insufficient for the hard gate.",stage3src:6d213a25fd9d25b34c32,partial,low,Official funding evidence exists but does not prove a credible program-wide package or full scholarship.,graduate_audit.evidence_scoring:v1,partial_evidence_calculation,2026-09-10T20:10:22.746680+00:00
2.0,scoreev:4fc78f9bece89584,us:ipeds:199193:program:phd:computer-science-phd,us:ipeds:199193,North Carolina State University at Raleigh,eligibility_credential_alignment,15,15,verified_alignment,Formal eligibility is verified and no material credential-equivalency question is recorded.,stage3src:6d213a25fd9d25b34c32|stage3src:2f73d25712d4760da793|stage3src:8e25a0414f9d19e79e9a|stage3src:25a9382dffec06dc7cfe,complete,high,,graduate_audit.evidence_scoring:v1,verified_calculation,2026-09-10T20:10:22.746680+00:00
2.0,scoreev:afeeec795801d3f2,us:ipeds:199193:program:phd:computer-science-phd,us:ipeds:199193,North Carolina State University at Raleigh,degree_admissions_alignment,10,10,verified_compatible_route,Exact research route and degree structure are compatible with the applicant's current degree.,stage3src:6d213a25fd9d25b34c32|stage3src:2f73d25712d4760da793|stage3src:8e25a0414f9d19e79e9a|stage3src:25a9382dffec06dc7cfe,complete,high,,graduate_audit.evidence_scoring:v1,verified_calculation,2026-09-10T20:10:22.746680+00:00
2.0,scoreev:8e655bcc49078b44,us:ipeds:199193:program:phd:computer-science-phd,us:ipeds:199193,North Carolina State University at Raleigh,application_economics,3,5,moderate_fee_or_possible_waiver,Fee is at most 100 in the stated currency or a plausible but non-guaranteed waiver path exists.,stage3src:6d213a25fd9d25b34c32|stage3src:2f73d25712d4760da793|stage3src:8e25a0414f9d19e79e9a|stage3src:25a9382dffec06dc7cfe,partial,medium,Applicable waiver or final Fall 2027 cost is not guaranteed.,graduate_audit.evidence_scoring:v1,verified_calculation,2026-09-10T20:10:22.746680+00:00
2.0,scoreev:956f9934493fedcb,us:ipeds:214777:program:phd:computer-science-and-engineering-phd,us:ipeds:214777,Pennsylvania State University-Main Campus,professor_alignment,20,30,one_verified_strong,Exactly one distinct verified strong match.,stage4src:a01f5ea6e3f9ab1b|stage4src:e505dbbfe2bdebf9,complete,high,,graduate_audit.evidence_scoring:v1,verified_calculation,2026-09-10T20:10:22.746680+00:00
2.0,scoreev:636c72d87c868961,us:ipeds:214777:program:phd:computer-science-and-engineering-phd,us:ipeds:214777,Pennsylvania State University-Main Campus,department_program_depth,5,15,one_distinct,Exactly one distinct verified strong match; single-professor dependency is true.,stage4src:a01f5ea6e3f9ab1b|stage4src:e505dbbfe2bdebf9,complete,high,Single-professor dependency.,graduate_audit.evidence_scoring:v1,verified_calculation,2026-09-10T20:10:22.746680+00:00
2.0,scoreev:e4433c49a0b44bbf,us:ipeds:214777:program:phd:computer-science-and-engineering-phd,us:ipeds:214777,Pennsylvania State University-Main Campus,funding_net_viability,10,25,documented_but_not_gate_credible,"Official funding evidence exists, but support is selected, typical, conditional without a program-wide commitment, or otherwise insufficient for the hard gate.",stage3src:ded00d2189dcef583baa,partial,low,Official funding evidence exists but does not prove a credible program-wide package or full scholarship.,graduate_audit.evidence_scoring:v1,partial_evidence_calculation,2026-09-10T20:10:22.746680+00:00
2.0,scoreev:a0e92da09b5fd502,us:ipeds:214777:program:phd:computer-science-and-engineering-phd,us:ipeds:214777,Pennsylvania State University-Main Campus,eligibility_credential_alignment,15,15,verified_alignment,Formal eligibility is verified and no material credential-equivalency question is recorded.,stage3src:df213e2a2ac721706a78|stage3src:f40059d3d427d39bec88|stage3src:031c2aacfef869b05dfa,complete,high,,graduate_audit.evidence_scoring:v1,verified_calculation,2026-09-10T20:10:22.746680+00:00
2.0,scoreev:569f0effa8b48d58,us:ipeds:214777:program:phd:computer-science-and-engineering-phd,us:ipeds:214777,Pennsylvania State University-Main Campus,degree_admissions_alignment,10,10,verified_compatible_route,Exact research route and degree structure are compatible with the applicant's current degree.,stage3src:df213e2a2ac721706a78|stage3src:f40059d3d427d39bec88|stage3src:031c2aacfef869b05dfa,complete,high,,graduate_audit.evidence_scoring:v1,verified_calculation,2026-09-10T20:10:22.746680+00:00
2.0,scoreev:1b205e6d9b6f57ce,us:ipeds:214777:program:phd:computer-science-and-engineering-phd,us:ipeds:214777,Pennsylvania State University-Main Campus,application_economics,3,5,moderate_fee_or_possible_waiver,Fee is at most 100 in the stated currency or a plausible but non-guaranteed waiver path exists.,stage3src:031c2aacfef869b05dfa|stage3src:f40059d3d427d39bec88|stage3src:df213e2a2ac721706a78,partial,medium,Applicable waiver or final Fall 2027 cost is not guaranteed.,graduate_audit.evidence_scoring:v1,verified_calculation,2026-09-10T20:10:22.746680+00:00
2.0,scoreev:789c075ebecd7791,us:ipeds:243780:program:phd:computer-science-phd,us:ipeds:243780,Purdue University-Main Campus,professor_alignment,20,30,one_verified_strong,Exactly one distinct verified strong match.,stage4src:c3c40e584ba21793|stage4src:4b0c5e634d73cc64|stage4src:b894bdd2c02ba197,complete,high,,graduate_audit.evidence_scoring:v1,verified_calculation,2026-09-10T20:10:22.746680+00:00
2.0,scoreev:f8aa58a2aae7e0fa,us:ipeds:243780:program:phd:computer-science-phd,us:ipeds:243780,Purdue University-Main Campus,department_program_depth,5,15,one_distinct,Exactly one distinct verified strong match; single-professor dependency is true.,stage4src:c3c40e584ba21793|stage4src:4b0c5e634d73cc64|stage4src:b894bdd2c02ba197,complete,high,Single-professor dependency.,graduate_audit.evidence_scoring:v1,verified_calculation,2026-09-10T20:10:22.746680+00:00
2.0,scoreev:b057a3ecfbb6737e,us:ipeds:243780:program:phd:computer-science-phd,us:ipeds:243780,Purdue University-Main Campus,funding_net_viability,10,25,documented_but_not_gate_credible,"Official funding evidence exists, but support is selected, typical, conditional without a program-wide commitment, or otherwise insufficient for the hard gate.",stage3src:c39b9376959381a58f5f,partial,low,Official funding evidence exists but does not prove a credible program-wide package or full scholarship.,graduate_audit.evidence_scoring:v1,partial_evidence_calculation,2026-09-10T20:10:22.746680+00:00
2.0,scoreev:46696b1a213650ad,us:ipeds:243780:program:phd:computer-science-phd,us:ipeds:243780,Purdue University-Main Campus,eligibility_credential_alignment,15,15,verified_alignment,Formal eligibility is verified and no material credential-equivalency question is recorded.,stage3src:c39b9376959381a58f5f|stage3src:5124e1675d8d0f121014,complete,high,,graduate_audit.evidence_scoring:v1,verified_calculation,2026-09-10T20:10:22.746680+00:00
2.0,scoreev:560c434aabe7fbce,us:ipeds:243780:program:phd:computer-science-phd,us:ipeds:243780,Purdue University-Main Campus,degree_admissions_alignment,10,10,verified_compatible_route,Exact research route and degree structure are compatible with the applicant's current degree.,stage3src:c39b9376959381a58f5f|stage3src:5124e1675d8d0f121014,complete,high,,graduate_audit.evidence_scoring:v1,verified_calculation,2026-09-10T20:10:22.746680+00:00
2.0,scoreev:a3a556897e4b726a,us:ipeds:243780:program:phd:computer-science-phd,us:ipeds:243780,Purdue University-Main Campus,application_economics,3,5,moderate_fee_or_possible_waiver,Fee is at most 100 in the stated currency or a plausible but non-guaranteed waiver path exists.,stage3src:c39b9376959381a58f5f|stage3src:5124e1675d8d0f121014,partial,medium,Applicable waiver or final Fall 2027 cost is not guaranteed.,graduate_audit.evidence_scoring:v1,verified_calculation,2026-09-10T20:10:22.746680+00:00
2.0,scoreev:5bd4b3f6775c42a3,us:ipeds:228778:program:phd:computer-science-phd,us:ipeds:228778,The University of Texas at Austin,professor_alignment,20,30,one_verified_strong,Exactly one distinct verified strong match.,stage4src:43352ad5ee6ec372|stage4src:83ccfcae49706a79|stage4src:d5ec4455ec889ee5,complete,high,,graduate_audit.evidence_scoring:v1,verified_calculation,2026-09-10T20:10:22.746680+00:00
2.0,scoreev:848abc568a99a39a,us:ipeds:228778:program:phd:computer-science-phd,us:ipeds:228778,The University of Texas at Austin,department_program_depth,5,15,one_distinct,Exactly one distinct verified strong match; single-professor dependency is true.,stage4src:43352ad5ee6ec372|stage4src:83ccfcae49706a79|stage4src:d5ec4455ec889ee5,complete,high,Single-professor dependency.,graduate_audit.evidence_scoring:v1,verified_calculation,2026-09-10T20:10:22.746680+00:00
2.0,scoreev:b8c5e1d7f9a3761e,us:ipeds:228778:program:phd:computer-science-phd,us:ipeds:228778,The University of Texas at Austin,funding_net_viability,10,25,documented_but_not_gate_credible,"Official funding evidence exists, but support is selected, typical, conditional without a program-wide commitment, or otherwise insufficient for the hard gate.",stage3src:0b609d97bc8b44a399e9,partial,low,Official funding evidence exists but does not prove a credible program-wide package or full scholarship.,graduate_audit.evidence_scoring:v1,partial_evidence_calculation,2026-09-10T20:10:22.746680+00:00
2.0,scoreev:f292514ba19f8205,us:ipeds:228778:program:phd:computer-science-phd,us:ipeds:228778,The University of Texas at Austin,eligibility_credential_alignment,15,15,verified_alignment,Formal eligibility is verified and no material credential-equivalency question is recorded.,stage3src:e3b98ce2449fb88f3dc8|stage3src:0b609d97bc8b44a399e9|stage3src:495e530d1a1197fdb1d6,complete,high,,graduate_audit.evidence_scoring:v1,verified_calculation,2026-09-10T20:10:22.746680+00:00
2.0,scoreev:a0e9bba328fb41c3,us:ipeds:228778:program:phd:computer-science-phd,us:ipeds:228778,The University of Texas at Austin,degree_admissions_alignment,10,10,verified_compatible_route,Exact research route and degree structure are compatible with the applicant's current degree.,stage3src:e3b98ce2449fb88f3dc8|stage3src:0b609d97bc8b44a399e9|stage3src:495e530d1a1197fdb1d6,complete,high,,graduate_audit.evidence_scoring:v1,verified_calculation,2026-09-10T20:10:22.746680+00:00
2.0,scoreev:5cd566ca5ad3d312,us:ipeds:228778:program:phd:computer-science-phd,us:ipeds:228778,The University of Texas at Austin,application_economics,3,5,moderate_fee_or_possible_waiver,Fee is at most 100 in the stated currency or a plausible but non-guaranteed waiver path exists.,stage3src:e3b98ce2449fb88f3dc8|stage3src:495e530d1a1197fdb1d6|stage3src:0b609d97bc8b44a399e9,partial,medium,Applicable waiver or final Fall 2027 cost is not guaranteed.,graduate_audit.evidence_scoring:v1,verified_calculation,2026-09-10T20:10:22.746680+00:00
2.0,scoreev:05c61a0c4a31b003,us:ipeds:163286:program:phd:computer-science-phd,us:ipeds:163286,University of Maryland-College Park,professor_alignment,20,30,one_verified_strong,Exactly one distinct verified strong match.,stage4src:8554c3eb00a93f3c|stage4src:645965580c6d5902,complete,high,,graduate_audit.evidence_scoring:v1,verified_calculation,2026-09-10T20:10:22.746680+00:00
2.0,scoreev:8414070c409c6d67,us:ipeds:163286:program:phd:computer-science-phd,us:ipeds:163286,University of Maryland-College Park,department_program_depth,5,15,one_distinct,Exactly one distinct verified strong match; single-professor dependency is true.,stage4src:8554c3eb00a93f3c|stage4src:645965580c6d5902,complete,high,Single-professor dependency.,graduate_audit.evidence_scoring:v1,verified_calculation,2026-09-10T20:10:22.746680+00:00
2.0,scoreev:97202368df984efc,us:ipeds:163286:program:phd:computer-science-phd,us:ipeds:163286,University of Maryland-College Park,funding_net_viability,10,25,documented_but_not_gate_credible,"Official funding evidence exists, but support is selected, typical, conditional without a program-wide commitment, or otherwise insufficient for the hard gate.",stage3src:20859fc18cfd8051e73a|stage3src:fa7bf8d07d7c45a6ff45,partial,low,Official funding evidence exists but does not prove a credible program-wide package or full scholarship.,graduate_audit.evidence_scoring:v1,partial_evidence_calculation,2026-09-10T20:10:22.746680+00:00
2.0,scoreev:0df8fd5f308c6ba3,us:ipeds:163286:program:phd:computer-science-phd,us:ipeds:163286,University of Maryland-College Park,eligibility_credential_alignment,15,15,verified_alignment,Formal eligibility is verified and no material credential-equivalency question is recorded.,stage3src:fa7bf8d07d7c45a6ff45|stage3src:4dbf0504d6a460c7056d|stage3src:20859fc18cfd8051e73a,complete,high,,graduate_audit.evidence_scoring:v1,verified_calculation,2026-09-10T20:10:22.746680+00:00
2.0,scoreev:b9268126a7d2c970,us:ipeds:163286:program:phd:computer-science-phd,us:ipeds:163286,University of Maryland-College Park,degree_admissions_alignment,10,10,verified_compatible_route,Exact research route and degree structure are compatible with the applicant's current degree.,stage3src:fa7bf8d07d7c45a6ff45|stage3src:4dbf0504d6a460c7056d|stage3src:20859fc18cfd8051e73a,complete,high,,graduate_audit.evidence_scoring:v1,verified_calculation,2026-09-10T20:10:22.746680+00:00
2.0,scoreev:da8880d11beace56,us:ipeds:163286:program:phd:computer-science-phd,us:ipeds:163286,University of Maryland-College Park,application_economics,3,5,moderate_fee_or_possible_waiver,Fee is at most 100 in the stated currency or a plausible but non-guaranteed waiver path exists.,stage3src:4dbf0504d6a460c7056d|stage3src:20859fc18cfd8051e73a|stage3src:fa7bf8d07d7c45a6ff45,partial,medium,Applicable waiver or final Fall 2027 cost is not guaranteed.,graduate_audit.evidence_scoring:v1,verified_calculation,2026-09-10T20:10:22.746680+00:00
2.0,scoreev:cd6d1bc68b9dd773,us:ipeds:231624:program:phd:computer-science-phd,us:ipeds:231624,William & Mary,professor_alignment,20,30,one_verified_strong,Exactly one distinct verified strong match.,stage4src:1cb32342a089acfa|stage4src:598e37c4d74f755d|stage4src:8e473d5cba1c0166,complete,high,,graduate_audit.evidence_scoring:v1,verified_calculation,2026-09-10T20:10:22.746680+00:00
2.0,scoreev:102a27439c96dac8,us:ipeds:231624:program:phd:computer-science-phd,us:ipeds:231624,William & Mary,department_program_depth,5,15,one_distinct,Exactly one distinct verified strong match; single-professor dependency is true.,stage4src:1cb32342a089acfa|stage4src:598e37c4d74f755d|stage4src:8e473d5cba1c0166,complete,high,Single-professor dependency.,graduate_audit.evidence_scoring:v1,verified_calculation,2026-09-10T20:10:22.746680+00:00
2.0,scoreev:8f11fb575bb5d116,us:ipeds:231624:program:phd:computer-science-phd,us:ipeds:231624,William & Mary,funding_net_viability,10,25,documented_but_not_gate_credible,"Official funding evidence exists, but support is selected, typical, conditional without a program-wide commitment, or otherwise insufficient for the hard gate.",stage3src:addf1f6e1de10137b7ed,partial,low,Official funding evidence exists but does not prove a credible program-wide package or full scholarship.,graduate_audit.evidence_scoring:v1,partial_evidence_calculation,2026-09-10T20:10:22.746680+00:00
2.0,scoreev:f2043e39b9d5299f,us:ipeds:231624:program:phd:computer-science-phd,us:ipeds:231624,William & Mary,eligibility_credential_alignment,15,15,verified_alignment,Formal eligibility is verified and no material credential-equivalency question is recorded.,stage3src:addf1f6e1de10137b7ed|stage3src:44883fbf9c48f1ce391d,complete,high,,graduate_audit.evidence_scoring:v1,verified_calculation,2026-09-10T20:10:22.746680+00:00
2.0,scoreev:3e4e5c61d7c0afe4,us:ipeds:231624:program:phd:computer-science-phd,us:ipeds:231624,William & Mary,degree_admissions_alignment,10,10,verified_compatible_route,Exact research route and degree structure are compatible with the applicant's current degree.,stage3src:addf1f6e1de10137b7ed|stage3src:44883fbf9c48f1ce391d,complete,high,,graduate_audit.evidence_scoring:v1,verified_calculation,2026-09-10T20:10:22.746680+00:00
2.0,scoreev:70196edf232ff565,us:ipeds:231624:program:phd:computer-science-phd,us:ipeds:231624,William & Mary,application_economics,3,5,moderate_fee_or_possible_waiver,Fee is at most 100 in the stated currency or a plausible but non-guaranteed waiver path exists.,stage3src:addf1f6e1de10137b7ed|stage3src:44883fbf9c48f1ce391d,partial,medium,Applicable waiver or final Fall 2027 cost is not guaranteed.,graduate_audit.evidence_scoring:v1,verified_calculation,2026-09-10T20:10:22.746680+00:00
2.0,scoreev:121f0f99d44d2a4c,us:ipeds:110644:program:phd:computer-science-phd,us:ipeds:110644,University of California-Davis,professor_alignment,20,30,one_verified_strong,Exactly one distinct verified strong match.,stage4src:e77d2ca75ae41a56|stage4src:1a056ad51f3d6414|stage4src:89aec6d972e55cea,complete,high,,graduate_audit.evidence_scoring:v1,verified_calculation,2026-09-10T20:10:22.746680+00:00
2.0,scoreev:de4f8453296d6d8f,us:ipeds:110644:program:phd:computer-science-phd,us:ipeds:110644,University of California-Davis,department_program_depth,5,15,one_distinct,Exactly one distinct verified strong match; single-professor dependency is true.,stage4src:e77d2ca75ae41a56|stage4src:1a056ad51f3d6414|stage4src:89aec6d972e55cea,complete,high,Single-professor dependency.,graduate_audit.evidence_scoring:v1,verified_calculation,2026-09-10T20:10:22.746680+00:00
2.0,scoreev:df33dae5471c2317,us:ipeds:110644:program:phd:computer-science-phd,us:ipeds:110644,University of California-Davis,funding_net_viability,10,25,documented_but_not_gate_credible,"Official funding evidence exists, but support is selected, typical, conditional without a program-wide commitment, or otherwise insufficient for the hard gate.",stage3src:e1d5d4f127100e38a26a,partial,low,Official funding evidence exists but does not prove a credible program-wide package or full scholarship.,graduate_audit.evidence_scoring:v1,partial_evidence_calculation,2026-09-10T20:10:22.746680+00:00
2.0,scoreev:db13046d6829b50b,us:ipeds:110644:program:phd:computer-science-phd,us:ipeds:110644,University of California-Davis,eligibility_credential_alignment,15,15,verified_alignment,Formal eligibility is verified and no material credential-equivalency question is recorded.,stage3src:e156496e6bcd706379ba|stage3src:2f32a8dd9cc08e1eb1fc|stage3src:b666ba1c248356d7371b,complete,high,,graduate_audit.evidence_scoring:v1,verified_calculation,2026-09-10T20:10:22.746680+00:00
2.0,scoreev:b6942e6778ed0751,us:ipeds:110644:program:phd:computer-science-phd,us:ipeds:110644,University of California-Davis,degree_admissions_alignment,10,10,verified_compatible_route,Exact research route and degree structure are compatible with the applicant's current degree.,stage3src:e156496e6bcd706379ba|stage3src:2f32a8dd9cc08e1eb1fc|stage3src:b666ba1c248356d7371b,complete,high,,graduate_audit.evidence_scoring:v1,verified_calculation,2026-09-10T20:10:22.746680+00:00
2.0,scoreev:c1b98f6337f31909,us:ipeds:110644:program:phd:computer-science-phd,us:ipeds:110644,University of California-Davis,application_economics,0,5,high_or_unverified_cost,"Fee exceeds 100, a broad waiver is unavailable, or the applicable fee is unverified.",stage3src:e156496e6bcd706379ba|stage3src:2f32a8dd9cc08e1eb1fc|stage3src:b666ba1c248356d7371b,partial,low,Fee is high or the applicable Fall 2027 amount/waiver remains unverified.,graduate_audit.evidence_scoring:v1,partial_evidence_calculation,2026-09-10T20:10:22.746680+00:00
2.0,scoreev:566ac432ef8f6321,us:ipeds:221999:program:phd:computer-science-phd,us:ipeds:221999,Vanderbilt University,professor_alignment,20,30,one_verified_strong,Exactly one distinct verified strong match.,stage4src:113fde4c20358159|stage4src:9b976afa3deca6cf|stage4src:339570cce92b8554,complete,high,,graduate_audit.evidence_scoring:v1,verified_calculation,2026-09-10T20:10:22.746680+00:00
2.0,scoreev:af7237e1839151da,us:ipeds:221999:program:phd:computer-science-phd,us:ipeds:221999,Vanderbilt University,department_program_depth,5,15,one_distinct,Exactly one distinct verified strong match; single-professor dependency is true.,stage4src:113fde4c20358159|stage4src:9b976afa3deca6cf|stage4src:339570cce92b8554,complete,high,Single-professor dependency.,graduate_audit.evidence_scoring:v1,verified_calculation,2026-09-10T20:10:22.746680+00:00
2.0,scoreev:c38b515351ee4135,us:ipeds:221999:program:phd:computer-science-phd,us:ipeds:221999,Vanderbilt University,funding_net_viability,10,25,documented_but_not_gate_credible,"Official funding evidence exists, but support is selected, typical, conditional without a program-wide commitment, or otherwise insufficient for the hard gate.",stage3src:976ea03140a453feda76,partial,low,Official funding evidence exists but does not prove a credible program-wide package or full scholarship.,graduate_audit.evidence_scoring:v1,partial_evidence_calculation,2026-09-10T20:10:22.746680+00:00
2.0,scoreev:fc775315eb764ebc,us:ipeds:221999:program:phd:computer-science-phd,us:ipeds:221999,Vanderbilt University,eligibility_credential_alignment,10,15,verified_with_material_question,"The route appears formally available, but GPA interpretation, credential equivalency, prerequisites, or direct-entry treatment needs confirmation.",stage3src:976ea03140a453feda76|stage3src:8ac6607154cc1dc4c0ba,partial,medium,Confirm duration and summer-support language in the Fall 2027 offer,graduate_audit.evidence_scoring:v1,verified_calculation,2026-09-10T20:10:22.746680+00:00
2.0,scoreev:40c2c3ecf5152f5c,us:ipeds:221999:program:phd:computer-science-phd,us:ipeds:221999,Vanderbilt University,degree_admissions_alignment,10,10,verified_compatible_route,Exact research route and degree structure are compatible with the applicant's current degree.,stage3src:976ea03140a453feda76|stage3src:8ac6607154cc1dc4c0ba,complete,high,,graduate_audit.evidence_scoring:v1,verified_calculation,2026-09-10T20:10:22.746680+00:00
2.0,scoreev:67e14f73f9c3e320,us:ipeds:221999:program:phd:computer-science-phd,us:ipeds:221999,Vanderbilt University,application_economics,5,5,no_fee_or_verified_waiver,No application fee or a clearly applicable waiver is verified.,stage3src:976ea03140a453feda76|stage3src:8ac6607154cc1dc4c0ba,complete,high,,graduate_audit.evidence_scoring:v1,verified_calculation,2026-09-10T20:10:22.746680+00:00
2.0,scoreev:b476de2b0a852acf,us:ipeds:195003:program:phd:computing-and-information-sciences-phd,us:ipeds:195003,Rochester Institute of Technology,professor_alignment,20,30,one_verified_strong,Exactly one distinct verified strong match.,stage4src:49a7498b1e04b398|stage4src:1c57679ce7579dd4|stage4src:5443603757a71286,complete,high,,graduate_audit.evidence_scoring:v1,verified_calculation,2026-09-10T20:10:22.746680+00:00
2.0,scoreev:b28002cff8d1285e,us:ipeds:195003:program:phd:computing-and-information-sciences-phd,us:ipeds:195003,Rochester Institute of Technology,department_program_depth,5,15,one_distinct,Exactly one distinct verified strong match; single-professor dependency is true.,stage4src:49a7498b1e04b398|stage4src:1c57679ce7579dd4|stage4src:5443603757a71286,complete,high,Single-professor dependency.,graduate_audit.evidence_scoring:v1,verified_calculation,2026-09-10T20:10:22.746680+00:00
2.0,scoreev:0a4e55098b740a22,us:ipeds:195003:program:phd:computing-and-information-sciences-phd,us:ipeds:195003,Rochester Institute of Technology,funding_net_viability,10,25,documented_but_not_gate_credible,"Official funding evidence exists, but support is selected, typical, conditional without a program-wide commitment, or otherwise insufficient for the hard gate.",stage3src:2cae7e37d9f81e7d2844,partial,low,Official funding evidence exists but does not prove a credible program-wide package or full scholarship.,graduate_audit.evidence_scoring:v1,partial_evidence_calculation,2026-09-10T20:10:22.746680+00:00
2.0,scoreev:d12b81f5dd543711,us:ipeds:195003:program:phd:computing-and-information-sciences-phd,us:ipeds:195003,Rochester Institute of Technology,eligibility_credential_alignment,10,15,verified_with_material_question,"The route appears formally available, but GPA interpretation, credential equivalency, prerequisites, or direct-entry treatment needs confirmation.",stage3src:2cae7e37d9f81e7d2844|stage3src:4d4a604c23bfb6698f56|stage3src:ddd76fa27df0038dffd4,partial,medium,"Confirm guaranteed package duration, health, summer, and whether the advertised openings are for Fall 2027",graduate_audit.evidence_scoring:v1,verified_calculation,2026-09-10T20:10:22.746680+00:00
2.0,scoreev:292073df3f3b871c,us:ipeds:195003:program:phd:computing-and-information-sciences-phd,us:ipeds:195003,Rochester Institute of Technology,degree_admissions_alignment,10,10,verified_compatible_route,Exact research route and degree structure are compatible with the applicant's current degree.,stage3src:2cae7e37d9f81e7d2844|stage3src:4d4a604c23bfb6698f56|stage3src:ddd76fa27df0038dffd4,complete,high,,graduate_audit.evidence_scoring:v1,verified_calculation,2026-09-10T20:10:22.746680+00:00
2.0,scoreev:e2d129ac117e990d,us:ipeds:195003:program:phd:computing-and-information-sciences-phd,us:ipeds:195003,Rochester Institute of Technology,application_economics,3,5,moderate_fee_or_possible_waiver,Fee is at most 100 in the stated currency or a plausible but non-guaranteed waiver path exists.,stage3src:2cae7e37d9f81e7d2844|stage3src:ddd76fa27df0038dffd4|stage3src:4d4a604c23bfb6698f56,partial,medium,Applicable waiver or final Fall 2027 cost is not guaranteed.,graduate_audit.evidence_scoring:v1,verified_calculation,2026-09-10T20:10:22.746680+00:00
2.0,scoreev:049c3a874d9ed316,us:ipeds:228787:program:phd:computer-science-phd,us:ipeds:228787,The University of Texas at Dallas,professor_alignment,20,30,one_verified_strong,Exactly one distinct verified strong match.,stage4src:db34f486ef935682|stage4src:9af686d016e936ae|stage4src:f12d30b7fad8c80f,complete,high,,graduate_audit.evidence_scoring:v1,verified_calculation,2026-09-10T20:10:22.746680+00:00
2.0,scoreev:2477f9a9c55e9abf,us:ipeds:228787:program:phd:computer-science-phd,us:ipeds:228787,The University of Texas at Dallas,department_program_depth,5,15,one_distinct,Exactly one distinct verified strong match; single-professor dependency is true.,stage4src:db34f486ef935682|stage4src:9af686d016e936ae|stage4src:f12d30b7fad8c80f,complete,high,Single-professor dependency.,graduate_audit.evidence_scoring:v1,verified_calculation,2026-09-10T20:10:22.746680+00:00
2.0,scoreev:040a2182120e728d,us:ipeds:228787:program:phd:computer-science-phd,us:ipeds:228787,The University of Texas at Dallas,funding_net_viability,10,25,documented_but_not_gate_credible,"Official funding evidence exists, but support is selected, typical, conditional without a program-wide commitment, or otherwise insufficient for the hard gate.",stage3src:4848834492bcee8419fd,partial,low,Official funding evidence exists but does not prove a credible program-wide package or full scholarship.,graduate_audit.evidence_scoring:v1,partial_evidence_calculation,2026-09-10T20:10:22.746680+00:00
2.0,scoreev:0911f795b58f6123,us:ipeds:228787:program:phd:computer-science-phd,us:ipeds:228787,The University of Texas at Dallas,eligibility_credential_alignment,10,15,verified_with_material_question,"The route appears formally available, but GPA interpretation, credential equivalency, prerequisites, or direct-entry treatment needs confirmation.",stage3src:59a9b8a2bb07e88f3ec5|stage3src:3b78d034f9280629ea81|stage3src:3ab42889ed2ca69451b4|stage3src:4848834492bcee8419fd,partial,medium,Obtain an official last-60-hour GPA calculation and written funding terms,graduate_audit.evidence_scoring:v1,verified_calculation,2026-09-10T20:10:22.746680+00:00
2.0,scoreev:0e24168635d89771,us:ipeds:228787:program:phd:computer-science-phd,us:ipeds:228787,The University of Texas at Dallas,degree_admissions_alignment,10,10,verified_compatible_route,Exact research route and degree structure are compatible with the applicant's current degree.,stage3src:59a9b8a2bb07e88f3ec5|stage3src:3b78d034f9280629ea81|stage3src:3ab42889ed2ca69451b4|stage3src:4848834492bcee8419fd,complete,high,,graduate_audit.evidence_scoring:v1,verified_calculation,2026-09-10T20:10:22.746680+00:00
2.0,scoreev:d72a837889852a30,us:ipeds:228787:program:phd:computer-science-phd,us:ipeds:228787,The University of Texas at Dallas,application_economics,3,5,moderate_fee_or_possible_waiver,Fee is at most 100 in the stated currency or a plausible but non-guaranteed waiver path exists.,stage3src:59a9b8a2bb07e88f3ec5|stage3src:3b78d034f9280629ea81|stage3src:3ab42889ed2ca69451b4|stage3src:4848834492bcee8419fd,partial,medium,Applicable waiver or final Fall 2027 cost is not guaranteed.,graduate_audit.evidence_scoring:v1,verified_calculation,2026-09-10T20:10:22.746680+00:00
2.0,scoreev:029cddfbf61496c8,us:ipeds:110653:program:phd:software-engineering-phd,us:ipeds:110653,University of California-Irvine,professor_alignment,20,30,one_verified_strong,Exactly one distinct verified strong match.,stage4src:137f0841346e0ffe|stage4src:4f8e3651f95a2a70|stage4src:29863d9ccadf635d,complete,high,,graduate_audit.evidence_scoring:v1,verified_calculation,2026-09-10T20:10:22.746680+00:00
2.0,scoreev:9cd7cc10af06e2d3,us:ipeds:110653:program:phd:software-engineering-phd,us:ipeds:110653,University of California-Irvine,department_program_depth,5,15,one_distinct,Exactly one distinct verified strong match; single-professor dependency is true.,stage4src:137f0841346e0ffe|stage4src:4f8e3651f95a2a70|stage4src:29863d9ccadf635d,complete,high,Single-professor dependency.,graduate_audit.evidence_scoring:v1,verified_calculation,2026-09-10T20:10:22.746680+00:00
2.0,scoreev:f1ac5aef1207fbe5,us:ipeds:110653:program:phd:software-engineering-phd,us:ipeds:110653,University of California-Irvine,funding_net_viability,10,25,documented_but_not_gate_credible,"Official funding evidence exists, but support is selected, typical, conditional without a program-wide commitment, or otherwise insufficient for the hard gate.",stage3src:dee4a2daec740af80f8a,partial,low,Official funding evidence exists but does not prove a credible program-wide package or full scholarship.,graduate_audit.evidence_scoring:v1,partial_evidence_calculation,2026-09-10T20:10:22.746680+00:00
2.0,scoreev:2978974f0538c593,us:ipeds:110653:program:phd:software-engineering-phd,us:ipeds:110653,University of California-Irvine,eligibility_credential_alignment,10,15,verified_with_material_question,"The route appears formally available, but GPA interpretation, credential equivalency, prerequisites, or direct-entry treatment needs confirmation.",stage3src:f2e8dcb06b3473ac1b5f|stage3src:dee4a2daec740af80f8a|stage3src:f06a20d6cbf9aebc4ce2|stage3src:1d899164590fccc0d1b6,partial,medium,"Will the admission offer guarantee multi-year tuition, stipend, health, and summer support?",graduate_audit.evidence_scoring:v1,verified_calculation,2026-09-10T20:10:22.746680+00:00
2.0,scoreev:d87dfc8cb987bded,us:ipeds:110653:program:phd:software-engineering-phd,us:ipeds:110653,University of California-Irvine,degree_admissions_alignment,10,10,verified_compatible_route,Exact research route and degree structure are compatible with the applicant's current degree.,stage3src:f2e8dcb06b3473ac1b5f|stage3src:dee4a2daec740af80f8a|stage3src:f06a20d6cbf9aebc4ce2|stage3src:1d899164590fccc0d1b6,complete,high,,graduate_audit.evidence_scoring:v1,verified_calculation,2026-09-10T20:10:22.746680+00:00
2.0,scoreev:03542fc8b6237a8a,us:ipeds:110653:program:phd:software-engineering-phd,us:ipeds:110653,University of California-Irvine,application_economics,0,5,high_or_unverified_cost,"Fee exceeds 100, a broad waiver is unavailable, or the applicable fee is unverified.",stage3src:f2e8dcb06b3473ac1b5f|stage3src:dee4a2daec740af80f8a|stage3src:f06a20d6cbf9aebc4ce2|stage3src:1d899164590fccc0d1b6,partial,low,Fee is high or the applicable Fall 2027 amount/waiver remains unverified.,graduate_audit.evidence_scoring:v1,partial_evidence_calculation,2026-09-10T20:10:22.746680+00:00
2.0,scoreev:0aa11ff430e565d0,us:ipeds:232186:program:phd:computer-science-phd,us:ipeds:232186,George Mason University,professor_alignment,20,30,one_verified_strong,Exactly one distinct verified strong match.,stage4src:9d50609de3823055|stage4src:a168f73727e60bf3|stage4src:851d62536b13563c,complete,high,,graduate_audit.evidence_scoring:v1,verified_calculation,2026-09-10T20:10:22.746680+00:00
2.0,scoreev:7b41297944905d9f,us:ipeds:232186:program:phd:computer-science-phd,us:ipeds:232186,George Mason University,department_program_depth,5,15,one_distinct,Exactly one distinct verified strong match; single-professor dependency is true.,stage4src:9d50609de3823055|stage4src:a168f73727e60bf3|stage4src:851d62536b13563c,complete,high,Single-professor dependency.,graduate_audit.evidence_scoring:v1,verified_calculation,2026-09-10T20:10:22.746680+00:00
2.0,scoreev:6f54bf56fdfa7e80,us:ipeds:232186:program:phd:computer-science-phd,us:ipeds:232186,George Mason University,funding_net_viability,0,25,no_verified_material_support,No verified official material funding evidence is available.,,missing,low,No verified official material funding source is recorded.,graduate_audit.evidence_scoring:v1,partial_evidence_calculation,2026-09-10T20:10:22.746680+00:00
2.0,scoreev:c0f8cbc317cd51e8,us:ipeds:232186:program:phd:computer-science-phd,us:ipeds:232186,George Mason University,eligibility_credential_alignment,15,15,verified_alignment,Formal eligibility is verified and no material credential-equivalency question is recorded.,stage3src:d2fa44618fd736bc4d5e|stage3src:f2e9b8be9973b41a6d2d|stage3src:96ba6a4dc7f4725c65bd,complete,high,,graduate_audit.evidence_scoring:v1,verified_calculation,2026-09-10T20:10:22.746680+00:00
2.0,scoreev:921605f97f1f8571,us:ipeds:232186:program:phd:computer-science-phd,us:ipeds:232186,George Mason University,degree_admissions_alignment,10,10,verified_compatible_route,Exact research route and degree structure are compatible with the applicant's current degree.,stage3src:d2fa44618fd736bc4d5e|stage3src:f2e9b8be9973b41a6d2d|stage3src:96ba6a4dc7f4725c65bd,complete,high,,graduate_audit.evidence_scoring:v1,verified_calculation,2026-09-10T20:10:22.746680+00:00
2.0,scoreev:0a99fd0c2fdcbdfd,us:ipeds:232186:program:phd:computer-science-phd,us:ipeds:232186,George Mason University,application_economics,3,5,moderate_fee_or_possible_waiver,Fee is at most 100 in the stated currency or a plausible but non-guaranteed waiver path exists.,stage3src:f2e9b8be9973b41a6d2d|stage3src:96ba6a4dc7f4725c65bd|stage3src:d2fa44618fd736bc4d5e,partial,medium,Applicable waiver or final Fall 2027 cost is not guaranteed.,graduate_audit.evidence_scoring:v1,verified_calculation,2026-09-10T20:10:22.746680+00:00
2.0,scoreev:7ad428210141d55c,us:ipeds:209542:program:phd:computer-science-phd,us:ipeds:209542,Oregon State University,professor_alignment,20,30,one_verified_strong,Exactly one distinct verified strong match.,stage4src:6df13c13c8772237|stage4src:e2a97a680ad13bc3|stage4src:355064dae0d5dae2,complete,high,,graduate_audit.evidence_scoring:v1,verified_calculation,2026-09-10T20:10:22.746680+00:00
2.0,scoreev:d8f24262efd7bc42,us:ipeds:209542:program:phd:computer-science-phd,us:ipeds:209542,Oregon State University,department_program_depth,5,15,one_distinct,Exactly one distinct verified strong match; single-professor dependency is true.,stage4src:6df13c13c8772237|stage4src:e2a97a680ad13bc3|stage4src:355064dae0d5dae2,complete,high,Single-professor dependency.,graduate_audit.evidence_scoring:v1,verified_calculation,2026-09-10T20:10:22.746680+00:00
2.0,scoreev:9f89e61adfe50917,us:ipeds:209542:program:phd:computer-science-phd,us:ipeds:209542,Oregon State University,funding_net_viability,0,25,no_verified_material_support,No verified official material funding evidence is available.,,missing,low,No verified official material funding source is recorded.,graduate_audit.evidence_scoring:v1,partial_evidence_calculation,2026-09-10T20:10:22.746680+00:00
2.0,scoreev:6c6d8fdd3d561eb0,us:ipeds:209542:program:phd:computer-science-phd,us:ipeds:209542,Oregon State University,eligibility_credential_alignment,15,15,verified_alignment,Formal eligibility is verified and no material credential-equivalency question is recorded.,stage3src:7ae326c47640e5b1b3f1|stage3src:7812774261b1596b27ee,complete,high,,graduate_audit.evidence_scoring:v1,verified_calculation,2026-09-10T20:10:22.746680+00:00
2.0,scoreev:7ebcbd2b572d74dd,us:ipeds:209542:program:phd:computer-science-phd,us:ipeds:209542,Oregon State University,degree_admissions_alignment,10,10,verified_compatible_route,Exact research route and degree structure are compatible with the applicant's current degree.,stage3src:7ae326c47640e5b1b3f1|stage3src:7812774261b1596b27ee,complete,high,,graduate_audit.evidence_scoring:v1,verified_calculation,2026-09-10T20:10:22.746680+00:00
2.0,scoreev:d068cab6e4434020,us:ipeds:209542:program:phd:computer-science-phd,us:ipeds:209542,Oregon State University,application_economics,3,5,moderate_fee_or_possible_waiver,Fee is at most 100 in the stated currency or a plausible but non-guaranteed waiver path exists.,stage3src:7ae326c47640e5b1b3f1|stage3src:7812774261b1596b27ee,partial,medium,Applicable waiver or final Fall 2027 cost is not guaranteed.,graduate_audit.evidence_scoring:v1,verified_calculation,2026-09-10T20:10:22.746680+00:00
2.0,scoreev:12f59aa34e9c5bf5,us:ipeds:139755:program:phd:computer-science-phd,us:ipeds:139755,Georgia Institute of Technology-Main Campus,professor_alignment,20,30,one_verified_strong,Exactly one distinct verified strong match.,stage4src:3afea5a098e5f015|stage4src:dac5b8f6308954c7|stage4src:516248dcde9168fc,complete,high,,graduate_audit.evidence_scoring:v1,verified_calculation,2026-09-10T20:10:22.746680+00:00
2.0,scoreev:72fb9e5a2a73c9e4,us:ipeds:139755:program:phd:computer-science-phd,us:ipeds:139755,Georgia Institute of Technology-Main Campus,department_program_depth,5,15,one_distinct,Exactly one distinct verified strong match; single-professor dependency is true.,stage4src:3afea5a098e5f015|stage4src:dac5b8f6308954c7|stage4src:516248dcde9168fc,complete,high,Single-professor dependency.,graduate_audit.evidence_scoring:v1,verified_calculation,2026-09-10T20:10:22.746680+00:00
2.0,scoreev:49d0e90e40aea022,us:ipeds:139755:program:phd:computer-science-phd,us:ipeds:139755,Georgia Institute of Technology-Main Campus,funding_net_viability,0,25,no_verified_material_support,No verified official material funding evidence is available.,,missing,low,No verified official material funding source is recorded.,graduate_audit.evidence_scoring:v1,partial_evidence_calculation,2026-09-10T20:10:22.746680+00:00
2.0,scoreev:00aff3588cd89358,us:ipeds:139755:program:phd:computer-science-phd,us:ipeds:139755,Georgia Institute of Technology-Main Campus,eligibility_credential_alignment,10,15,verified_with_material_question,"The route appears formally available, but GPA interpretation, credential equivalency, prerequisites, or direct-entry treatment needs confirmation.",stage3src:594f00166019281cfb8e|stage3src:6954f025c0fd052efdfc|stage3src:f26da61c52686e4912fe,partial,medium,"Will a Fall 2027 CS PhD offer guarantee tuition, stipend, insurance, and duration?",graduate_audit.evidence_scoring:v1,verified_calculation,2026-09-10T20:10:22.746680+00:00
2.0,scoreev:a41adc2283eb90f9,us:ipeds:139755:program:phd:computer-science-phd,us:ipeds:139755,Georgia Institute of Technology-Main Campus,degree_admissions_alignment,10,10,verified_compatible_route,Exact research route and degree structure are compatible with the applicant's current degree.,stage3src:594f00166019281cfb8e|stage3src:6954f025c0fd052efdfc|stage3src:f26da61c52686e4912fe,complete,high,,graduate_audit.evidence_scoring:v1,verified_calculation,2026-09-10T20:10:22.746680+00:00
2.0,scoreev:268be4ce2b5005e3,us:ipeds:139755:program:phd:computer-science-phd,us:ipeds:139755,Georgia Institute of Technology-Main Campus,application_economics,0,5,high_or_unverified_cost,"Fee exceeds 100, a broad waiver is unavailable, or the applicable fee is unverified.",stage3src:6954f025c0fd052efdfc|stage3src:f26da61c52686e4912fe|stage3src:594f00166019281cfb8e,partial,low,Fee is high or the applicable Fall 2027 amount/waiver remains unverified.,graduate_audit.evidence_scoring:v1,partial_evidence_calculation,2026-09-10T20:10:22.746680+00:00
2.0,scoreev:1b47d49a638b14d3,us:ipeds:181464:program:phd:computer-science-phd,us:ipeds:181464,University of Nebraska-Lincoln,professor_alignment,20,30,one_verified_strong,Exactly one distinct verified strong match.,stage4src:d09771f38725bcbc|stage4src:61795fe33c26d09c|stage4src:cd49a6a40725a76c,complete,high,,graduate_audit.evidence_scoring:v1,verified_calculation,2026-09-10T20:10:22.746680+00:00
2.0,scoreev:e90ccf44dabdc3b9,us:ipeds:181464:program:phd:computer-science-phd,us:ipeds:181464,University of Nebraska-Lincoln,department_program_depth,5,15,one_distinct,Exactly one distinct verified strong match; single-professor dependency is true.,stage4src:d09771f38725bcbc|stage4src:61795fe33c26d09c|stage4src:cd49a6a40725a76c,complete,high,Single-professor dependency.,graduate_audit.evidence_scoring:v1,verified_calculation,2026-09-10T20:10:22.746680+00:00
2.0,scoreev:4f8d6720c70955bf,us:ipeds:181464:program:phd:computer-science-phd,us:ipeds:181464,University of Nebraska-Lincoln,funding_net_viability,0,25,no_verified_material_support,No verified official material funding evidence is available.,,missing,low,No verified official material funding source is recorded.,graduate_audit.evidence_scoring:v1,partial_evidence_calculation,2026-09-10T20:10:22.746680+00:00
2.0,scoreev:999c25465e172b78,us:ipeds:181464:program:phd:computer-science-phd,us:ipeds:181464,University of Nebraska-Lincoln,eligibility_credential_alignment,5,15,resolvable_eligibility_question,A material formal-eligibility question remains unresolved.,stage3src:e69494e973c85f1a8f19|stage3src:8df4c7816d0a39ccb930,partial,low,"Can a bachelor's-only applicant be admitted directly, and what support is guaranteed?",graduate_audit.evidence_scoring:v1,verified_calculation,2026-09-10T20:10:22.746680+00:00
2.0,scoreev:9612bea5e8298326,us:ipeds:181464:program:phd:computer-science-phd,us:ipeds:181464,University of Nebraska-Lincoln,degree_admissions_alignment,10,10,verified_compatible_route,Exact research route and degree structure are compatible with the applicant's current degree.,stage3src:e69494e973c85f1a8f19|stage3src:8df4c7816d0a39ccb930,complete,high,,graduate_audit.evidence_scoring:v1,verified_calculation,2026-09-10T20:10:22.746680+00:00
2.0,scoreev:03cf61ceb6cca666,us:ipeds:181464:program:phd:computer-science-phd,us:ipeds:181464,University of Nebraska-Lincoln,application_economics,3,5,moderate_fee_or_possible_waiver,Fee is at most 100 in the stated currency or a plausible but non-guaranteed waiver path exists.,stage3src:e69494e973c85f1a8f19|stage3src:8df4c7816d0a39ccb930,partial,medium,Applicable waiver or final Fall 2027 cost is not guaranteed.,graduate_audit.evidence_scoring:v1,verified_calculation,2026-09-10T20:10:22.746680+00:00
2.0,scoreev:01573775c3b7bfd1,ror:05a28rw58:program:direct-entry-phd:direct-doctorate-in-computer-science,ror:05a28rw58,ETH Zurich,professor_alignment,0,30,no_verified_strong,No candidate clears every professor-evidence gate.,stage4src:ff521d063eeb7f76|stage4src:4ab40950b4363521|stage4src:2ca74f7bb426ddc1,partial,low,No candidate clears every Stage 4 professor evidence gate.,graduate_audit.evidence_scoring:v1,partial_evidence_calculation,2026-09-10T20:10:22.746680+00:00
2.0,scoreev:60d977b18a30b75e,ror:05a28rw58:program:direct-entry-phd:direct-doctorate-in-computer-science,ror:05a28rw58,ETH Zurich,department_program_depth,0,15,none,No distinct verified strong match.,stage4src:ff521d063eeb7f76|stage4src:4ab40950b4363521|stage4src:2ca74f7bb426ddc1,complete,high,No verified department depth.,graduate_audit.evidence_scoring:v1,verified_calculation,2026-09-10T20:10:22.746680+00:00
2.0,scoreev:065ec63ea8b977eb,ror:05a28rw58:program:direct-entry-phd:direct-doctorate-in-computer-science,ror:05a28rw58,ETH Zurich,funding_net_viability,0,25,no_verified_material_support,No verified official material funding evidence is available.,,missing,low,No verified official material funding source is recorded.,graduate_audit.evidence_scoring:v1,partial_evidence_calculation,2026-09-10T20:10:22.746680+00:00
2.0,scoreev:51ef68c8c415f476,ror:05a28rw58:program:direct-entry-phd:direct-doctorate-in-computer-science,ror:05a28rw58,ETH Zurich,eligibility_credential_alignment,15,15,verified_alignment,Formal eligibility is verified and no material credential-equivalency question is recorded.,stage3src:40b8193d585b15370a3a|stage3src:715928769d6db1b9b670|stage3src:784bb469913e23300e6b,complete,high,,graduate_audit.evidence_scoring:v1,verified_calculation,2026-09-10T20:10:22.746680+00:00
2.0,scoreev:5586386b010e2bdf,ror:05a28rw58:program:direct-entry-phd:direct-doctorate-in-computer-science,ror:05a28rw58,ETH Zurich,degree_admissions_alignment,10,10,verified_compatible_route,Exact research route and degree structure are compatible with the applicant's current degree.,stage3src:40b8193d585b15370a3a|stage3src:715928769d6db1b9b670|stage3src:784bb469913e23300e6b,complete,high,,graduate_audit.evidence_scoring:v1,verified_calculation,2026-09-10T20:10:22.746680+00:00
2.0,scoreev:dc45fc3037060430,ror:05a28rw58:program:direct-entry-phd:direct-doctorate-in-computer-science,ror:05a28rw58,ETH Zurich,application_economics,0,5,high_or_unverified_cost,"Fee exceeds 100, a broad waiver is unavailable, or the applicable fee is unverified.",stage3src:715928769d6db1b9b670|stage3src:784bb469913e23300e6b|stage3src:40b8193d585b15370a3a,partial,low,Fee is high or the applicable Fall 2027 amount/waiver remains unverified.,graduate_audit.evidence_scoring:v1,partial_evidence_calculation,2026-09-10T20:10:22.746680+00:00
2.0,scoreev:3c1e943c2a549174,ror:02tyrky19:program:phd:phd-in-computer-science-and-statistics,ror:02tyrky19,Trinity College Dublin,professor_alignment,0,30,no_verified_strong,No candidate clears every professor-evidence gate.,stage4src:de1317b6b6a0fa4e|stage4src:95c7f292f4a450b0|stage4src:e3ff6341b0c41ed7|stage4src:bdd2edd842a1d12f|stage4src:c6da6fa537c3e7a3,partial,low,No candidate clears every Stage 4 professor evidence gate.,graduate_audit.evidence_scoring:v1,partial_evidence_calculation,2026-09-10T20:10:22.746680+00:00
2.0,scoreev:9d0396d9444d32da,ror:02tyrky19:program:phd:phd-in-computer-science-and-statistics,ror:02tyrky19,Trinity College Dublin,department_program_depth,0,15,none,No distinct verified strong match.,stage4src:de1317b6b6a0fa4e|stage4src:95c7f292f4a450b0|stage4src:e3ff6341b0c41ed7|stage4src:bdd2edd842a1d12f|stage4src:c6da6fa537c3e7a3,complete,high,No verified department depth.,graduate_audit.evidence_scoring:v1,verified_calculation,2026-09-10T20:10:22.746680+00:00
2.0,scoreev:ae25158bc0f81e09,ror:02tyrky19:program:phd:phd-in-computer-science-and-statistics,ror:02tyrky19,Trinity College Dublin,funding_net_viability,0,25,no_verified_material_support,No verified official material funding evidence is available.,,missing,low,No verified official material funding source is recorded.,graduate_audit.evidence_scoring:v1,partial_evidence_calculation,2026-09-10T20:10:22.746680+00:00
2.0,scoreev:5dd25f8e4d5742de,ror:02tyrky19:program:phd:phd-in-computer-science-and-statistics,ror:02tyrky19,Trinity College Dublin,eligibility_credential_alignment,15,15,verified_alignment,Formal eligibility is verified and no material credential-equivalency question is recorded.,stage3src:555eda45018e13fe9aed|stage3src:3314b0aed2176481ffed|stage3src:6481a834161e40e25375,complete,high,,graduate_audit.evidence_scoring:v1,verified_calculation,2026-09-10T20:10:22.746680+00:00
2.0,scoreev:e597d11830ac0a12,ror:02tyrky19:program:phd:phd-in-computer-science-and-statistics,ror:02tyrky19,Trinity College Dublin,degree_admissions_alignment,10,10,verified_compatible_route,Exact research route and degree structure are compatible with the applicant's current degree.,stage3src:555eda45018e13fe9aed|stage3src:3314b0aed2176481ffed|stage3src:6481a834161e40e25375,complete,high,,graduate_audit.evidence_scoring:v1,verified_calculation,2026-09-10T20:10:22.746680+00:00
2.0,scoreev:150e5f19a13ddf79,ror:02tyrky19:program:phd:phd-in-computer-science-and-statistics,ror:02tyrky19,Trinity College Dublin,application_economics,0,5,high_or_unverified_cost,"Fee exceeds 100, a broad waiver is unavailable, or the applicable fee is unverified.",stage3src:3314b0aed2176481ffed|stage3src:6481a834161e40e25375|stage3src:555eda45018e13fe9aed,partial,low,Fee is high or the applicable Fall 2027 amount/waiver remains unverified.,graduate_audit.evidence_scoring:v1,partial_evidence_calculation,2026-09-10T20:10:22.746680+00:00
2.0,scoreev:bf19484ce8e1446d,ca:dli:O19330231062:program:thesis-or-research-master-s:msc-in-computer-science-research,ca:dli:O19330231062,University of British Columbia,professor_alignment,0,30,no_verified_strong,No candidate clears every professor-evidence gate.,stage4src:a9d8822215d0fcca|stage4src:0793004f740d19c9|stage4src:b1f2f224beb3a0f0|stage4src:7f4e078bce78c165,partial,low,No candidate clears every Stage 4 professor evidence gate.,graduate_audit.evidence_scoring:v1,partial_evidence_calculation,2026-09-10T20:10:22.746680+00:00
2.0,scoreev:d2c82dd20c12157b,ca:dli:O19330231062:program:thesis-or-research-master-s:msc-in-computer-science-research,ca:dli:O19330231062,University of British Columbia,department_program_depth,0,15,none,No distinct verified strong match.,stage4src:a9d8822215d0fcca|stage4src:0793004f740d19c9|stage4src:b1f2f224beb3a0f0|stage4src:7f4e078bce78c165,complete,high,No verified department depth.,graduate_audit.evidence_scoring:v1,verified_calculation,2026-09-10T20:10:22.746680+00:00
2.0,scoreev:e9da24504e46aec1,ca:dli:O19330231062:program:thesis-or-research-master-s:msc-in-computer-science-research,ca:dli:O19330231062,University of British Columbia,funding_net_viability,0,25,no_verified_material_support,No verified official material funding evidence is available.,,missing,low,No verified official material funding source is recorded.,graduate_audit.evidence_scoring:v1,partial_evidence_calculation,2026-09-10T20:10:22.746680+00:00
2.0,scoreev:5b251254926ef392,ca:dli:O19330231062:program:thesis-or-research-master-s:msc-in-computer-science-research,ca:dli:O19330231062,University of British Columbia,eligibility_credential_alignment,10,15,verified_with_material_question,"The route appears formally available, but GPA interpretation, credential equivalency, prerequisites, or direct-entry treatment needs confirmation.",stage3src:c940a31e1bc5a08c8ad1|stage3src:5980eff6600d0e4dc056|stage3src:1e94e346d16a3ceae3df|stage3src:364e989033faeab34b24,partial,medium,Confirm whether the 2027-28 package preserves the year-two international net level,graduate_audit.evidence_scoring:v1,verified_calculation,2026-09-10T20:10:22.746680+00:00
2.0,scoreev:8ff196c93975b07e,ca:dli:O19330231062:program:thesis-or-research-master-s:msc-in-computer-science-research,ca:dli:O19330231062,University of British Columbia,degree_admissions_alignment,10,10,verified_compatible_route,Exact research route and degree structure are compatible with the applicant's current degree.,stage3src:c940a31e1bc5a08c8ad1|stage3src:5980eff6600d0e4dc056|stage3src:1e94e346d16a3ceae3df|stage3src:364e989033faeab34b24,complete,high,,graduate_audit.evidence_scoring:v1,verified_calculation,2026-09-10T20:10:22.746680+00:00
2.0,scoreev:390995a9ca48229a,ca:dli:O19330231062:program:thesis-or-research-master-s:msc-in-computer-science-research,ca:dli:O19330231062,University of British Columbia,application_economics,5,5,no_fee_or_verified_waiver,No application fee or a clearly applicable waiver is verified.,stage3src:c940a31e1bc5a08c8ad1|stage3src:5980eff6600d0e4dc056|stage3src:1e94e346d16a3ceae3df|stage3src:364e989033faeab34b24,complete,high,,graduate_audit.evidence_scoring:v1,verified_calculation,2026-09-10T20:10:22.746680+00:00
2.0,scoreev:174805f2751b8273,ca:dli:O19359011007:program:thesis-or-research-master-s:master-of-computer-science-thesis,ca:dli:O19359011007,Concordia University,professor_alignment,0,30,no_verified_strong,No candidate clears every professor-evidence gate.,stage4src:3bbb5d4150cc6b49|stage4src:2248373d3250e346|stage4src:7ddea2129b1a0b78|stage4src:66296e985f8eb65e|stage4src:37735fa1f962bf8b,partial,low,No candidate clears every Stage 4 professor evidence gate.,graduate_audit.evidence_scoring:v1,partial_evidence_calculation,2026-09-10T20:10:22.746680+00:00
2.0,scoreev:d220da5c6eaf2a9b,ca:dli:O19359011007:program:thesis-or-research-master-s:master-of-computer-science-thesis,ca:dli:O19359011007,Concordia University,department_program_depth,0,15,none,No distinct verified strong match.,stage4src:3bbb5d4150cc6b49|stage4src:2248373d3250e346|stage4src:7ddea2129b1a0b78|stage4src:66296e985f8eb65e|stage4src:37735fa1f962bf8b,complete,high,No verified department depth.,graduate_audit.evidence_scoring:v1,verified_calculation,2026-09-10T20:10:22.746680+00:00
2.0,scoreev:1ebd3032a04ac6ab,ca:dli:O19359011007:program:thesis-or-research-master-s:master-of-computer-science-thesis,ca:dli:O19359011007,Concordia University,funding_net_viability,0,25,no_verified_material_support,No verified official material funding evidence is available.,,missing,low,No verified official material funding source is recorded.,graduate_audit.evidence_scoring:v1,partial_evidence_calculation,2026-09-10T20:10:22.746680+00:00
2.0,scoreev:90b205aa7ab68863,ca:dli:O19359011007:program:thesis-or-research-master-s:master-of-computer-science-thesis,ca:dli:O19359011007,Concordia University,eligibility_credential_alignment,10,15,verified_with_material_question,"The route appears formally available, but GPA interpretation, credential equivalency, prerequisites, or direct-entry treatment needs confirmation.",stage3src:daae65a66236447714aa|stage3src:add448b68ed055cb7d0b|stage3src:941b996d861503182c1a,partial,medium,Can a potential supervisor/department confirm a two-year net funding floor for an international MCompSc?,graduate_audit.evidence_scoring:v1,verified_calculation,2026-09-10T20:10:22.746680+00:00
2.0,scoreev:9487c17f39fdc8f4,ca:dli:O19359011007:program:thesis-or-research-master-s:master-of-computer-science-thesis,ca:dli:O19359011007,Concordia University,degree_admissions_alignment,10,10,verified_compatible_route,Exact research route and degree structure are compatible with the applicant's current degree.,stage3src:daae65a66236447714aa|stage3src:add448b68ed055cb7d0b|stage3src:941b996d861503182c1a,complete,high,,graduate_audit.evidence_scoring:v1,verified_calculation,2026-09-10T20:10:22.746680+00:00
2.0,scoreev:47f2fa1e45ce0307,ca:dli:O19359011007:program:thesis-or-research-master-s:master-of-computer-science-thesis,ca:dli:O19359011007,Concordia University,application_economics,3,5,moderate_fee_or_possible_waiver,Fee is at most 100 in the stated currency or a plausible but non-guaranteed waiver path exists.,stage3src:daae65a66236447714aa|stage3src:add448b68ed055cb7d0b|stage3src:941b996d861503182c1a,partial,medium,Applicable waiver or final Fall 2027 cost is not guaranteed.,graduate_audit.evidence_scoring:v1,verified_calculation,2026-09-10T20:10:22.746680+00:00
2.0,scoreev:754905dc4272a499,ca:dli:O19359011033:program:thesis-or-research-master-s:msc-in-computer-science-thesis,ca:dli:O19359011033,McGill University,professor_alignment,0,30,no_verified_strong,No candidate clears every professor-evidence gate.,stage4src:35fc765917eb18be|stage4src:0d9e53e9bdbdc521|stage4src:1faae7c6ed4fcce0|stage4src:f8d1f52aa7af1432|stage4src:40a46965ebc69827,partial,low,No candidate clears every Stage 4 professor evidence gate.,graduate_audit.evidence_scoring:v1,partial_evidence_calculation,2026-09-10T20:10:22.746680+00:00
2.0,scoreev:ae5037c125fdeca0,ca:dli:O19359011033:program:thesis-or-research-master-s:msc-in-computer-science-thesis,ca:dli:O19359011033,McGill University,department_program_depth,0,15,none,No distinct verified strong match.,stage4src:35fc765917eb18be|stage4src:0d9e53e9bdbdc521|stage4src:1faae7c6ed4fcce0|stage4src:f8d1f52aa7af1432|stage4src:40a46965ebc69827,complete,high,No verified department depth.,graduate_audit.evidence_scoring:v1,verified_calculation,2026-09-10T20:10:22.746680+00:00
2.0,scoreev:3afe3691f33d757c,ca:dli:O19359011033:program:thesis-or-research-master-s:msc-in-computer-science-thesis,ca:dli:O19359011033,McGill University,funding_net_viability,0,25,no_verified_material_support,No verified official material funding evidence is available.,,missing,low,No verified official material funding source is recorded.,graduate_audit.evidence_scoring:v1,partial_evidence_calculation,2026-09-10T20:10:22.746680+00:00
2.0,scoreev:6b9608d9d5acb266,ca:dli:O19359011033:program:thesis-or-research-master-s:msc-in-computer-science-thesis,ca:dli:O19359011033,McGill University,eligibility_credential_alignment,10,15,verified_with_material_question,"The route appears formally available, but GPA interpretation, credential equivalency, prerequisites, or direct-entry treatment needs confirmation.",stage3src:6db2c44b189db1995c92|stage3src:6c1f44fe44317e58ec0b|stage3src:2032a71aba6eecffe8b2|stage3src:61a33eb4fe9cff341378,partial,medium,Will an international thesis MSc offer guarantee a net amount after tuition for the full expected duration?,graduate_audit.evidence_scoring:v1,verified_calculation,2026-09-10T20:10:22.746680+00:00
2.0,scoreev:5195b27d9f8f77b8,ca:dli:O19359011033:program:thesis-or-research-master-s:msc-in-computer-science-thesis,ca:dli:O19359011033,McGill University,degree_admissions_alignment,10,10,verified_compatible_route,Exact research route and degree structure are compatible with the applicant's current degree.,stage3src:6db2c44b189db1995c92|stage3src:6c1f44fe44317e58ec0b|stage3src:2032a71aba6eecffe8b2|stage3src:61a33eb4fe9cff341378,complete,high,,graduate_audit.evidence_scoring:v1,verified_calculation,2026-09-10T20:10:22.746680+00:00
2.0,scoreev:d356a10ec481406a,ca:dli:O19359011033:program:thesis-or-research-master-s:msc-in-computer-science-thesis,ca:dli:O19359011033,McGill University,application_economics,0,5,high_or_unverified_cost,"Fee exceeds 100, a broad waiver is unavailable, or the applicable fee is unverified.",stage3src:6db2c44b189db1995c92|stage3src:6c1f44fe44317e58ec0b|stage3src:61a33eb4fe9cff341378|stage3src:2032a71aba6eecffe8b2,partial,low,Fee is high or the applicable Fall 2027 amount/waiver remains unverified.,graduate_audit.evidence_scoring:v1,partial_evidence_calculation,2026-09-10T20:10:22.746680+00:00
2.0,scoreev:c89fa1211db1032e,ca:dli:O19376023352:program:thesis-or-research-master-s:msc-in-computing-research-pattern,ca:dli:O19376023352,Queen’s University,professor_alignment,0,30,no_verified_strong,No candidate clears every professor-evidence gate.,stage4src:b98b3e3b141d07c0|stage4src:6760e578deaa322e|stage4src:e3a24327cde55d15|stage4src:101cf75e0bff892f,partial,low,No candidate clears every Stage 4 professor evidence gate.,graduate_audit.evidence_scoring:v1,partial_evidence_calculation,2026-09-10T20:10:22.746680+00:00
2.0,scoreev:f28f341072f51c1c,ca:dli:O19376023352:program:thesis-or-research-master-s:msc-in-computing-research-pattern,ca:dli:O19376023352,Queen’s University,department_program_depth,0,15,none,No distinct verified strong match.,stage4src:b98b3e3b141d07c0|stage4src:6760e578deaa322e|stage4src:e3a24327cde55d15|stage4src:101cf75e0bff892f,complete,high,No verified department depth.,graduate_audit.evidence_scoring:v1,verified_calculation,2026-09-10T20:10:22.746680+00:00
2.0,scoreev:d8de0a884f23235d,ca:dli:O19376023352:program:thesis-or-research-master-s:msc-in-computing-research-pattern,ca:dli:O19376023352,Queen’s University,funding_net_viability,0,25,no_verified_material_support,No verified official material funding evidence is available.,,missing,low,No verified official material funding source is recorded.,graduate_audit.evidence_scoring:v1,partial_evidence_calculation,2026-09-10T20:10:22.746680+00:00
2.0,scoreev:8e565e34ecbe98fa,ca:dli:O19376023352:program:thesis-or-research-master-s:msc-in-computing-research-pattern,ca:dli:O19376023352,Queen’s University,eligibility_credential_alignment,10,15,verified_with_material_question,"The route appears formally available, but GPA interpretation, credential equivalency, prerequisites, or direct-entry treatment needs confirmation.",stage3src:31eb29f060b2ca7fd5d1|stage3src:3e2dbf33c6cc443140b0|stage3src:34474f8e558e05c696b6|stage3src:18d409e0e482fe7a3f27,partial,medium,Only reconsider if Queen's confirms the transcript meets its A-standing equivalency despite the cumulative GPA,graduate_audit.evidence_scoring:v1,verified_calculation,2026-09-10T20:10:22.746680+00:00
2.0,scoreev:641450412f599a88,ca:dli:O19376023352:program:thesis-or-research-master-s:msc-in-computing-research-pattern,ca:dli:O19376023352,Queen’s University,degree_admissions_alignment,10,10,verified_compatible_route,Exact research route and degree structure are compatible with the applicant's current degree.,stage3src:31eb29f060b2ca7fd5d1|stage3src:3e2dbf33c6cc443140b0|stage3src:34474f8e558e05c696b6|stage3src:18d409e0e482fe7a3f27,complete,high,,graduate_audit.evidence_scoring:v1,verified_calculation,2026-09-10T20:10:22.746680+00:00
2.0,scoreev:d6cfb56a19baa110,ca:dli:O19376023352:program:thesis-or-research-master-s:msc-in-computing-research-pattern,ca:dli:O19376023352,Queen’s University,application_economics,0,5,high_or_unverified_cost,"Fee exceeds 100, a broad waiver is unavailable, or the applicable fee is unverified.",stage3src:31eb29f060b2ca7fd5d1|stage3src:34474f8e558e05c696b6|stage3src:18d409e0e482fe7a3f27|stage3src:3e2dbf33c6cc443140b0,partial,low,Fee is high or the applicable Fall 2027 amount/waiver remains unverified.,graduate_audit.evidence_scoring:v1,partial_evidence_calculation,2026-09-10T20:10:22.746680+00:00
2.0,scoreev:1cf4d3cd851faad2,ror:01jdpyv68:program:integrated-or-structured-doctorate:saarbr-cken-graduate-school-of-computer-science,ror:01jdpyv68,Saarland University,professor_alignment,0,30,no_verified_strong,No candidate clears every professor-evidence gate.,stage4src:496bcf2cfc308c0b|stage4src:50164a8c1ac15aaa,partial,low,No candidate clears every Stage 4 professor evidence gate.,graduate_audit.evidence_scoring:v1,partial_evidence_calculation,2026-09-10T20:10:22.746680+00:00
2.0,scoreev:60ea6c9ad5551702,ror:01jdpyv68:program:integrated-or-structured-doctorate:saarbr-cken-graduate-school-of-computer-science,ror:01jdpyv68,Saarland University,department_program_depth,0,15,none,No distinct verified strong match.,stage4src:496bcf2cfc308c0b|stage4src:50164a8c1ac15aaa,complete,high,No verified department depth.,graduate_audit.evidence_scoring:v1,verified_calculation,2026-09-10T20:10:22.746680+00:00
2.0,scoreev:ae9fccc128a53be0,ror:01jdpyv68:program:integrated-or-structured-doctorate:saarbr-cken-graduate-school-of-computer-science,ror:01jdpyv68,Saarland University,funding_net_viability,0,25,no_verified_material_support,No verified official material funding evidence is available.,,missing,low,No verified official material funding source is recorded.,graduate_audit.evidence_scoring:v1,partial_evidence_calculation,2026-09-10T20:10:22.746680+00:00
2.0,scoreev:d7efe9c94cc453c0,ror:01jdpyv68:program:integrated-or-structured-doctorate:saarbr-cken-graduate-school-of-computer-science,ror:01jdpyv68,Saarland University,eligibility_credential_alignment,10,15,verified_with_material_question,"The route appears formally available, but GPA interpretation, credential equivalency, prerequisites, or direct-entry treatment needs confirmation.",stage3src:16068af7fce0ab931041|stage3src:4df25c002064c54e07ee,partial,medium,"What additional stipend, insurance, and fee coverage is guaranteed for 2027?",graduate_audit.evidence_scoring:v1,verified_calculation,2026-09-10T20:10:22.746680+00:00
2.0,scoreev:293156acb560cf50,ror:01jdpyv68:program:integrated-or-structured-doctorate:saarbr-cken-graduate-school-of-computer-science,ror:01jdpyv68,Saarland University,degree_admissions_alignment,10,10,verified_compatible_route,Exact research route and degree structure are compatible with the applicant's current degree.,stage3src:16068af7fce0ab931041|stage3src:4df25c002064c54e07ee,complete,high,,graduate_audit.evidence_scoring:v1,verified_calculation,2026-09-10T20:10:22.746680+00:00
2.0,scoreev:b43aa0c9414a5879,ror:01jdpyv68:program:integrated-or-structured-doctorate:saarbr-cken-graduate-school-of-computer-science,ror:01jdpyv68,Saarland University,application_economics,0,5,high_or_unverified_cost,"Fee exceeds 100, a broad waiver is unavailable, or the applicable fee is unverified.",stage3src:16068af7fce0ab931041|stage3src:4df25c002064c54e07ee,partial,low,Fee is high or the applicable Fall 2027 amount/waiver remains unverified.,graduate_audit.evidence_scoring:v1,partial_evidence_calculation,2026-09-10T20:10:22.746680+00:00
2.0,scoreev:31cdf4b70603e768,ror:02jx3x895:program:integrated-or-structured-doctorate:computer-science-mphil-phd,ror:02jx3x895,University College London,professor_alignment,0,30,no_verified_strong,No candidate clears every professor-evidence gate.,stage4src:bd93a341facdb6be|stage4src:61849b7cbd19372c|stage4src:ff2b499b11543225|stage4src:2e513c1a4fb14b3c|stage4src:fb90d62f31fdf9d9|stage4src:b3bd761adf521bc1,partial,low,No candidate clears every Stage 4 professor evidence gate.,graduate_audit.evidence_scoring:v1,partial_evidence_calculation,2026-09-10T20:10:22.746680+00:00
2.0,scoreev:cb05d18f7213af4b,ror:02jx3x895:program:integrated-or-structured-doctorate:computer-science-mphil-phd,ror:02jx3x895,University College London,department_program_depth,0,15,none,No distinct verified strong match.,stage4src:bd93a341facdb6be|stage4src:61849b7cbd19372c|stage4src:ff2b499b11543225|stage4src:2e513c1a4fb14b3c|stage4src:fb90d62f31fdf9d9|stage4src:b3bd761adf521bc1,complete,high,No verified department depth.,graduate_audit.evidence_scoring:v1,verified_calculation,2026-09-10T20:10:22.746680+00:00
2.0,scoreev:cba4983d06028e23,ror:02jx3x895:program:integrated-or-structured-doctorate:computer-science-mphil-phd,ror:02jx3x895,University College London,funding_net_viability,0,25,no_verified_material_support,No verified official material funding evidence is available.,,missing,low,No verified official material funding source is recorded.,graduate_audit.evidence_scoring:v1,partial_evidence_calculation,2026-09-10T20:10:22.746680+00:00
2.0,scoreev:c661529d3ff5f807,ror:02jx3x895:program:integrated-or-structured-doctorate:computer-science-mphil-phd,ror:02jx3x895,University College London,eligibility_credential_alignment,10,15,verified_with_material_question,"The route appears formally available, but GPA interpretation, credential equivalency, prerequisites, or direct-entry treatment needs confirmation.",stage3src:428916ca4f036c31e97d|stage3src:037912243bd49179d4e1,partial,medium,Is there an overseas-fee-covering studentship tied to software engineering/LLM reliability?,graduate_audit.evidence_scoring:v1,verified_calculation,2026-09-10T20:10:22.746680+00:00
2.0,scoreev:2664facdb156b35d,ror:02jx3x895:program:integrated-or-structured-doctorate:computer-science-mphil-phd,ror:02jx3x895,University College London,degree_admissions_alignment,10,10,verified_compatible_route,Exact research route and degree structure are compatible with the applicant's current degree.,stage3src:428916ca4f036c31e97d|stage3src:037912243bd49179d4e1,complete,high,,graduate_audit.evidence_scoring:v1,verified_calculation,2026-09-10T20:10:22.746680+00:00
2.0,scoreev:8336e2cbdb327399,ror:02jx3x895:program:integrated-or-structured-doctorate:computer-science-mphil-phd,ror:02jx3x895,University College London,application_economics,0,5,high_or_unverified_cost,"Fee exceeds 100, a broad waiver is unavailable, or the applicable fee is unverified.",stage3src:428916ca4f036c31e97d|stage3src:037912243bd49179d4e1,partial,low,Fee is high or the applicable Fall 2027 amount/waiver remains unverified.,graduate_audit.evidence_scoring:v1,partial_evidence_calculation,2026-09-10T20:10:22.746680+00:00
2.0,scoreev:9b173cb50f3b0a30,ca:dli:O19257171832:program:thesis-or-research-master-s:msc-in-computing-science-thesis,ca:dli:O19257171832,University of Alberta,professor_alignment,0,30,no_verified_strong,No candidate clears every professor-evidence gate.,stage4src:55dcb92d82384724|stage4src:ab086170728b1650|stage4src:caea63c7692421a2|stage4src:4b3b7ca1c23dae61|stage4src:2df009274beb1d27,partial,low,No candidate clears every Stage 4 professor evidence gate.,graduate_audit.evidence_scoring:v1,partial_evidence_calculation,2026-09-10T20:10:22.746680+00:00
2.0,scoreev:10f82bf9e5dbbe25,ca:dli:O19257171832:program:thesis-or-research-master-s:msc-in-computing-science-thesis,ca:dli:O19257171832,University of Alberta,department_program_depth,0,15,none,No distinct verified strong match.,stage4src:55dcb92d82384724|stage4src:ab086170728b1650|stage4src:caea63c7692421a2|stage4src:4b3b7ca1c23dae61|stage4src:2df009274beb1d27,complete,high,No verified department depth.,graduate_audit.evidence_scoring:v1,verified_calculation,2026-09-10T20:10:22.746680+00:00
2.0,scoreev:633a6d772bfc7f67,ca:dli:O19257171832:program:thesis-or-research-master-s:msc-in-computing-science-thesis,ca:dli:O19257171832,University of Alberta,funding_net_viability,0,25,no_verified_material_support,No verified official material funding evidence is available.,,missing,low,No verified official material funding source is recorded.,graduate_audit.evidence_scoring:v1,partial_evidence_calculation,2026-09-10T20:10:22.746680+00:00
2.0,scoreev:d6b933bfeb806079,ca:dli:O19257171832:program:thesis-or-research-master-s:msc-in-computing-science-thesis,ca:dli:O19257171832,University of Alberta,eligibility_credential_alignment,10,15,verified_with_material_question,"The route appears formally available, but GPA interpretation, credential equivalency, prerequisites, or direct-entry treatment needs confirmation.",stage3src:9e97e688f6214ddd979f|stage3src:558d9f54f3e5e90dc186,partial,medium,Ask csapplygrad@ualberta.ca for Fall 2027 deadline and guaranteed MSc funding after tuition/fees,graduate_audit.evidence_scoring:v1,verified_calculation,2026-09-10T20:10:22.746680+00:00
2.0,scoreev:989f69379402182f,ca:dli:O19257171832:program:thesis-or-research-master-s:msc-in-computing-science-thesis,ca:dli:O19257171832,University of Alberta,degree_admissions_alignment,10,10,verified_compatible_route,Exact research route and degree structure are compatible with the applicant's current degree.,stage3src:9e97e688f6214ddd979f|stage3src:558d9f54f3e5e90dc186,complete,high,,graduate_audit.evidence_scoring:v1,verified_calculation,2026-09-10T20:10:22.746680+00:00
2.0,scoreev:628f6404769f297d,ca:dli:O19257171832:program:thesis-or-research-master-s:msc-in-computing-science-thesis,ca:dli:O19257171832,University of Alberta,application_economics,0,5,high_or_unverified_cost,"Fee exceeds 100, a broad waiver is unavailable, or the applicable fee is unverified.",stage3src:9e97e688f6214ddd979f|stage3src:558d9f54f3e5e90dc186,partial,low,Fee is high or the applicable Fall 2027 amount/waiver remains unverified.,graduate_audit.evidence_scoring:v1,partial_evidence_calculation,2026-09-10T20:10:22.746680+00:00
2.0,scoreev:521ddf534d936917,ca:dli:O18886830282:program:thesis-or-research-master-s:msc-in-computer-science-thesis,ca:dli:O18886830282,University of Calgary,professor_alignment,0,30,no_verified_strong,No candidate clears every professor-evidence gate.,stage4src:82f13976c76dadc5|stage4src:9ca4c1ea583da10a|stage4src:b6ccdd0ca4b6b41a|stage4src:2817da29a28e5e00|stage4src:0e6da382987c3cfe|stage4src:dd1a4b45dfd1a5a2,partial,low,No candidate clears every Stage 4 professor evidence gate.,graduate_audit.evidence_scoring:v1,partial_evidence_calculation,2026-09-10T20:10:22.746680+00:00
2.0,scoreev:8b862075890c34bb,ca:dli:O18886830282:program:thesis-or-research-master-s:msc-in-computer-science-thesis,ca:dli:O18886830282,University of Calgary,department_program_depth,0,15,none,No distinct verified strong match.,stage4src:82f13976c76dadc5|stage4src:9ca4c1ea583da10a|stage4src:b6ccdd0ca4b6b41a|stage4src:2817da29a28e5e00|stage4src:0e6da382987c3cfe|stage4src:dd1a4b45dfd1a5a2,complete,high,No verified department depth.,graduate_audit.evidence_scoring:v1,verified_calculation,2026-09-10T20:10:22.746680+00:00
2.0,scoreev:91ac5d7bf45d9e1b,ca:dli:O18886830282:program:thesis-or-research-master-s:msc-in-computer-science-thesis,ca:dli:O18886830282,University of Calgary,funding_net_viability,0,25,no_verified_material_support,No verified official material funding evidence is available.,,missing,low,No verified official material funding source is recorded.,graduate_audit.evidence_scoring:v1,partial_evidence_calculation,2026-09-10T20:10:22.746680+00:00
2.0,scoreev:e6f3115e8d600794,ca:dli:O18886830282:program:thesis-or-research-master-s:msc-in-computer-science-thesis,ca:dli:O18886830282,University of Calgary,eligibility_credential_alignment,15,15,verified_alignment,Formal eligibility is verified and no material credential-equivalency question is recorded.,stage3src:ff34e2dc614053b907fe|stage3src:1d23d631f72ab6305c20,complete,high,,graduate_audit.evidence_scoring:v1,verified_calculation,2026-09-10T20:10:22.746680+00:00
2.0,scoreev:717001b5fd1ce42e,ca:dli:O18886830282:program:thesis-or-research-master-s:msc-in-computer-science-thesis,ca:dli:O18886830282,University of Calgary,degree_admissions_alignment,5,10,compatible_but_supervisor_or_entry_question,"The research structure is compatible, but direct entry or supervisor-gated admission remains material.",stage3src:ff34e2dc614053b907fe|stage3src:1d23d631f72ab6305c20,partial,medium,"Confirm net annual amount after all tuition, mandatory fees and health insurance",graduate_audit.evidence_scoring:v1,verified_calculation,2026-09-10T20:10:22.746680+00:00
2.0,scoreev:360723e07174bd85,ca:dli:O18886830282:program:thesis-or-research-master-s:msc-in-computer-science-thesis,ca:dli:O18886830282,University of Calgary,application_economics,0,5,high_or_unverified_cost,"Fee exceeds 100, a broad waiver is unavailable, or the applicable fee is unverified.",stage3src:1d23d631f72ab6305c20|stage3src:ff34e2dc614053b907fe,partial,low,Fee is high or the applicable Fall 2027 amount/waiver remains unverified.,graduate_audit.evidence_scoring:v1,partial_evidence_calculation,2026-09-10T20:10:22.746680+00:00
2.0,scoreev:c7fc2cd4d228a81a,ror:013meh722:program:phd:phd-in-computer-science,ror:013meh722,University of Cambridge,professor_alignment,0,30,no_verified_strong,No candidate clears every professor-evidence gate.,stage4src:0c348be0356901e7|stage4src:80d94d496a72824e|stage4src:5756bf1f80585f3b|stage4src:cf93a983d8910dca,partial,low,No candidate clears every Stage 4 professor evidence gate.,graduate_audit.evidence_scoring:v1,partial_evidence_calculation,2026-09-10T20:10:22.746680+00:00
2.0,scoreev:95f23441c47ad572,ror:013meh722:program:phd:phd-in-computer-science,ror:013meh722,University of Cambridge,department_program_depth,0,15,none,No distinct verified strong match.,stage4src:0c348be0356901e7|stage4src:80d94d496a72824e|stage4src:5756bf1f80585f3b|stage4src:cf93a983d8910dca,complete,high,No verified department depth.,graduate_audit.evidence_scoring:v1,verified_calculation,2026-09-10T20:10:22.746680+00:00
2.0,scoreev:0e7c7d93ccab154c,ror:013meh722:program:phd:phd-in-computer-science,ror:013meh722,University of Cambridge,funding_net_viability,0,25,no_verified_material_support,No verified official material funding evidence is available.,,missing,low,No verified official material funding source is recorded.,graduate_audit.evidence_scoring:v1,partial_evidence_calculation,2026-09-10T20:10:22.746680+00:00
2.0,scoreev:49211de858b57b99,ror:013meh722:program:phd:phd-in-computer-science,ror:013meh722,University of Cambridge,eligibility_credential_alignment,10,15,verified_with_material_question,"The route appears formally available, but GPA interpretation, credential equivalency, prerequisites, or direct-entry treatment needs confirmation.",stage3src:13a5710b7c783af99a81|stage3src:af2ea8b6771d5c80fdd2,partial,medium,Which 2027 studentship covers full overseas fees plus stipend?,graduate_audit.evidence_scoring:v1,verified_calculation,2026-09-10T20:10:22.746680+00:00
2.0,scoreev:cc1e39255701c36a,ror:013meh722:program:phd:phd-in-computer-science,ror:013meh722,University of Cambridge,degree_admissions_alignment,10,10,verified_compatible_route,Exact research route and degree structure are compatible with the applicant's current degree.,stage3src:13a5710b7c783af99a81|stage3src:af2ea8b6771d5c80fdd2,complete,high,,graduate_audit.evidence_scoring:v1,verified_calculation,2026-09-10T20:10:22.746680+00:00
2.0,scoreev:91d3587714f87bb3,ror:013meh722:program:phd:phd-in-computer-science,ror:013meh722,University of Cambridge,application_economics,0,5,high_or_unverified_cost,"Fee exceeds 100, a broad waiver is unavailable, or the applicable fee is unverified.",stage3src:13a5710b7c783af99a81|stage3src:af2ea8b6771d5c80fdd2,partial,low,Fee is high or the applicable Fall 2027 amount/waiver remains unverified.,graduate_audit.evidence_scoring:v1,partial_evidence_calculation,2026-09-10T20:10:22.746680+00:00
2.0,scoreev:a59cd14363db1eeb,ror:01nrxwf90:program:phd:phd-informatics,ror:01nrxwf90,University of Edinburgh,professor_alignment,0,30,no_verified_strong,No candidate clears every professor-evidence gate.,stage4src:004fb3adfdd5d9f0|stage4src:9707f5313d2cfd02,partial,low,No candidate clears every Stage 4 professor evidence gate.,graduate_audit.evidence_scoring:v1,partial_evidence_calculation,2026-09-10T20:10:22.746680+00:00
2.0,scoreev:cf60b10846a1e726,ror:01nrxwf90:program:phd:phd-informatics,ror:01nrxwf90,University of Edinburgh,department_program_depth,0,15,none,No distinct verified strong match.,stage4src:004fb3adfdd5d9f0|stage4src:9707f5313d2cfd02,complete,high,No verified department depth.,graduate_audit.evidence_scoring:v1,verified_calculation,2026-09-10T20:10:22.746680+00:00
2.0,scoreev:a827b02c149c0462,ror:01nrxwf90:program:phd:phd-informatics,ror:01nrxwf90,University of Edinburgh,funding_net_viability,0,25,no_verified_material_support,No verified official material funding evidence is available.,,missing,low,No verified official material funding source is recorded.,graduate_audit.evidence_scoring:v1,partial_evidence_calculation,2026-09-10T20:10:22.746680+00:00
2.0,scoreev:730fd109f2ddd6f5,ror:01nrxwf90:program:phd:phd-informatics,ror:01nrxwf90,University of Edinburgh,eligibility_credential_alignment,10,15,verified_with_material_question,"The route appears formally available, but GPA interpretation, credential equivalency, prerequisites, or direct-entry treatment needs confirmation.",stage3src:072ad80b43c7b6e550d2|stage3src:7719ad3f59050d227a58|stage3src:5fb97a4681bb785eaf09,partial,medium,"Will a 2027 award cover GBP 34,800+ overseas fees and full stipend?",graduate_audit.evidence_scoring:v1,verified_calculation,2026-09-10T20:10:22.746680+00:00
2.0,scoreev:9055a04804bbe145,ror:01nrxwf90:program:phd:phd-informatics,ror:01nrxwf90,University of Edinburgh,degree_admissions_alignment,10,10,verified_compatible_route,Exact research route and degree structure are compatible with the applicant's current degree.,stage3src:072ad80b43c7b6e550d2|stage3src:7719ad3f59050d227a58|stage3src:5fb97a4681bb785eaf09,complete,high,,graduate_audit.evidence_scoring:v1,verified_calculation,2026-09-10T20:10:22.746680+00:00
2.0,scoreev:d490226e057ed6b6,ror:01nrxwf90:program:phd:phd-informatics,ror:01nrxwf90,University of Edinburgh,application_economics,0,5,high_or_unverified_cost,"Fee exceeds 100, a broad waiver is unavailable, or the applicable fee is unverified.",stage3src:072ad80b43c7b6e550d2|stage3src:7719ad3f59050d227a58|stage3src:5fb97a4681bb785eaf09,partial,low,Fee is high or the applicable Fall 2027 amount/waiver remains unverified.,graduate_audit.evidence_scoring:v1,partial_evidence_calculation,2026-09-10T20:10:22.746680+00:00
2.0,scoreev:7ca1b88d7c8d6aef,ror:052gg0110:program:phd:dphil-in-computer-science,ror:052gg0110,University of Oxford,professor_alignment,0,30,no_verified_strong,No candidate clears every professor-evidence gate.,stage4src:00615ac80dada46c|stage4src:2ace377666deb47f|stage4src:27bbbdd16065cad7,partial,low,No candidate clears every Stage 4 professor evidence gate.,graduate_audit.evidence_scoring:v1,partial_evidence_calculation,2026-09-10T20:10:22.746680+00:00
2.0,scoreev:e63535704c7f5100,ror:052gg0110:program:phd:dphil-in-computer-science,ror:052gg0110,University of Oxford,department_program_depth,0,15,none,No distinct verified strong match.,stage4src:00615ac80dada46c|stage4src:2ace377666deb47f|stage4src:27bbbdd16065cad7,complete,high,No verified department depth.,graduate_audit.evidence_scoring:v1,verified_calculation,2026-09-10T20:10:22.746680+00:00
2.0,scoreev:6094d9aae67cd002,ror:052gg0110:program:phd:dphil-in-computer-science,ror:052gg0110,University of Oxford,funding_net_viability,0,25,no_verified_material_support,No verified official material funding evidence is available.,,missing,low,No verified official material funding source is recorded.,graduate_audit.evidence_scoring:v1,partial_evidence_calculation,2026-09-10T20:10:22.746680+00:00
2.0,scoreev:07bab5106b7a31d0,ror:052gg0110:program:phd:dphil-in-computer-science,ror:052gg0110,University of Oxford,eligibility_credential_alignment,10,15,verified_with_material_question,"The route appears formally available, but GPA interpretation, credential equivalency, prerequisites, or direct-entry treatment needs confirmation.",stage3src:dec7f4ed3bb640e30d98|stage3src:1427b826690ac5eb33fb,partial,medium,Which official 2027 deadline guarantees consideration for overseas-fee-plus-stipend funding?,graduate_audit.evidence_scoring:v1,verified_calculation,2026-09-10T20:10:22.746680+00:00
2.0,scoreev:ba16fe466c70e48e,ror:052gg0110:program:phd:dphil-in-computer-science,ror:052gg0110,University of Oxford,degree_admissions_alignment,10,10,verified_compatible_route,Exact research route and degree structure are compatible with the applicant's current degree.,stage3src:dec7f4ed3bb640e30d98|stage3src:1427b826690ac5eb33fb,complete,high,,graduate_audit.evidence_scoring:v1,verified_calculation,2026-09-10T20:10:22.746680+00:00
2.0,scoreev:80a4c9b8f7a2550a,ror:052gg0110:program:phd:dphil-in-computer-science,ror:052gg0110,University of Oxford,application_economics,0,5,high_or_unverified_cost,"Fee exceeds 100, a broad waiver is unavailable, or the applicable fee is unverified.",stage3src:dec7f4ed3bb640e30d98|stage3src:1427b826690ac5eb33fb,partial,low,Fee is high or the applicable Fall 2027 amount/waiver remains unverified.,graduate_audit.evidence_scoring:v1,partial_evidence_calculation,2026-09-10T20:10:22.746680+00:00
2.0,scoreev:fa30351583920bb8,ca:dli:O19425660421:program:thesis-or-research-master-s:msc-in-computer-science-thesis,ca:dli:O19425660421,University of Saskatchewan,professor_alignment,0,30,no_verified_strong,No candidate clears every professor-evidence gate.,stage4src:a568ee7790faaaeb|stage4src:cafca1a725c85583|stage4src:9e43ed044513969a|stage4src:0487b8fbfb76dace|stage4src:578a8465bb3a3212,partial,low,No candidate clears every Stage 4 professor evidence gate.,graduate_audit.evidence_scoring:v1,partial_evidence_calculation,2026-09-10T20:10:22.746680+00:00
2.0,scoreev:31f675cc1be55cbd,ca:dli:O19425660421:program:thesis-or-research-master-s:msc-in-computer-science-thesis,ca:dli:O19425660421,University of Saskatchewan,department_program_depth,0,15,none,No distinct verified strong match.,stage4src:a568ee7790faaaeb|stage4src:cafca1a725c85583|stage4src:9e43ed044513969a|stage4src:0487b8fbfb76dace|stage4src:578a8465bb3a3212,complete,high,No verified department depth.,graduate_audit.evidence_scoring:v1,verified_calculation,2026-09-10T20:10:22.746680+00:00
2.0,scoreev:f3f78f589015fe8b,ca:dli:O19425660421:program:thesis-or-research-master-s:msc-in-computer-science-thesis,ca:dli:O19425660421,University of Saskatchewan,funding_net_viability,0,25,no_verified_material_support,No verified official material funding evidence is available.,,missing,low,No verified official material funding source is recorded.,graduate_audit.evidence_scoring:v1,partial_evidence_calculation,2026-09-10T20:10:22.746680+00:00
2.0,scoreev:cb8f368714e184c9,ca:dli:O19425660421:program:thesis-or-research-master-s:msc-in-computer-science-thesis,ca:dli:O19425660421,University of Saskatchewan,eligibility_credential_alignment,10,15,verified_with_material_question,"The route appears formally available, but GPA interpretation, credential equivalency, prerequisites, or direct-entry treatment needs confirmation.",stage3src:dbbb4a08280187f009f5|stage3src:4a704d541f8fe240f362,partial,medium,Confirm which funding-source GPA condition would apply to this offer and the 2027-28 fee amount,graduate_audit.evidence_scoring:v1,verified_calculation,2026-09-10T20:10:22.746680+00:00
2.0,scoreev:0fbf3d9ecc5dfe7f,ca:dli:O19425660421:program:thesis-or-research-master-s:msc-in-computer-science-thesis,ca:dli:O19425660421,University of Saskatchewan,degree_admissions_alignment,10,10,verified_compatible_route,Exact research route and degree structure are compatible with the applicant's current degree.,stage3src:dbbb4a08280187f009f5|stage3src:4a704d541f8fe240f362,complete,high,,graduate_audit.evidence_scoring:v1,verified_calculation,2026-09-10T20:10:22.746680+00:00
2.0,scoreev:f851868bb929d6c7,ca:dli:O19425660421:program:thesis-or-research-master-s:msc-in-computer-science-thesis,ca:dli:O19425660421,University of Saskatchewan,application_economics,0,5,high_or_unverified_cost,"Fee exceeds 100, a broad waiver is unavailable, or the applicable fee is unverified.",stage3src:dbbb4a08280187f009f5|stage3src:4a704d541f8fe240f362,partial,low,Fee is high or the applicable Fall 2027 amount/waiver remains unverified.,graduate_audit.evidence_scoring:v1,partial_evidence_calculation,2026-09-10T20:10:22.746680+00:00
2.0,scoreev:1cc3d4ae7ef1d75f,ca:dli:O19332746152:program:direct-entry-phd:phd-in-computer-science-phd-u,ca:dli:O19332746152,University of Toronto,professor_alignment,0,30,no_verified_strong,No candidate clears every professor-evidence gate.,stage4src:dbf441ddf621fe00|stage4src:d4902b83a0f7db27|stage4src:3d3a426d4d1d56db|stage4src:a3927a57d357e79f|stage4src:c7258e5c2c196b84,partial,low,No candidate clears every Stage 4 professor evidence gate.,graduate_audit.evidence_scoring:v1,partial_evidence_calculation,2026-09-10T20:10:22.746680+00:00
2.0,scoreev:942f0497ddffba26,ca:dli:O19332746152:program:direct-entry-phd:phd-in-computer-science-phd-u,ca:dli:O19332746152,University of Toronto,department_program_depth,0,15,none,No distinct verified strong match.,stage4src:dbf441ddf621fe00|stage4src:d4902b83a0f7db27|stage4src:3d3a426d4d1d56db|stage4src:a3927a57d357e79f|stage4src:c7258e5c2c196b84,complete,high,No verified department depth.,graduate_audit.evidence_scoring:v1,verified_calculation,2026-09-10T20:10:22.746680+00:00
2.0,scoreev:a0b2cf172ea9a01c,ca:dli:O19332746152:program:direct-entry-phd:phd-in-computer-science-phd-u,ca:dli:O19332746152,University of Toronto,funding_net_viability,0,25,no_verified_material_support,No verified official material funding evidence is available.,,missing,low,No verified official material funding source is recorded.,graduate_audit.evidence_scoring:v1,partial_evidence_calculation,2026-09-10T20:10:22.746680+00:00
2.0,scoreev:67939d2ea0d3eec3,ca:dli:O19332746152:program:direct-entry-phd:phd-in-computer-science-phd-u,ca:dli:O19332746152,University of Toronto,eligibility_credential_alignment,10,15,verified_with_material_question,"The route appears formally available, but GPA interpretation, credential equivalency, prerequisites, or direct-entry treatment needs confirmation.",stage3src:f702a1c2cfbc2656f2a9|stage3src:f4c36d7bb312c54791a1|stage3src:461e7a0f7b05e1216afe,partial,medium,Recheck deadline immediately after the Fall 2027 application opens in October 2026,graduate_audit.evidence_scoring:v1,verified_calculation,2026-09-10T20:10:22.746680+00:00
2.0,scoreev:4292ea24c3ea22e3,ca:dli:O19332746152:program:direct-entry-phd:phd-in-computer-science-phd-u,ca:dli:O19332746152,University of Toronto,degree_admissions_alignment,10,10,verified_compatible_route,Exact research route and degree structure are compatible with the applicant's current degree.,stage3src:f702a1c2cfbc2656f2a9|stage3src:f4c36d7bb312c54791a1|stage3src:461e7a0f7b05e1216afe,complete,high,,graduate_audit.evidence_scoring:v1,verified_calculation,2026-09-10T20:10:22.746680+00:00
2.0,scoreev:14ca6690402eeb11,ca:dli:O19332746152:program:direct-entry-phd:phd-in-computer-science-phd-u,ca:dli:O19332746152,University of Toronto,application_economics,0,5,high_or_unverified_cost,"Fee exceeds 100, a broad waiver is unavailable, or the applicable fee is unverified.",stage3src:f702a1c2cfbc2656f2a9|stage3src:461e7a0f7b05e1216afe|stage3src:f4c36d7bb312c54791a1,partial,low,Fee is high or the applicable Fall 2027 amount/waiver remains unverified.,graduate_audit.evidence_scoring:v1,partial_evidence_calculation,2026-09-10T20:10:22.746680+00:00
2.0,scoreev:e110c1dff9652c8d,ca:dli:O19280533442:program:thesis-or-research-master-s:msc-in-computer-science-thesis,ca:dli:O19280533442,University of Victoria,professor_alignment,0,30,no_verified_strong,No candidate clears every professor-evidence gate.,stage4src:48bfebfbf5da0bfd|stage4src:0dad4fa7cd47394b|stage4src:1c7b0031861ef268|stage4src:d4314157535b1af3,partial,low,No candidate clears every Stage 4 professor evidence gate.,graduate_audit.evidence_scoring:v1,partial_evidence_calculation,2026-09-10T20:10:22.746680+00:00
2.0,scoreev:2329e87d4c6d802f,ca:dli:O19280533442:program:thesis-or-research-master-s:msc-in-computer-science-thesis,ca:dli:O19280533442,University of Victoria,department_program_depth,0,15,none,No distinct verified strong match.,stage4src:48bfebfbf5da0bfd|stage4src:0dad4fa7cd47394b|stage4src:1c7b0031861ef268|stage4src:d4314157535b1af3,complete,high,No verified department depth.,graduate_audit.evidence_scoring:v1,verified_calculation,2026-09-10T20:10:22.746680+00:00
2.0,scoreev:ffef2e378df6dd02,ca:dli:O19280533442:program:thesis-or-research-master-s:msc-in-computer-science-thesis,ca:dli:O19280533442,University of Victoria,funding_net_viability,0,25,no_verified_material_support,No verified official material funding evidence is available.,,missing,low,No verified official material funding source is recorded.,graduate_audit.evidence_scoring:v1,partial_evidence_calculation,2026-09-10T20:10:22.746680+00:00
2.0,scoreev:0ec0a425250176bd,ca:dli:O19280533442:program:thesis-or-research-master-s:msc-in-computer-science-thesis,ca:dli:O19280533442,University of Victoria,eligibility_credential_alignment,10,15,verified_with_material_question,"The route appears formally available, but GPA interpretation, credential equivalency, prerequisites, or direct-entry treatment needs confirmation.",stage3src:99b09bd6ffa8a02e9ef9|stage3src:24c922ea8084f13614cd|stage3src:15418dfd50552d9fd7e0,partial,medium,Can the department or prospective supervisor confirm a two-year net minimum for an international thesis MSc?,graduate_audit.evidence_scoring:v1,verified_calculation,2026-09-10T20:10:22.746680+00:00
2.0,scoreev:d9b0d108158607b9,ca:dli:O19280533442:program:thesis-or-research-master-s:msc-in-computer-science-thesis,ca:dli:O19280533442,University of Victoria,degree_admissions_alignment,10,10,verified_compatible_route,Exact research route and degree structure are compatible with the applicant's current degree.,stage3src:99b09bd6ffa8a02e9ef9|stage3src:24c922ea8084f13614cd|stage3src:15418dfd50552d9fd7e0,complete,high,,graduate_audit.evidence_scoring:v1,verified_calculation,2026-09-10T20:10:22.746680+00:00
2.0,scoreev:af2d0ffb26798c82,ca:dli:O19280533442:program:thesis-or-research-master-s:msc-in-computer-science-thesis,ca:dli:O19280533442,University of Victoria,application_economics,0,5,high_or_unverified_cost,"Fee exceeds 100, a broad waiver is unavailable, or the applicable fee is unverified.",stage3src:99b09bd6ffa8a02e9ef9|stage3src:24c922ea8084f13614cd|stage3src:15418dfd50552d9fd7e0,partial,low,Fee is high or the applicable Fall 2027 amount/waiver remains unverified.,graduate_audit.evidence_scoring:v1,partial_evidence_calculation,2026-09-10T20:10:22.746680+00:00
2.0,scoreev:c0be2932db3c808f,ca:dli:O19305471522:program:thesis-or-research-master-s:mmath-in-computer-science-thesis,ca:dli:O19305471522,University of Waterloo,professor_alignment,0,30,no_verified_strong,No candidate clears every professor-evidence gate.,stage4src:b28a477c19c2b49a|stage4src:b59a83259fb16534|stage4src:921b127ba309c2d9|stage4src:05b89074ccb9eb0c,partial,low,No candidate clears every Stage 4 professor evidence gate.,graduate_audit.evidence_scoring:v1,partial_evidence_calculation,2026-09-10T20:10:22.746680+00:00
2.0,scoreev:f383d33fe83308e9,ca:dli:O19305471522:program:thesis-or-research-master-s:mmath-in-computer-science-thesis,ca:dli:O19305471522,University of Waterloo,department_program_depth,0,15,none,No distinct verified strong match.,stage4src:b28a477c19c2b49a|stage4src:b59a83259fb16534|stage4src:921b127ba309c2d9|stage4src:05b89074ccb9eb0c,complete,high,No verified department depth.,graduate_audit.evidence_scoring:v1,verified_calculation,2026-09-10T20:10:22.746680+00:00
2.0,scoreev:a2236d6d5a03f064,ca:dli:O19305471522:program:thesis-or-research-master-s:mmath-in-computer-science-thesis,ca:dli:O19305471522,University of Waterloo,funding_net_viability,0,25,no_verified_material_support,No verified official material funding evidence is available.,,missing,low,No verified official material funding source is recorded.,graduate_audit.evidence_scoring:v1,partial_evidence_calculation,2026-09-10T20:10:22.746680+00:00
2.0,scoreev:70548a9d8fbf0fd3,ca:dli:O19305471522:program:thesis-or-research-master-s:mmath-in-computer-science-thesis,ca:dli:O19305471522,University of Waterloo,eligibility_credential_alignment,10,15,verified_with_material_question,"The route appears formally available, but GPA interpretation, credential equivalency, prerequisites, or direct-entry treatment needs confirmation.",stage3src:12ea7ecfced5133b69c0|stage3src:ca85b85eedd3317988af|stage3src:776c4f843b079e996c5a,partial,medium,Ask graduate admissions how the applicant's US transcript is converted and confirm Fall 2027 net funding,graduate_audit.evidence_scoring:v1,verified_calculation,2026-09-10T20:10:22.746680+00:00
2.0,scoreev:d5e69055dba7ed35,ca:dli:O19305471522:program:thesis-or-research-master-s:mmath-in-computer-science-thesis,ca:dli:O19305471522,University of Waterloo,degree_admissions_alignment,10,10,verified_compatible_route,Exact research route and degree structure are compatible with the applicant's current degree.,stage3src:12ea7ecfced5133b69c0|stage3src:ca85b85eedd3317988af|stage3src:776c4f843b079e996c5a,complete,high,,graduate_audit.evidence_scoring:v1,verified_calculation,2026-09-10T20:10:22.746680+00:00
2.0,scoreev:ef7573b87b0f65c4,ca:dli:O19305471522:program:thesis-or-research-master-s:mmath-in-computer-science-thesis,ca:dli:O19305471522,University of Waterloo,application_economics,0,5,high_or_unverified_cost,"Fee exceeds 100, a broad waiver is unavailable, or the applicable fee is unverified.",stage3src:12ea7ecfced5133b69c0|stage3src:ca85b85eedd3317988af|stage3src:776c4f843b079e996c5a,partial,low,Fee is high or the applicable Fall 2027 amount/waiver remains unverified.,graduate_audit.evidence_scoring:v1,partial_evidence_calculation,2026-09-10T20:10:22.746680+00:00
2.0,scoreev:2e45be53cd2dc3c3,ca:dli:O19330231062:program:integrated-or-structured-doctorate:phd-track-via-msc,ca:dli:O19330231062,University of British Columbia,professor_alignment,0,30,no_verified_strong,No candidate clears every professor-evidence gate.,stage4src:3e3f85440ddb6541|stage4src:e9a8597f4999bf55|stage4src:5f1ff8b1d30321a8,partial,low,No candidate clears every Stage 4 professor evidence gate.,graduate_audit.evidence_scoring:v1,partial_evidence_calculation,2026-09-10T20:10:22.746680+00:00
2.0,scoreev:8f2ab275f435a240,ca:dli:O19330231062:program:integrated-or-structured-doctorate:phd-track-via-msc,ca:dli:O19330231062,University of British Columbia,department_program_depth,0,15,none,No distinct verified strong match.,stage4src:3e3f85440ddb6541|stage4src:e9a8597f4999bf55|stage4src:5f1ff8b1d30321a8,complete,high,No verified department depth.,graduate_audit.evidence_scoring:v1,verified_calculation,2026-09-10T20:10:22.746680+00:00
2.0,scoreev:a6286f814e51df25,ca:dli:O19330231062:program:integrated-or-structured-doctorate:phd-track-via-msc,ca:dli:O19330231062,University of British Columbia,funding_net_viability,0,25,no_verified_material_support,No verified official material funding evidence is available.,,missing,low,No verified official material funding source is recorded.,graduate_audit.evidence_scoring:v1,partial_evidence_calculation,2026-09-10T20:10:22.746680+00:00
2.0,scoreev:7d63b1b6deb8208e,ca:dli:O19330231062:program:integrated-or-structured-doctorate:phd-track-via-msc,ca:dli:O19330231062,University of British Columbia,eligibility_credential_alignment,10,15,verified_with_material_question,"The route appears formally available, but GPA interpretation, credential equivalency, prerequisites, or direct-entry treatment needs confirmation.",stage3src:fe2c0ccca3f8804afaa8|stage3src:9c44882e6c216372d0d4|stage3src:a3bc5e7b415ec5a86780,partial,medium,Whether the applicant should signal PhD Track interest and how selection occurs for Fall 2027,graduate_audit.evidence_scoring:v1,verified_calculation,2026-09-10T20:10:22.746680+00:00
2.0,scoreev:3437e5b7f77b29c2,ca:dli:O19330231062:program:integrated-or-structured-doctorate:phd-track-via-msc,ca:dli:O19330231062,University of British Columbia,degree_admissions_alignment,5,10,compatible_but_supervisor_or_entry_question,"The research structure is compatible, but direct entry or supervisor-gated admission remains material.",stage3src:fe2c0ccca3f8804afaa8|stage3src:9c44882e6c216372d0d4|stage3src:a3bc5e7b415ec5a86780,partial,medium,Whether the applicant should signal PhD Track interest and how selection occurs for Fall 2027,graduate_audit.evidence_scoring:v1,verified_calculation,2026-09-10T20:10:22.746680+00:00
2.0,scoreev:eb4dfe9a0d687f4a,ca:dli:O19330231062:program:integrated-or-structured-doctorate:phd-track-via-msc,ca:dli:O19330231062,University of British Columbia,application_economics,3,5,moderate_fee_or_possible_waiver,Fee is at most 100 in the stated currency or a plausible but non-guaranteed waiver path exists.,stage3src:fe2c0ccca3f8804afaa8|stage3src:9c44882e6c216372d0d4|stage3src:a3bc5e7b415ec5a86780,partial,medium,Applicable waiver or final Fall 2027 cost is not guaranteed.,graduate_audit.evidence_scoring:v1,verified_calculation,2026-09-10T20:10:22.746680+00:00
2.0,scoreev:2a2879e4c5a824d0,ca:dli:O19305471522:program:direct-entry-phd:phd-in-computer-science-direct-from-bachelor-s-exception,ca:dli:O19305471522,University of Waterloo,professor_alignment,0,30,no_verified_strong,No candidate clears every professor-evidence gate.,stage4src:1ceede9aeaba0c0d|stage4src:be777a4dedfa94d4|stage4src:0abf094fe27b5e19,partial,low,No candidate clears every Stage 4 professor evidence gate.,graduate_audit.evidence_scoring:v1,partial_evidence_calculation,2026-09-10T20:10:22.746680+00:00
2.0,scoreev:c8874384f88cdadd,ca:dli:O19305471522:program:direct-entry-phd:phd-in-computer-science-direct-from-bachelor-s-exception,ca:dli:O19305471522,University of Waterloo,department_program_depth,0,15,none,No distinct verified strong match.,stage4src:1ceede9aeaba0c0d|stage4src:be777a4dedfa94d4|stage4src:0abf094fe27b5e19,complete,high,No verified department depth.,graduate_audit.evidence_scoring:v1,verified_calculation,2026-09-10T20:10:22.746680+00:00
2.0,scoreev:877ef1d659709061,ca:dli:O19305471522:program:direct-entry-phd:phd-in-computer-science-direct-from-bachelor-s-exception,ca:dli:O19305471522,University of Waterloo,funding_net_viability,0,25,no_verified_material_support,No verified official material funding evidence is available.,,missing,low,No verified official material funding source is recorded.,graduate_audit.evidence_scoring:v1,partial_evidence_calculation,2026-09-10T20:10:22.746680+00:00
2.0,scoreev:baf59131189b9f59,ca:dli:O19305471522:program:direct-entry-phd:phd-in-computer-science-direct-from-bachelor-s-exception,ca:dli:O19305471522,University of Waterloo,eligibility_credential_alignment,10,15,verified_with_material_question,"The route appears formally available, but GPA interpretation, credential equivalency, prerequisites, or direct-entry treatment needs confirmation.",stage3src:ed53e595d1aa3667f920|stage3src:1959a7d5617ee20176df,partial,medium,Would the department encourage PhD direct entry or the MMath route for this profile?,graduate_audit.evidence_scoring:v1,verified_calculation,2026-09-10T20:10:22.746680+00:00
2.0,scoreev:576527cd5fb97240,ca:dli:O19305471522:program:direct-entry-phd:phd-in-computer-science-direct-from-bachelor-s-exception,ca:dli:O19305471522,University of Waterloo,degree_admissions_alignment,5,10,compatible_but_supervisor_or_entry_question,"The research structure is compatible, but direct entry or supervisor-gated admission remains material.",stage3src:ed53e595d1aa3667f920|stage3src:1959a7d5617ee20176df,partial,medium,Would the department encourage PhD direct entry or the MMath route for this profile?,graduate_audit.evidence_scoring:v1,verified_calculation,2026-09-10T20:10:22.746680+00:00
2.0,scoreev:853ecbde153b458c,ca:dli:O19305471522:program:direct-entry-phd:phd-in-computer-science-direct-from-bachelor-s-exception,ca:dli:O19305471522,University of Waterloo,application_economics,0,5,high_or_unverified_cost,"Fee exceeds 100, a broad waiver is unavailable, or the applicable fee is unverified.",stage3src:ed53e595d1aa3667f920|stage3src:1959a7d5617ee20176df,partial,low,Fee is high or the applicable Fall 2027 amount/waiver remains unverified.,graduate_audit.evidence_scoring:v1,partial_evidence_calculation,2026-09-10T20:10:22.746680+00:00
2.0,scoreev:ff6eac3baf6c71af,ca:dli:O18886830282:program:direct-entry-phd:phd-in-computer-science-without-completed-msc,ca:dli:O18886830282,University of Calgary,professor_alignment,0,30,no_verified_strong,No candidate clears every professor-evidence gate.,stage4src:3ac0872b185d29fd|stage4src:2301d1bab86f03a6|stage4src:0157ce84b18e9fe0|stage4src:da9e0f1a35c4b388|stage4src:af099e591418f696|stage4src:9f42d47d9cae6e82|stage4src:548cfee0c49fb21f,partial,low,No candidate clears every Stage 4 professor evidence gate.,graduate_audit.evidence_scoring:v1,partial_evidence_calculation,2026-09-10T20:10:22.746680+00:00
2.0,scoreev:9e8995dadd75ace0,ca:dli:O18886830282:program:direct-entry-phd:phd-in-computer-science-without-completed-msc,ca:dli:O18886830282,University of Calgary,department_program_depth,0,15,none,No distinct verified strong match.,stage4src:3ac0872b185d29fd|stage4src:2301d1bab86f03a6|stage4src:0157ce84b18e9fe0|stage4src:da9e0f1a35c4b388|stage4src:af099e591418f696|stage4src:9f42d47d9cae6e82|stage4src:548cfee0c49fb21f,complete,high,No verified department depth.,graduate_audit.evidence_scoring:v1,verified_calculation,2026-09-10T20:10:22.746680+00:00
2.0,scoreev:c9e26a884b0f1369,ca:dli:O18886830282:program:direct-entry-phd:phd-in-computer-science-without-completed-msc,ca:dli:O18886830282,University of Calgary,funding_net_viability,0,25,no_verified_material_support,No verified official material funding evidence is available.,,missing,low,No verified official material funding source is recorded.,graduate_audit.evidence_scoring:v1,partial_evidence_calculation,2026-09-10T20:10:22.746680+00:00
2.0,scoreev:f049c27570f5ae07,ca:dli:O18886830282:program:direct-entry-phd:phd-in-computer-science-without-completed-msc,ca:dli:O18886830282,University of Calgary,eligibility_credential_alignment,5,15,resolvable_eligibility_question,A material formal-eligibility question remains unresolved.,stage3src:fee57cfe370b383a504f|stage3src:0d939edeb211491d624c,partial,low,"Will Calgary admit an external bachelor's holder directly, cover year five, and state the net amount after tuition and fees?",graduate_audit.evidence_scoring:v1,verified_calculation,2026-09-10T20:10:22.746680+00:00
2.0,scoreev:bfdf4df9b1b47e45,ca:dli:O18886830282:program:direct-entry-phd:phd-in-computer-science-without-completed-msc,ca:dli:O18886830282,University of Calgary,degree_admissions_alignment,5,10,compatible_but_supervisor_or_entry_question,"The research structure is compatible, but direct entry or supervisor-gated admission remains material.",stage3src:fee57cfe370b383a504f|stage3src:0d939edeb211491d624c,partial,medium,"Will Calgary admit an external bachelor's holder directly, cover year five, and state the net amount after tuition and fees?",graduate_audit.evidence_scoring:v1,verified_calculation,2026-09-10T20:10:22.746680+00:00
2.0,scoreev:97fb87dbbe5ba63c,ca:dli:O18886830282:program:direct-entry-phd:phd-in-computer-science-without-completed-msc,ca:dli:O18886830282,University of Calgary,application_economics,0,5,high_or_unverified_cost,"Fee exceeds 100, a broad waiver is unavailable, or the applicable fee is unverified.",stage3src:0d939edeb211491d624c|stage3src:fee57cfe370b383a504f,partial,low,Fee is high or the applicable Fall 2027 amount/waiver remains unverified.,graduate_audit.evidence_scoring:v1,partial_evidence_calculation,2026-09-10T20:10:22.746680+00:00
