source_id,institution_id,institution_name,program_id,program_or_professor,claim_type,exact_claim_supported,source_title,publisher,publication_date,url,source_type,official_or_secondary,date_accessed,admissions_cycle,confidence,verification_status,access_note
src:7d3e3a36114d812d,ca:dli:O18760756062,Alberta University of the Arts,,,graduate authority and international-student eligibility,IRCC lists this DLI as a public institution offering PAL/TAL-exempt graduate degree programs at the master's or doctorate level.,Designated learning institutions list,"Immigration, Refugees and Citizenship Canada",2026-09-01,https://www.canada.ca/en/immigration-refugees-citizenship/services/study-canada/study-permit/prepare/designated-learning-institutions-list.html,federal live directory,official,2026-09-09,Current status; not a Fall 2027 program-admission guarantee,High,opened and parsed,DLI O18760756062; 1 campus rows collapsed; page SHA-256 in manifest
src:7d964f950a482cff,ca:dli:O18760756062,Alberta University of the Arts,,,recognition,CICIC Recognized (Public university),CICIC institution record — Alberta University of the Arts,Canadian Information Centre for International Credentials,,https://www.cicic.ca/873/Alberta_University_of_the_Arts.canada?id=3717,national authoritative directory,official/system authority,2026-09-09,,High,matched,CICIC normalized-name score 1.000
src:fce0f40b98f52ac0,ca:dli:O18760756062,Alberta University of the Arts,,,mechanical exclusion,Official institutional scope is art and design; no computing research graduate degree identified.,Official institutional website / program inventory,Alberta University of the Arts,,https://www.auarts.ca,official institutional website,official,2026-09-09,,Medium,negative mechanical screen; manual audit required,Absence is not treated as conclusive beyond this screening phase.
src:7d3e3a36114d812d,ca:dli:O19092373272,Athabasca University,,,graduate authority and international-student eligibility,IRCC lists this DLI as a public institution offering PAL/TAL-exempt graduate degree programs at the master's or doctorate level.,Designated learning institutions list,"Immigration, Refugees and Citizenship Canada",2026-09-01,https://www.canada.ca/en/immigration-refugees-citizenship/services/study-canada/study-permit/prepare/designated-learning-institutions-list.html,federal live directory,official,2026-09-09,Current status; not a Fall 2027 program-admission guarantee,High,opened and parsed,DLI O19092373272; 2 campus rows collapsed; page SHA-256 in manifest
src:9c0651203b0aa795,ca:dli:O19092373272,Athabasca University,,,recognition,CICIC Recognized (Public university),CICIC institution record — Athabasca University,Canadian Information Centre for International Credentials,,https://www.cicic.ca/873/Athabasca_University.canada?id=4030,national authoritative directory,official/system authority,2026-09-09,,High,matched,CICIC normalized-name score 1.000
src:7d3e3a36114d812d,ca:dli:O19073475522,Concordia University of Edmonton,,,graduate authority and international-student eligibility,IRCC lists this DLI as a public institution offering PAL/TAL-exempt graduate degree programs at the master's or doctorate level.,Designated learning institutions list,"Immigration, Refugees and Citizenship Canada",2026-09-01,https://www.canada.ca/en/immigration-refugees-citizenship/services/study-canada/study-permit/prepare/designated-learning-institutions-list.html,federal live directory,official,2026-09-09,Current status; not a Fall 2027 program-admission guarantee,High,opened and parsed,DLI O19073475522; 1 campus rows collapsed; page SHA-256 in manifest
src:a3ba3b47ebabde1e,ca:dli:O19073475522,Concordia University of Edmonton,,,recognition,CICIC Authorized (Non-profit university),"CICIC institution record — Concordia University of Edmonton, Alberta",Canadian Information Centre for International Credentials,,"https://www.cicic.ca/873/Concordia_University_of_Edmonton,_Alberta.canada?id=1481",national authoritative directory,official/system authority,2026-09-09,,High,matched,CICIC normalized-name score 0.889
src:7d3e3a36114d812d,ca:dli:O18713227822,Olds College,,,graduate authority and international-student eligibility,IRCC lists this DLI as a public institution offering PAL/TAL-exempt graduate degree programs at the master's or doctorate level.,Designated learning institutions list,"Immigration, Refugees and Citizenship Canada",2026-09-01,https://www.canada.ca/en/immigration-refugees-citizenship/services/study-canada/study-permit/prepare/designated-learning-institutions-list.html,federal live directory,official,2026-09-09,Current status; not a Fall 2027 program-admission guarantee,High,opened and parsed,DLI O18713227822; 3 campus rows collapsed; page SHA-256 in manifest
src:7d3e3a36114d812d,ca:dli:O18713227822,Olds College,,,recognition,Exact CICIC directory-name match remains unresolved; no blanket recognition claim made.,CICIC current-directory scope and IRCC DLI record,Canadian Information Centre for International Credentials,,https://www.canada.ca/en/immigration-refugees-citizenship/services/study-canada/study-permit/prepare/designated-learning-institutions-list.html,national authoritative directory,official/system authority,2026-09-09,,Medium,manual match required,CICIC normalized-name score 0.643
src:7d3e3a36114d812d,ca:dli:O19257171832,University of Alberta,,,graduate authority and international-student eligibility,IRCC lists this DLI as a public institution offering PAL/TAL-exempt graduate degree programs at the master's or doctorate level.,Designated learning institutions list,"Immigration, Refugees and Citizenship Canada",2026-09-01,https://www.canada.ca/en/immigration-refugees-citizenship/services/study-canada/study-permit/prepare/designated-learning-institutions-list.html,federal live directory,official,2026-09-09,Current status; not a Fall 2027 program-admission guarantee,High,opened and parsed,DLI O19257171832; 2 campus rows collapsed; page SHA-256 in manifest
src:28e8f2cffb59be36,ca:dli:O19257171832,University of Alberta,,,recognition,CICIC Recognized (Public university),CICIC institution record — University of Alberta,Canadian Information Centre for International Credentials,,https://www.cicic.ca/873/University_of_Alberta.canada?id=3526,national authoritative directory,official/system authority,2026-09-09,,High,matched,CICIC normalized-name score 1.000
src:7d3e3a36114d812d,ca:dli:O18886830282,University of Calgary,,,graduate authority and international-student eligibility,IRCC lists this DLI as a public institution offering PAL/TAL-exempt graduate degree programs at the master's or doctorate level.,Designated learning institutions list,"Immigration, Refugees and Citizenship Canada",2026-09-01,https://www.canada.ca/en/immigration-refugees-citizenship/services/study-canada/study-permit/prepare/designated-learning-institutions-list.html,federal live directory,official,2026-09-09,Current status; not a Fall 2027 program-admission guarantee,High,opened and parsed,DLI O18886830282; 1 campus rows collapsed; page SHA-256 in manifest
src:6a10860fe64e6494,ca:dli:O18886830282,University of Calgary,,,recognition,CICIC Recognized (Public university),CICIC institution record — University of Calgary,Canadian Information Centre for International Credentials,,https://www.cicic.ca/873/University_of_Calgary.canada?id=3536,national authoritative directory,official/system authority,2026-09-09,,High,matched,CICIC normalized-name score 1.000
src:f60d5d16587e08e4,ca:dli:O18886830282,University of Calgary,ca:dli:O18886830282:program:thesis-or-research-master-s:msc-in-computer-science-thesis,MSc in Computer Science (thesis),program status and degree structure,The official page identifies MSc in Computer Science (thesis) and contains research/thesis evidence.,CPSC Future Students Graduate Thesis Programs | DEPARTMENT OF COMPUTER SCIENCE | Faculty of Science | University of Calgary,University of Calgary,,https://science.ucalgary.ca/computer-science/future-students/graduate/thesis-programs,official program page,official,2026-09-09,Current page; Fall 2027 dates not assumed,High for program existence and research structure,opened,HTTP 200; page SHA-256 in evidence file
src:7d3e3a36114d812d,ca:dli:O18776949622,University of Lethbridge,,,graduate authority and international-student eligibility,IRCC lists this DLI as a public institution offering PAL/TAL-exempt graduate degree programs at the master's or doctorate level.,Designated learning institutions list,"Immigration, Refugees and Citizenship Canada",2026-09-01,https://www.canada.ca/en/immigration-refugees-citizenship/services/study-canada/study-permit/prepare/designated-learning-institutions-list.html,federal live directory,official,2026-09-09,Current status; not a Fall 2027 program-admission guarantee,High,opened and parsed,DLI O18776949622; 2 campus rows collapsed; page SHA-256 in manifest
src:2e0ea5066c860f41,ca:dli:O18776949622,University of Lethbridge,,,recognition,CICIC Recognized (Public university),CICIC institution record — University of Lethbridge,Canadian Information Centre for International Credentials,,https://www.cicic.ca/873/University_of_Lethbridge.canada?id=3407,national authoritative directory,official/system authority,2026-09-09,,High,matched,CICIC normalized-name score 1.000
src:634f23dc4e5527f4,ca:dli:O18776949622,University of Lethbridge,ca:dli:O18776949622:program:thesis-or-research-master-s:msc-in-computer-science,MSc in Computer Science,program status and degree structure,The official page identifies MSc in Computer Science and contains research/thesis evidence.,Computer Science (MSc) | University of Lethbridge,University of Lethbridge,,https://www.ulethbridge.ca/future-student/graduate-studies/master-science/computer-science,official program page,official,2026-09-09,Current page; Fall 2027 dates not assumed,High for program existence and research structure,opened,HTTP 200; page SHA-256 in evidence file
src:7d3e3a36114d812d,ca:dli:O19330128542,British Columbia Institute of Technology,,,graduate authority and international-student eligibility,IRCC lists this DLI as a public institution offering PAL/TAL-exempt graduate degree programs at the master's or doctorate level.,Designated learning institutions list,"Immigration, Refugees and Citizenship Canada",2026-09-01,https://www.canada.ca/en/immigration-refugees-citizenship/services/study-canada/study-permit/prepare/designated-learning-institutions-list.html,federal live directory,official,2026-09-09,Current status; not a Fall 2027 program-admission guarantee,High,opened and parsed,DLI O19330128542; 1 campus rows collapsed; page SHA-256 in manifest
src:7d3e3a36114d812d,ca:dli:O19330128542,British Columbia Institute of Technology,,,recognition,Exact CICIC directory-name match remains unresolved; no blanket recognition claim made.,CICIC current-directory scope and IRCC DLI record,Canadian Information Centre for International Credentials,,https://www.canada.ca/en/immigration-refugees-citizenship/services/study-canada/study-permit/prepare/designated-learning-institutions-list.html,national authoritative directory,official/system authority,2026-09-09,,Medium,manual match required,CICIC normalized-name score 0.694
src:7d3e3a36114d812d,ca:dli:O19361259712,Emily Carr University of Art and Design,,,graduate authority and international-student eligibility,IRCC lists this DLI as a public institution offering PAL/TAL-exempt graduate degree programs at the master's or doctorate level.,Designated learning institutions list,"Immigration, Refugees and Citizenship Canada",2026-09-01,https://www.canada.ca/en/immigration-refugees-citizenship/services/study-canada/study-permit/prepare/designated-learning-institutions-list.html,federal live directory,official,2026-09-09,Current status; not a Fall 2027 program-admission guarantee,High,opened and parsed,DLI O19361259712; 1 campus rows collapsed; page SHA-256 in manifest
src:7f3e04eceba5b1ac,ca:dli:O19361259712,Emily Carr University of Art and Design,,,recognition,CICIC Recognized (Public university),CICIC institution record — Emily Carr University of Art and Design,Canadian Information Centre for International Credentials,,https://www.cicic.ca/873/Emily_Carr_University_of_Art_and_Design.canada?id=1465,national authoritative directory,official/system authority,2026-09-09,,High,matched,CICIC normalized-name score 1.000
src:7f3e04eceba5b1ac,ca:dli:O19361259712,Emily Carr University of Art and Design,,,mechanical exclusion,Official institutional scope is art and design; no computing research graduate degree identified.,Official institutional website / program inventory,Emily Carr University of Art and Design,,https://www.cicic.ca/873/Emily_Carr_University_of_Art_and_Design.canada?id=1465,official institutional website,official,2026-09-09,,Medium,negative mechanical screen; manual audit required,Absence is not treated as conclusive beyond this screening phase.
src:7d3e3a36114d812d,ca:dli:O19330635812,Royal Roads University,,,graduate authority and international-student eligibility,IRCC lists this DLI as a public institution offering PAL/TAL-exempt graduate degree programs at the master's or doctorate level.,Designated learning institutions list,"Immigration, Refugees and Citizenship Canada",2026-09-01,https://www.canada.ca/en/immigration-refugees-citizenship/services/study-canada/study-permit/prepare/designated-learning-institutions-list.html,federal live directory,official,2026-09-09,Current status; not a Fall 2027 program-admission guarantee,High,opened and parsed,DLI O19330635812; 1 campus rows collapsed; page SHA-256 in manifest
src:c8f24c5ae67db8ac,ca:dli:O19330635812,Royal Roads University,,,recognition,CICIC Recognized (Public university),CICIC institution record — Royal Roads University,Canadian Information Centre for International Credentials,,https://www.cicic.ca/873/Royal_Roads_University.canada?id=3619,national authoritative directory,official/system authority,2026-09-09,,High,matched,CICIC normalized-name score 1.000
src:7d3e3a36114d812d,ca:dli:O18781994282,Simon Fraser University,,,graduate authority and international-student eligibility,IRCC lists this DLI as a public institution offering PAL/TAL-exempt graduate degree programs at the master's or doctorate level.,Designated learning institutions list,"Immigration, Refugees and Citizenship Canada",2026-09-01,https://www.canada.ca/en/immigration-refugees-citizenship/services/study-canada/study-permit/prepare/designated-learning-institutions-list.html,federal live directory,official,2026-09-09,Current status; not a Fall 2027 program-admission guarantee,High,opened and parsed,DLI O18781994282; 1 campus rows collapsed; page SHA-256 in manifest
src:b62757d32e9ed0eb,ca:dli:O18781994282,Simon Fraser University,,,recognition,CICIC Recognized (Public university),CICIC institution record — Simon Fraser University,Canadian Information Centre for International Credentials,,https://www.cicic.ca/873/Simon_Fraser_University.canada?id=3647,national authoritative directory,official/system authority,2026-09-09,,High,matched,CICIC normalized-name score 1.000
src:7d3e3a36114d812d,ca:dli:O19395299610,Thompson Rivers University,,,graduate authority and international-student eligibility,IRCC lists this DLI as a public institution offering PAL/TAL-exempt graduate degree programs at the master's or doctorate level.,Designated learning institutions list,"Immigration, Refugees and Citizenship Canada",2026-09-01,https://www.canada.ca/en/immigration-refugees-citizenship/services/study-canada/study-permit/prepare/designated-learning-institutions-list.html,federal live directory,official,2026-09-09,Current status; not a Fall 2027 program-admission guarantee,High,opened and parsed,DLI O19395299610; 1 campus rows collapsed; page SHA-256 in manifest
src:b9e24aa68db215f0,ca:dli:O19395299610,Thompson Rivers University,,,recognition,CICIC Recognized (Public university),CICIC institution record — Thompson Rivers University,Canadian Information Centre for International Credentials,,https://www.cicic.ca/873/Thompson_Rivers_University.canada?id=1290,national authoritative directory,official/system authority,2026-09-09,,High,matched,CICIC normalized-name score 1.000
src:7d3e3a36114d812d,ca:dli:O19330231062,University of British Columbia,,,graduate authority and international-student eligibility,IRCC lists this DLI as a public institution offering PAL/TAL-exempt graduate degree programs at the master's or doctorate level.,Designated learning institutions list,"Immigration, Refugees and Citizenship Canada",2026-09-01,https://www.canada.ca/en/immigration-refugees-citizenship/services/study-canada/study-permit/prepare/designated-learning-institutions-list.html,federal live directory,official,2026-09-09,Current status; not a Fall 2027 program-admission guarantee,High,opened and parsed,DLI O19330231062; 1 campus rows collapsed; page SHA-256 in manifest
src:d04c05d7cd06ef1b,ca:dli:O19330231062,University of British Columbia,,,recognition,CICIC Recognized (Public university),CICIC institution record — University of British Columbia,Canadian Information Centre for International Credentials,,https://www.cicic.ca/873/University_of_British_Columbia.canada?id=1592,national authoritative directory,official/system authority,2026-09-09,,High,matched,CICIC normalized-name score 1.000
src:3ce42f08db4178ee,ca:dli:O19330231062,University of British Columbia,ca:dli:O19330231062:program:thesis-or-research-master-s:msc-in-computer-science,MSc in Computer Science,program status and degree structure,The official page identifies MSc in Computer Science and contains research/thesis evidence.,Admissions | Computer Science at UBC,University of British Columbia,,https://www.cs.ubc.ca/students/grad/admissions,official program page,official,2026-09-09,Current page; Fall 2027 dates not assumed,High for program existence and research structure,opened,HTTP 200; page SHA-256 in evidence file
src:7d3e3a36114d812d,ca:dli:O19283889692,University of Northern British Columbia,,,graduate authority and international-student eligibility,IRCC lists this DLI as a public institution offering PAL/TAL-exempt graduate degree programs at the master's or doctorate level.,Designated learning institutions list,"Immigration, Refugees and Citizenship Canada",2026-09-01,https://www.canada.ca/en/immigration-refugees-citizenship/services/study-canada/study-permit/prepare/designated-learning-institutions-list.html,federal live directory,official,2026-09-09,Current status; not a Fall 2027 program-admission guarantee,High,opened and parsed,DLI O19283889692; 1 campus rows collapsed; page SHA-256 in manifest
src:9e8fb4ca801e9571,ca:dli:O19283889692,University of Northern British Columbia,,,recognition,CICIC Recognized (Public university),CICIC institution record — University of Northern British Columbia,Canadian Information Centre for International Credentials,,https://www.cicic.ca/873/University_of_Northern_British_Columbia.canada?id=3522,national authoritative directory,official/system authority,2026-09-09,,High,matched,CICIC normalized-name score 1.000
src:7d3e3a36114d812d,ca:dli:O19395299642,University of the Fraser Valley,,,graduate authority and international-student eligibility,IRCC lists this DLI as a public institution offering PAL/TAL-exempt graduate degree programs at the master's or doctorate level.,Designated learning institutions list,"Immigration, Refugees and Citizenship Canada",2026-09-01,https://www.canada.ca/en/immigration-refugees-citizenship/services/study-canada/study-permit/prepare/designated-learning-institutions-list.html,federal live directory,official,2026-09-09,Current status; not a Fall 2027 program-admission guarantee,High,opened and parsed,DLI O19395299642; 1 campus rows collapsed; page SHA-256 in manifest
src:1d58c03267063699,ca:dli:O19395299642,University of the Fraser Valley,,,recognition,CICIC Recognized (Public university),CICIC institution record — University of the Fraser Valley,Canadian Information Centre for International Credentials,,https://www.cicic.ca/873/University_of_the_Fraser_Valley.canada?id=3525,national authoritative directory,official/system authority,2026-09-09,,High,matched,CICIC normalized-name score 1.000
src:7d3e3a36114d812d,ca:dli:O19280533442,University of Victoria,,,graduate authority and international-student eligibility,IRCC lists this DLI as a public institution offering PAL/TAL-exempt graduate degree programs at the master's or doctorate level.,Designated learning institutions list,"Immigration, Refugees and Citizenship Canada",2026-09-01,https://www.canada.ca/en/immigration-refugees-citizenship/services/study-canada/study-permit/prepare/designated-learning-institutions-list.html,federal live directory,official,2026-09-09,Current status; not a Fall 2027 program-admission guarantee,High,opened and parsed,DLI O19280533442; 1 campus rows collapsed; page SHA-256 in manifest
src:ebf73c8d7d433fae,ca:dli:O19280533442,University of Victoria,,,recognition,CICIC Recognized (Public university),CICIC institution record — University of Victoria,Canadian Information Centre for International Credentials,,https://www.cicic.ca/873/University_of_Victoria.canada?id=3579,national authoritative directory,official/system authority,2026-09-09,,High,matched,CICIC normalized-name score 1.000
src:3bec43afedbd80c5,ca:dli:O19280533442,University of Victoria,ca:dli:O19280533442:program:thesis-or-research-master-s:msc-in-computer-science,MSc in Computer Science,program status and degree structure,The official page identifies MSc in Computer Science and contains research/thesis evidence.,Computer Science (MSc) - Computer Science - UVic,University of Victoria,,https://www.uvic.ca/ecs/computerscience/programs/msc/index.php,official program page,official,2026-09-09,Current page; Fall 2027 dates not assumed,High for program existence and research structure,opened,HTTP 200; page SHA-256 in evidence file
src:7d3e3a36114d812d,ca:dli:O19395299688,Vancouver Island University,,,graduate authority and international-student eligibility,IRCC lists this DLI as a public institution offering PAL/TAL-exempt graduate degree programs at the master's or doctorate level.,Designated learning institutions list,"Immigration, Refugees and Citizenship Canada",2026-09-01,https://www.canada.ca/en/immigration-refugees-citizenship/services/study-canada/study-permit/prepare/designated-learning-institutions-list.html,federal live directory,official,2026-09-09,Current status; not a Fall 2027 program-admission guarantee,High,opened and parsed,DLI O19395299688; 1 campus rows collapsed; page SHA-256 in manifest
src:75e39e827a8a2deb,ca:dli:O19395299688,Vancouver Island University,,,recognition,CICIC Recognized (Public university),CICIC institution record — Vancouver Island University,Canadian Information Centre for International Credentials,,https://www.cicic.ca/873/Vancouver_Island_University.canada?id=3852,national authoritative directory,official/system authority,2026-09-09,,High,matched,CICIC normalized-name score 1.000
src:7d3e3a36114d812d,ca:dli:O19201298932,Brandon University,,,graduate authority and international-student eligibility,IRCC lists this DLI as a public institution offering PAL/TAL-exempt graduate degree programs at the master's or doctorate level.,Designated learning institutions list,"Immigration, Refugees and Citizenship Canada",2026-09-01,https://www.canada.ca/en/immigration-refugees-citizenship/services/study-canada/study-permit/prepare/designated-learning-institutions-list.html,federal live directory,official,2026-09-09,Current status; not a Fall 2027 program-admission guarantee,High,opened and parsed,DLI O19201298932; 1 campus rows collapsed; page SHA-256 in manifest
src:adfb2d1ef5be752b,ca:dli:O19201298932,Brandon University,,,recognition,CICIC Recognized (Public university),CICIC institution record — Brandon University,Canadian Information Centre for International Credentials,,https://www.cicic.ca/873/Brandon_University.canada?id=3894,national authoritative directory,official/system authority,2026-09-09,,High,matched,CICIC normalized-name score 1.000
src:7d3e3a36114d812d,ca:dli:O19091528512,University of Manitoba,,,graduate authority and international-student eligibility,IRCC lists this DLI as a public institution offering PAL/TAL-exempt graduate degree programs at the master's or doctorate level.,Designated learning institutions list,"Immigration, Refugees and Citizenship Canada",2026-09-01,https://www.canada.ca/en/immigration-refugees-citizenship/services/study-canada/study-permit/prepare/designated-learning-institutions-list.html,federal live directory,official,2026-09-09,Current status; not a Fall 2027 program-admission guarantee,High,opened and parsed,DLI O19091528512; 1 campus rows collapsed; page SHA-256 in manifest
src:3eb5d4decefafec8,ca:dli:O19091528512,University of Manitoba,,,recognition,CICIC Recognized (Public university),CICIC institution record — University of Manitoba,Canadian Information Centre for International Credentials,,https://www.cicic.ca/873/University_of_Manitoba.canada?id=3408,national authoritative directory,official/system authority,2026-09-09,,High,matched,CICIC normalized-name score 1.000
src:b5228fb4977d09ea,ca:dli:O19091528512,University of Manitoba,ca:dli:O19091528512:program:thesis-or-research-master-s:msc-in-computer-science,MSc in Computer Science,program status and degree structure,The official page identifies MSc in Computer Science and contains research/thesis evidence.,Computer Science (MSc) | Faculty of Graduate and Postdoctoral Studies | University of Manitoba,University of Manitoba,,https://umanitoba.ca/graduate-studies/admissions/programs-of-study/computer-science-msc,official program page,official,2026-09-09,Current page; Fall 2027 dates not assumed,High for program existence and research structure,opened,HTTP 200; page SHA-256 in evidence file
src:7d3e3a36114d812d,ca:dli:O19147986012,University of Winnipeg,,,graduate authority and international-student eligibility,IRCC lists this DLI as a public institution offering PAL/TAL-exempt graduate degree programs at the master's or doctorate level.,Designated learning institutions list,"Immigration, Refugees and Citizenship Canada",2026-09-01,https://www.canada.ca/en/immigration-refugees-citizenship/services/study-canada/study-permit/prepare/designated-learning-institutions-list.html,federal live directory,official,2026-09-09,Current status; not a Fall 2027 program-admission guarantee,High,opened and parsed,DLI O19147986012; 1 campus rows collapsed; page SHA-256 in manifest
src:7ee5d5f2ee800b53,ca:dli:O19147986012,University of Winnipeg,,,recognition,CICIC Recognized (Public university),CICIC institution record — The University of Winnipeg,Canadian Information Centre for International Credentials,,https://www.cicic.ca/873/The_University_of_Winnipeg.canada?id=3587,national authoritative directory,official/system authority,2026-09-09,,High,matched,CICIC normalized-name score 1.000
src:7d3e3a36114d812d,ca:dli:O19126670302,Université de Saint-Boniface,,,graduate authority and international-student eligibility,IRCC lists this DLI as a public institution offering PAL/TAL-exempt graduate degree programs at the master's or doctorate level.,Designated learning institutions list,"Immigration, Refugees and Citizenship Canada",2026-09-01,https://www.canada.ca/en/immigration-refugees-citizenship/services/study-canada/study-permit/prepare/designated-learning-institutions-list.html,federal live directory,official,2026-09-09,Current status; not a Fall 2027 program-admission guarantee,High,opened and parsed,DLI O19126670302; 1 campus rows collapsed; page SHA-256 in manifest
src:098e7f786d9831f2,ca:dli:O19126670302,Université de Saint-Boniface,,,recognition,CICIC Recognized (Public university),CICIC institution record — Université de Saint-Boniface,Canadian Information Centre for International Credentials,,https://www.cicic.ca/873/Universite_de_Saint-Boniface.canada?id=3942,national authoritative directory,official/system authority,2026-09-09,,High,matched,CICIC normalized-name score 1.000
src:7d3e3a36114d812d,ca:dli:O19273922302,Mount Allison University,,,graduate authority and international-student eligibility,IRCC lists this DLI as a public institution offering PAL/TAL-exempt graduate degree programs at the master's or doctorate level.,Designated learning institutions list,"Immigration, Refugees and Citizenship Canada",2026-09-01,https://www.canada.ca/en/immigration-refugees-citizenship/services/study-canada/study-permit/prepare/designated-learning-institutions-list.html,federal live directory,official,2026-09-09,Current status; not a Fall 2027 program-admission guarantee,High,opened and parsed,DLI O19273922302; 1 campus rows collapsed; page SHA-256 in manifest
src:f20e498c728b0c80,ca:dli:O19273922302,Mount Allison University,,,recognition,CICIC Recognized (Public university),CICIC institution record — Mount Allison University,Canadian Information Centre for International Credentials,,https://www.cicic.ca/873/Mount_Allison_University.canada?id=4038,national authoritative directory,official/system authority,2026-09-09,,High,matched,CICIC normalized-name score 1.000
src:7d3e3a36114d812d,ca:dli:O19391556376,St. Thomas University,,,graduate authority and international-student eligibility,IRCC lists this DLI as a public institution offering PAL/TAL-exempt graduate degree programs at the master's or doctorate level.,Designated learning institutions list,"Immigration, Refugees and Citizenship Canada",2026-09-01,https://www.canada.ca/en/immigration-refugees-citizenship/services/study-canada/study-permit/prepare/designated-learning-institutions-list.html,federal live directory,official,2026-09-09,Current status; not a Fall 2027 program-admission guarantee,High,opened and parsed,DLI O19391556376; 1 campus rows collapsed; page SHA-256 in manifest
src:4f5c87382954bf38,ca:dli:O19391556376,St. Thomas University,,,recognition,CICIC Recognized (Public university),CICIC institution record — St. Thomas University,Canadian Information Centre for International Credentials,,https://www.cicic.ca/873/St._Thomas_University.canada?id=3687,national authoritative directory,official/system authority,2026-09-09,,High,matched,CICIC normalized-name score 1.000
src:7d3e3a36114d812d,ca:dli:O19348802512,University of New Brunswick,,,graduate authority and international-student eligibility,IRCC lists this DLI as a public institution offering PAL/TAL-exempt graduate degree programs at the master's or doctorate level.,Designated learning institutions list,"Immigration, Refugees and Citizenship Canada",2026-09-01,https://www.canada.ca/en/immigration-refugees-citizenship/services/study-canada/study-permit/prepare/designated-learning-institutions-list.html,federal live directory,official,2026-09-09,Current status; not a Fall 2027 program-admission guarantee,High,opened and parsed,DLI O19348802512; 2 campus rows collapsed; page SHA-256 in manifest
src:c36ead0e8640d47f,ca:dli:O19348802512,University of New Brunswick,,,recognition,CICIC Recognized (Public university),CICIC institution record — University of New Brunswick,Canadian Information Centre for International Credentials,,https://www.cicic.ca/873/University_of_New_Brunswick.canada?id=3521,national authoritative directory,official/system authority,2026-09-09,,High,matched,CICIC normalized-name score 1.000
src:e9c5411466361d8f,ca:dli:O19348802512,University of New Brunswick,ca:dli:O19348802512:program:thesis-or-research-master-s:mcs-in-computer-science-thesis,MCS in Computer Science (thesis),program status and degree structure,The official page identifies MCS in Computer Science (thesis) and contains research/thesis evidence.,Computer Science | Graduate Studies | UNB,University of New Brunswick,,https://www.unb.ca/gradstudies/programs/computer-science.html,official program page,official,2026-09-09,Current page; Fall 2027 dates not assumed,High for program existence and research structure,opened,HTTP 200; page SHA-256 in evidence file
src:7d3e3a36114d812d,ca:dli:O19391556532,Université de Moncton,,,graduate authority and international-student eligibility,IRCC lists this DLI as a public institution offering PAL/TAL-exempt graduate degree programs at the master's or doctorate level.,Designated learning institutions list,"Immigration, Refugees and Citizenship Canada",2026-09-01,https://www.canada.ca/en/immigration-refugees-citizenship/services/study-canada/study-permit/prepare/designated-learning-institutions-list.html,federal live directory,official,2026-09-09,Current status; not a Fall 2027 program-admission guarantee,High,opened and parsed,DLI O19391556532; 3 campus rows collapsed; page SHA-256 in manifest
src:c3ed108fe8cdd41f,ca:dli:O19391556532,Université de Moncton,,,recognition,CICIC Recognized (Public university),CICIC institution record — Université de Moncton,Canadian Information Centre for International Credentials,,https://www.cicic.ca/873/Universite_de_Moncton.canada?id=3799,national authoritative directory,official/system authority,2026-09-09,,High,matched,CICIC normalized-name score 1.000
src:7d3e3a36114d812d,ca:dli:O19440995346,Memorial University of Newfoundland,,,graduate authority and international-student eligibility,IRCC lists this DLI as a public institution offering PAL/TAL-exempt graduate degree programs at the master's or doctorate level.,Designated learning institutions list,"Immigration, Refugees and Citizenship Canada",2026-09-01,https://www.canada.ca/en/immigration-refugees-citizenship/services/study-canada/study-permit/prepare/designated-learning-institutions-list.html,federal live directory,official,2026-09-09,Current status; not a Fall 2027 program-admission guarantee,High,opened and parsed,DLI O19440995346; 2 campus rows collapsed; page SHA-256 in manifest
src:4bf340e877fa7c7b,ca:dli:O19440995346,Memorial University of Newfoundland,,,recognition,CICIC Recognized (Public university),CICIC institution record — Memorial University of Newfoundland,Canadian Information Centre for International Credentials,,https://www.cicic.ca/873/Memorial_University_of_Newfoundland.canada?id=1475,national authoritative directory,official/system authority,2026-09-09,,High,matched,CICIC normalized-name score 1.000
src:56bc0afa7263bbab,ca:dli:O19440995346,Memorial University of Newfoundland,ca:dli:O19440995346:program:thesis-or-research-master-s:msc-in-computer-science-thesis,MSc in Computer Science (thesis),program status and degree structure,The official page identifies MSc in Computer Science (thesis) and contains research/thesis evidence.,"Computer Science | Become a Graduate Student | Memorial University of
 Newfoundland",Memorial University of Newfoundland,,https://www.mun.ca/become/graduate/programs-and-courses/computer-science/,official program page,official,2026-09-09,Current page; Fall 2027 dates not assumed,High for program existence and research structure,opened,HTTP 200; page SHA-256 in evidence file
src:7d3e3a36114d812d,ca:dli:O19391556792,Acadia University,,,graduate authority and international-student eligibility,IRCC lists this DLI as a public institution offering PAL/TAL-exempt graduate degree programs at the master's or doctorate level.,Designated learning institutions list,"Immigration, Refugees and Citizenship Canada",2026-09-01,https://www.canada.ca/en/immigration-refugees-citizenship/services/study-canada/study-permit/prepare/designated-learning-institutions-list.html,federal live directory,official,2026-09-09,Current status; not a Fall 2027 program-admission guarantee,High,opened and parsed,DLI O19391556792; 1 campus rows collapsed; page SHA-256 in manifest
src:4f29bf05c36ce99c,ca:dli:O19391556792,Acadia University,,,recognition,CICIC Recognized (Public university),CICIC institution record — Acadia University,Canadian Information Centre for International Credentials,,https://www.cicic.ca/873/Acadia_University.canada?id=3716,national authoritative directory,official/system authority,2026-09-09,,High,matched,CICIC normalized-name score 1.000
src:49ad4158f67aefca,ca:dli:O19391556792,Acadia University,ca:dli:O19391556792:program:thesis-or-research-master-s:msc-in-computer-science-thesis,MSc in Computer Science (thesis),program status and degree structure,The official page identifies MSc in Computer Science (thesis) and contains research/thesis evidence.,Computer Science (Master of Science degree) - Acadia University,Acadia University,,https://www2.acadiau.ca/academics/graduate/computer-science.html,official program page,official,2026-09-09,Current page; Fall 2027 dates not assumed,High for program existence and research structure,opened,HTTP 200; page SHA-256 in evidence file
src:7d3e3a36114d812d,ca:dli:O19391556837,Atlantic School of Theology,,,graduate authority and international-student eligibility,IRCC lists this DLI as a public institution offering PAL/TAL-exempt graduate degree programs at the master's or doctorate level.,Designated learning institutions list,"Immigration, Refugees and Citizenship Canada",2026-09-01,https://www.canada.ca/en/immigration-refugees-citizenship/services/study-canada/study-permit/prepare/designated-learning-institutions-list.html,federal live directory,official,2026-09-09,Current status; not a Fall 2027 program-admission guarantee,High,opened and parsed,DLI O19391556837; 1 campus rows collapsed; page SHA-256 in manifest
src:f617b772387ce630,ca:dli:O19391556837,Atlantic School of Theology,,,recognition,CICIC Recognized (Public university),CICIC institution record — Atlantic School of Theology,Canadian Information Centre for International Credentials,,https://www.cicic.ca/873/Atlantic_School_of_Theology.canada?id=4032,national authoritative directory,official/system authority,2026-09-09,,High,matched,CICIC normalized-name score 1.000
src:460dd858f75a3575,ca:dli:O19391556837,Atlantic School of Theology,,,mechanical exclusion,Official institutional scope is theology; no computing research graduate degree identified.,Official institutional website / program inventory,Atlantic School of Theology,,http://www.astheology.ns.ca/home/welcome.html,official institutional website,official,2026-09-09,,Medium,negative mechanical screen; manual audit required,Absence is not treated as conclusive beyond this screening phase.
src:7d3e3a36114d812d,ca:dli:O19391556824,Cape Breton University,,,graduate authority and international-student eligibility,IRCC lists this DLI as a public institution offering PAL/TAL-exempt graduate degree programs at the master's or doctorate level.,Designated learning institutions list,"Immigration, Refugees and Citizenship Canada",2026-09-01,https://www.canada.ca/en/immigration-refugees-citizenship/services/study-canada/study-permit/prepare/designated-learning-institutions-list.html,federal live directory,official,2026-09-09,Current status; not a Fall 2027 program-admission guarantee,High,opened and parsed,DLI O19391556824; 1 campus rows collapsed; page SHA-256 in manifest
src:33d4c7ec39a2a24a,ca:dli:O19391556824,Cape Breton University,,,recognition,CICIC Recognized (Public university),CICIC institution record — Cape Breton University,Canadian Information Centre for International Credentials,,https://www.cicic.ca/873/Cape_Breton_University.canada?id=3958,national authoritative directory,official/system authority,2026-09-09,,High,matched,CICIC normalized-name score 1.000
src:7d3e3a36114d812d,ca:dli:O19209939282,Dalhousie University,,,graduate authority and international-student eligibility,IRCC lists this DLI as a public institution offering PAL/TAL-exempt graduate degree programs at the master's or doctorate level.,Designated learning institutions list,"Immigration, Refugees and Citizenship Canada",2026-09-01,https://www.canada.ca/en/immigration-refugees-citizenship/services/study-canada/study-permit/prepare/designated-learning-institutions-list.html,federal live directory,official,2026-09-09,Current status; not a Fall 2027 program-admission guarantee,High,opened and parsed,DLI O19209939282; 1 campus rows collapsed; page SHA-256 in manifest
src:c716c99d4823ac4c,ca:dli:O19209939282,Dalhousie University,,,recognition,CICIC Recognized (Public university),CICIC institution record — Dalhousie University,Canadian Information Centre for International Credentials,,https://www.cicic.ca/873/Dalhousie_University.canada?id=3990,national authoritative directory,official/system authority,2026-09-09,,High,matched,CICIC normalized-name score 1.000
src:07d114dab9ff15b1,ca:dli:O19209939282,Dalhousie University,ca:dli:O19209939282:program:thesis-or-research-master-s:phd-in-computer-science,PhD in Computer Science,program status and degree structure,The official page identifies PhD in Computer Science and contains research/thesis evidence.,Computer Science (PhD) | Welcome to Dalhousie University,Dalhousie University,,https://www.dal.ca/study/programs/graduate-professional/computer-science-phd.html,official program page,official,2026-09-09,Current page; Fall 2027 dates not assumed,High for program existence and research structure,opened,HTTP 200; page SHA-256 in evidence file
src:7d3e3a36114d812d,ca:dli:O19301947442,Mount Saint Vincent University,,,graduate authority and international-student eligibility,IRCC lists this DLI as a public institution offering PAL/TAL-exempt graduate degree programs at the master's or doctorate level.,Designated learning institutions list,"Immigration, Refugees and Citizenship Canada",2026-09-01,https://www.canada.ca/en/immigration-refugees-citizenship/services/study-canada/study-permit/prepare/designated-learning-institutions-list.html,federal live directory,official,2026-09-09,Current status; not a Fall 2027 program-admission guarantee,High,opened and parsed,DLI O19301947442; 1 campus rows collapsed; page SHA-256 in manifest
src:0670bcd6d6e1258b,ca:dli:O19301947442,Mount Saint Vincent University,,,recognition,CICIC Recognized (Public university),CICIC institution record — Mount Saint Vincent University,Canadian Information Centre for International Credentials,,https://www.cicic.ca/873/Mount_Saint_Vincent_University.canada?id=3650,national authoritative directory,official/system authority,2026-09-09,,High,matched,CICIC normalized-name score 1.000
src:7d3e3a36114d812d,ca:dli:O19091820452,Nova Scotia Community College,,,graduate authority and international-student eligibility,IRCC lists this DLI as a public institution offering PAL/TAL-exempt graduate degree programs at the master's or doctorate level.,Designated learning institutions list,"Immigration, Refugees and Citizenship Canada",2026-09-01,https://www.canada.ca/en/immigration-refugees-citizenship/services/study-canada/study-permit/prepare/designated-learning-institutions-list.html,federal live directory,official,2026-09-09,Current status; not a Fall 2027 program-admission guarantee,High,opened and parsed,DLI O19091820452; 1 campus rows collapsed; page SHA-256 in manifest
src:7d3e3a36114d812d,ca:dli:O19091820452,Nova Scotia Community College,,,recognition,Exact CICIC directory-name match remains unresolved; no blanket recognition claim made.,CICIC current-directory scope and IRCC DLI record,Canadian Information Centre for International Credentials,,https://www.canada.ca/en/immigration-refugees-citizenship/services/study-canada/study-permit/prepare/designated-learning-institutions-list.html,national authoritative directory,official/system authority,2026-09-09,,Medium,manual match required,CICIC normalized-name score 0.456
src:7d3e3a36114d812d,ca:dli:O19021269652,NSCAD University (Nova Scotia College of Art and Design),,,graduate authority and international-student eligibility,IRCC lists this DLI as a public institution offering PAL/TAL-exempt graduate degree programs at the master's or doctorate level.,Designated learning institutions list,"Immigration, Refugees and Citizenship Canada",2026-09-01,https://www.canada.ca/en/immigration-refugees-citizenship/services/study-canada/study-permit/prepare/designated-learning-institutions-list.html,federal live directory,official,2026-09-09,Current status; not a Fall 2027 program-admission guarantee,High,opened and parsed,DLI O19021269652; 1 campus rows collapsed; page SHA-256 in manifest
src:b750616a4b86a04a,ca:dli:O19021269652,NSCAD University (Nova Scotia College of Art and Design),,,recognition,CICIC Recognized (Public university),CICIC institution record — NSCAD University,Canadian Information Centre for International Credentials,,https://www.cicic.ca/873/NSCAD_University.canada?id=3581,national authoritative directory,official/system authority,2026-09-09,,High,matched,CICIC normalized-name score 1.000
src:7d3e3a36114d812d,ca:dli:O19021279692,Saint Mary’s University,,,graduate authority and international-student eligibility,IRCC lists this DLI as a public institution offering PAL/TAL-exempt graduate degree programs at the master's or doctorate level.,Designated learning institutions list,"Immigration, Refugees and Citizenship Canada",2026-09-01,https://www.canada.ca/en/immigration-refugees-citizenship/services/study-canada/study-permit/prepare/designated-learning-institutions-list.html,federal live directory,official,2026-09-09,Current status; not a Fall 2027 program-admission guarantee,High,opened and parsed,DLI O19021279692; 1 campus rows collapsed; page SHA-256 in manifest
src:8b76357f19d2f557,ca:dli:O19021279692,Saint Mary’s University,,,recognition,CICIC Recognized (Public university),CICIC institution record — Saint Mary's University,Canadian Information Centre for International Credentials,,https://www.cicic.ca/873/Saint_Mary_s_University.canada?id=3628,national authoritative directory,official/system authority,2026-09-09,,High,matched,CICIC normalized-name score 0.978
src:7d3e3a36114d812d,ca:dli:O19391556899,St. Francis Xavier University,,,graduate authority and international-student eligibility,IRCC lists this DLI as a public institution offering PAL/TAL-exempt graduate degree programs at the master's or doctorate level.,Designated learning institutions list,"Immigration, Refugees and Citizenship Canada",2026-09-01,https://www.canada.ca/en/immigration-refugees-citizenship/services/study-canada/study-permit/prepare/designated-learning-institutions-list.html,federal live directory,official,2026-09-09,Current status; not a Fall 2027 program-admission guarantee,High,opened and parsed,DLI O19391556899; 1 campus rows collapsed; page SHA-256 in manifest
src:bb94117355d0face,ca:dli:O19391556899,St. Francis Xavier University,,,recognition,CICIC Recognized (Public university),CICIC institution record — St. Francis Xavier University,Canadian Information Centre for International Credentials,,https://www.cicic.ca/873/St._Francis_Xavier_University.canada?id=3672,national authoritative directory,official/system authority,2026-09-09,,High,matched,CICIC normalized-name score 1.000
src:7d3e3a36114d812d,ca:dli:O19391556768,University of King’s College,,,graduate authority and international-student eligibility,IRCC lists this DLI as a public institution offering PAL/TAL-exempt graduate degree programs at the master's or doctorate level.,Designated learning institutions list,"Immigration, Refugees and Citizenship Canada",2026-09-01,https://www.canada.ca/en/immigration-refugees-citizenship/services/study-canada/study-permit/prepare/designated-learning-institutions-list.html,federal live directory,official,2026-09-09,Current status; not a Fall 2027 program-admission guarantee,High,opened and parsed,DLI O19391556768; 1 campus rows collapsed; page SHA-256 in manifest
src:37fb17a8714e5317,ca:dli:O19391556768,University of King’s College,,,recognition,CICIC Recognized (Public university),CICIC institution record — University of King's College,Canadian Information Centre for International Credentials,,https://www.cicic.ca/873/University_of_King_s_College.canada?id=1285,national authoritative directory,official/system authority,2026-09-09,,High,matched,CICIC normalized-name score 0.982
src:7d3e3a36114d812d,ca:dli:O19391556726,Université Sainte-Anne,,,graduate authority and international-student eligibility,IRCC lists this DLI as a public institution offering PAL/TAL-exempt graduate degree programs at the master's or doctorate level.,Designated learning institutions list,"Immigration, Refugees and Citizenship Canada",2026-09-01,https://www.canada.ca/en/immigration-refugees-citizenship/services/study-canada/study-permit/prepare/designated-learning-institutions-list.html,federal live directory,official,2026-09-09,Current status; not a Fall 2027 program-admission guarantee,High,opened and parsed,DLI O19391556726; 1 campus rows collapsed; page SHA-256 in manifest
src:c99d1f3cef40b82d,ca:dli:O19391556726,Université Sainte-Anne,,,recognition,CICIC Recognized (Public university),CICIC institution record — Université Sainte-Anne,Canadian Information Centre for International Credentials,,https://www.cicic.ca/873/Universite_Sainte-Anne.canada?id=3957,national authoritative directory,official/system authority,2026-09-09,,High,matched,CICIC normalized-name score 1.000
src:7d3e3a36114d812d,ca:dli:O19395422197,Algoma University,,,graduate authority and international-student eligibility,IRCC lists this DLI as a public institution offering PAL/TAL-exempt graduate degree programs at the master's or doctorate level.,Designated learning institutions list,"Immigration, Refugees and Citizenship Canada",2026-09-01,https://www.canada.ca/en/immigration-refugees-citizenship/services/study-canada/study-permit/prepare/designated-learning-institutions-list.html,federal live directory,official,2026-09-09,Current status; not a Fall 2027 program-admission guarantee,High,opened and parsed,DLI O19395422197; 3 campus rows collapsed; page SHA-256 in manifest
src:3464652190d20653,ca:dli:O19395422197,Algoma University,,,recognition,CICIC Recognized (Public university),CICIC institution record — Algoma University,Canadian Information Centre for International Credentials,,https://www.cicic.ca/873/Algoma_University.canada?id=4059,national authoritative directory,official/system authority,2026-09-09,,High,matched,CICIC normalized-name score 1.000
src:7d3e3a36114d812d,ca:dli:O19394569014,Brock University,,,graduate authority and international-student eligibility,IRCC lists this DLI as a public institution offering PAL/TAL-exempt graduate degree programs at the master's or doctorate level.,Designated learning institutions list,"Immigration, Refugees and Citizenship Canada",2026-09-01,https://www.canada.ca/en/immigration-refugees-citizenship/services/study-canada/study-permit/prepare/designated-learning-institutions-list.html,federal live directory,official,2026-09-09,Current status; not a Fall 2027 program-admission guarantee,High,opened and parsed,DLI O19394569014; 2 campus rows collapsed; page SHA-256 in manifest
src:469884505d0e6f7a,ca:dli:O19394569014,Brock University,,,recognition,CICIC Recognized (Public university),CICIC institution record — Brock University,Canadian Information Centre for International Credentials,,https://www.cicic.ca/873/Brock_University.canada?id=3916,national authoritative directory,official/system authority,2026-09-09,,High,matched,CICIC normalized-name score 1.000
src:18458901396e488e,ca:dli:O19394569014,Brock University,ca:dli:O19394569014:program:thesis-or-research-master-s:msc-in-computer-science,MSc in Computer Science,program status and degree structure,The official page identifies MSc in Computer Science and contains research/thesis evidence.,Computer Science (MSc) – Academic Programs,Brock University,,https://brocku.ca/programs/graduate/msc-cosc/,official program page,official,2026-09-09,Current page; Fall 2027 dates not assumed,High for program existence and research structure,opened,HTTP 200; page SHA-256 in evidence file
src:7d3e3a36114d812d,ca:dli:O19994256968,Canadian Forces College,,,graduate authority and international-student eligibility,IRCC lists this DLI as a public institution offering PAL/TAL-exempt graduate degree programs at the master's or doctorate level.,Designated learning institutions list,"Immigration, Refugees and Citizenship Canada",2026-09-01,https://www.canada.ca/en/immigration-refugees-citizenship/services/study-canada/study-permit/prepare/designated-learning-institutions-list.html,federal live directory,official,2026-09-09,Current status; not a Fall 2027 program-admission guarantee,High,opened and parsed,DLI O19994256968; 1 campus rows collapsed; page SHA-256 in manifest
src:7d3e3a36114d812d,ca:dli:O19994256968,Canadian Forces College,,,recognition,Exact CICIC directory-name match remains unresolved; no blanket recognition claim made.,CICIC current-directory scope and IRCC DLI record,Canadian Information Centre for International Credentials,,https://www.canada.ca/en/immigration-refugees-citizenship/services/study-canada/study-permit/prepare/designated-learning-institutions-list.html,national authoritative directory,official/system authority,2026-09-09,,Medium,manual match required,CICIC normalized-name score 0.697
src:358bc14c45eaa04b,ca:dli:O19994256968,Canadian Forces College,,,mechanical exclusion,Official institutional scope is professional military education; no open computing research graduate route identified.,Official institutional website / program inventory,Canadian Forces College,,http://www.cfc.forces.gc.ca/221-eng.html,official institutional website,official,2026-09-09,,Medium,negative mechanical screen; manual audit required,Absence is not treated as conclusive beyond this screening phase.
src:7d3e3a36114d812d,ca:dli:O19332687812,Carleton University,,,graduate authority and international-student eligibility,IRCC lists this DLI as a public institution offering PAL/TAL-exempt graduate degree programs at the master's or doctorate level.,Designated learning institutions list,"Immigration, Refugees and Citizenship Canada",2026-09-01,https://www.canada.ca/en/immigration-refugees-citizenship/services/study-canada/study-permit/prepare/designated-learning-institutions-list.html,federal live directory,official,2026-09-09,Current status; not a Fall 2027 program-admission guarantee,High,opened and parsed,DLI O19332687812; 1 campus rows collapsed; page SHA-256 in manifest
src:6aa4c2f614d6246f,ca:dli:O19332687812,Carleton University,,,recognition,CICIC Recognized (Public university),CICIC institution record — Carleton University,Canadian Information Centre for International Credentials,,https://www.cicic.ca/873/Carleton_University.canada?id=3939,national authoritative directory,official/system authority,2026-09-09,,High,matched,CICIC normalized-name score 1.000
src:bf86ef569f129a56,ca:dli:O19332687812,Carleton University,ca:dli:O19332687812:program:thesis-or-research-master-s:mcs-in-computer-science-thesis,MCS in Computer Science (thesis),program status and degree structure,The official page identifies MCS in Computer Science (thesis) and contains research/thesis evidence.,Computer Science - Graduate Studies,Carleton University,,https://graduate.carleton.ca/program/computer-science-masters-programs/,official program page,official,2026-09-09,Current page; Fall 2027 dates not assumed,High for program existence and research structure,opened,HTTP 200; page SHA-256 in evidence file
src:7d3e3a36114d812d,ca:dli:O19305471522,University of Waterloo,,,graduate authority and international-student eligibility,IRCC lists this DLI as a public institution offering PAL/TAL-exempt graduate degree programs at the master's or doctorate level.,Designated learning institutions list,"Immigration, Refugees and Citizenship Canada",2026-09-01,https://www.canada.ca/en/immigration-refugees-citizenship/services/study-canada/study-permit/prepare/designated-learning-institutions-list.html,federal live directory,official,2026-09-09,Current status; not a Fall 2027 program-admission guarantee,High,opened and parsed,DLI O19305471522; 8 campus rows collapsed; page SHA-256 in manifest
src:7ca3c514c8e599eb,ca:dli:O19305471522,University of Waterloo,,,recognition,CICIC Recognized (Public university),CICIC institution record — University of Waterloo,Canadian Information Centre for International Credentials,,https://www.cicic.ca/873/University_of_Waterloo.canada?id=3737,national authoritative directory,official/system authority,2026-09-09,,High,matched,CICIC normalized-name score 1.000
src:1bf899277b482283,ca:dli:O19305471522,University of Waterloo,ca:dli:O19305471522:program:thesis-or-research-master-s:mmath-in-computer-science-thesis,MMath in Computer Science (thesis),program status and degree structure,The official page identifies MMath in Computer Science (thesis) and contains research/thesis evidence.,Programs | Cheriton School of Computer Science | University of Waterloo,University of Waterloo,,https://uwaterloo.ca/computer-science/future-graduate-students/programs,official program page,official,2026-09-09,Current page; Fall 2027 dates not assumed,High for program existence and research structure,opened,HTTP 200; page SHA-256 in evidence file
src:7d3e3a36114d812d,ca:dli:O19396019447,Lakehead University,,,graduate authority and international-student eligibility,IRCC lists this DLI as a public institution offering PAL/TAL-exempt graduate degree programs at the master's or doctorate level.,Designated learning institutions list,"Immigration, Refugees and Citizenship Canada",2026-09-01,https://www.canada.ca/en/immigration-refugees-citizenship/services/study-canada/study-permit/prepare/designated-learning-institutions-list.html,federal live directory,official,2026-09-09,Current status; not a Fall 2027 program-admission guarantee,High,opened and parsed,DLI O19396019447; 2 campus rows collapsed; page SHA-256 in manifest
src:fdf96923e999f1af,ca:dli:O19396019447,Lakehead University,,,recognition,CICIC Recognized (Public university),CICIC institution record — Lakehead University,Canadian Information Centre for International Credentials,,https://www.cicic.ca/873/Lakehead_University.canada?id=3911,national authoritative directory,official/system authority,2026-09-09,,High,matched,CICIC normalized-name score 1.000
src:10cbeab324002927,ca:dli:O19396019447,Lakehead University,ca:dli:O19396019447:program:thesis-or-research-master-s:msc-in-computer-science-thesis,MSc in Computer Science (thesis),program status and degree structure,The official page identifies MSc in Computer Science (thesis) and contains research/thesis evidence.,Computer Science | Lakehead University,Lakehead University,,https://www.lakeheadu.ca/programs/graduate/programs/masters/computer-science,official program page,official,2026-09-09,Current page; Fall 2027 dates not assumed,High for program existence and research structure,opened,HTTP 200; page SHA-256 in evidence file
src:7d3e3a36114d812d,ca:dli:O19304259382,Laurentian University,,,graduate authority and international-student eligibility,IRCC lists this DLI as a public institution offering PAL/TAL-exempt graduate degree programs at the master's or doctorate level.,Designated learning institutions list,"Immigration, Refugees and Citizenship Canada",2026-09-01,https://www.canada.ca/en/immigration-refugees-citizenship/services/study-canada/study-permit/prepare/designated-learning-institutions-list.html,federal live directory,official,2026-09-09,Current status; not a Fall 2027 program-admission guarantee,High,opened and parsed,DLI O19304259382; 2 campus rows collapsed; page SHA-256 in manifest
src:2b80e2a24e52326c,ca:dli:O19304259382,Laurentian University,,,recognition,CICIC Recognized (Public university),CICIC institution record — Laurentian University,Canadian Information Centre for International Credentials,,https://www.cicic.ca/873/Laurentian_University.canada?id=1286,national authoritative directory,official/system authority,2026-09-09,,High,matched,CICIC normalized-name score 1.000
src:3b8ff1c3a54f0a69,ca:dli:O19304259382,Laurentian University,ca:dli:O19304259382:program:thesis-or-research-master-s:msc-in-computational-sciences,MSc in Computational Sciences,program status and degree structure,The official page identifies MSc in Computational Sciences and contains research/thesis evidence.,Computational Sciences (M.Sc.) | Laurentian University,Laurentian University,,https://laurentian.ca/academics/program/computational-sciences-msc,official program page,official,2026-09-09,Current page; Fall 2027 dates not assumed,High for program existence and research structure,opened,HTTP 200; page SHA-256 in evidence file
src:7d3e3a36114d812d,ca:dli:O19395535729,McMaster University,,,graduate authority and international-student eligibility,IRCC lists this DLI as a public institution offering PAL/TAL-exempt graduate degree programs at the master's or doctorate level.,Designated learning institutions list,"Immigration, Refugees and Citizenship Canada",2026-09-01,https://www.canada.ca/en/immigration-refugees-citizenship/services/study-canada/study-permit/prepare/designated-learning-institutions-list.html,federal live directory,official,2026-09-09,Current status; not a Fall 2027 program-admission guarantee,High,opened and parsed,DLI O19395535729; 4 campus rows collapsed; page SHA-256 in manifest
src:33e4c5e08a0476c6,ca:dli:O19395535729,McMaster University,,,recognition,CICIC Recognized (Public university),CICIC institution record — McMaster University,Canadian Information Centre for International Credentials,,https://www.cicic.ca/873/McMaster_University.canada?id=3713,national authoritative directory,official/system authority,2026-09-09,,High,matched,CICIC normalized-name score 1.000
src:792781e289482bd0,ca:dli:O19395535729,McMaster University,ca:dli:O19395535729:program:thesis-or-research-master-s:msc-in-computer-science,MSc in Computer Science,program status and degree structure,The official page identifies MSc in Computer Science and contains research/thesis evidence.,Computer Science - MSc – Faculty of Engineering,McMaster University,,https://www.eng.mcmaster.ca/cas/degree-options/computer-science-msc/,official program page,official,2026-09-09,Current page; Fall 2027 dates not assumed,High for program existence and research structure,opened,HTTP 200; page SHA-256 in evidence file
src:7d3e3a36114d812d,ca:dli:O19395535971,Nipissing University,,,graduate authority and international-student eligibility,IRCC lists this DLI as a public institution offering PAL/TAL-exempt graduate degree programs at the master's or doctorate level.,Designated learning institutions list,"Immigration, Refugees and Citizenship Canada",2026-09-01,https://www.canada.ca/en/immigration-refugees-citizenship/services/study-canada/study-permit/prepare/designated-learning-institutions-list.html,federal live directory,official,2026-09-09,Current status; not a Fall 2027 program-admission guarantee,High,opened and parsed,DLI O19395535971; 3 campus rows collapsed; page SHA-256 in manifest
src:4a9e279bc72c14b5,ca:dli:O19395535971,Nipissing University,,,recognition,CICIC Recognized (Public university),CICIC institution record — Nipissing University,Canadian Information Centre for International Credentials,,https://www.cicic.ca/873/Nipissing_University.canada?id=4056,national authoritative directory,official/system authority,2026-09-09,,High,matched,CICIC normalized-name score 1.000
src:7d3e3a36114d812d,ca:dli:O19332928222,OCAD University,,,graduate authority and international-student eligibility,IRCC lists this DLI as a public institution offering PAL/TAL-exempt graduate degree programs at the master's or doctorate level.,Designated learning institutions list,"Immigration, Refugees and Citizenship Canada",2026-09-01,https://www.canada.ca/en/immigration-refugees-citizenship/services/study-canada/study-permit/prepare/designated-learning-institutions-list.html,federal live directory,official,2026-09-09,Current status; not a Fall 2027 program-admission guarantee,High,opened and parsed,DLI O19332928222; 1 campus rows collapsed; page SHA-256 in manifest
src:3dadc7dc078dac6f,ca:dli:O19332928222,OCAD University,,,recognition,CICIC Recognized (Public university),CICIC institution record — OCAD University,Canadian Information Centre for International Credentials,,https://www.cicic.ca/873/OCAD_University.canada?id=1295,national authoritative directory,official/system authority,2026-09-09,,High,matched,CICIC normalized-name score 1.000
src:59d22b587b4e403c,ca:dli:O19332928222,OCAD University,,,mechanical exclusion,Official institutional scope is art and design; no computing research graduate degree identified in the mechanical title screen.,Official institutional website / program inventory,OCAD University,,http://nscad.ca/en/home/default.aspx,official institutional website,official,2026-09-09,,Medium,negative mechanical screen; manual audit required,Absence is not treated as conclusive beyond this screening phase.
src:7d3e3a36114d812d,ca:dli:O19315945002,Ontario Tech University,,,graduate authority and international-student eligibility,IRCC lists this DLI as a public institution offering PAL/TAL-exempt graduate degree programs at the master's or doctorate level.,Designated learning institutions list,"Immigration, Refugees and Citizenship Canada",2026-09-01,https://www.canada.ca/en/immigration-refugees-citizenship/services/study-canada/study-permit/prepare/designated-learning-institutions-list.html,federal live directory,official,2026-09-09,Current status; not a Fall 2027 program-admission guarantee,High,opened and parsed,DLI O19315945002; 1 campus rows collapsed; page SHA-256 in manifest
src:7519ac76668ff3f5,ca:dli:O19315945002,Ontario Tech University,,,recognition,CICIC Recognized (Public university),CICIC institution record — Ontario Tech University,Canadian Information Centre for International Credentials,,https://www.cicic.ca/873/Ontario_Tech_University_.canada?id=3684,national authoritative directory,official/system authority,2026-09-09,,High,matched,CICIC normalized-name score 1.000
src:8a39bd74b2a7eafc,ca:dli:O19315945002,Ontario Tech University,ca:dli:O19315945002:program:thesis-or-research-master-s:msc-in-computer-science,MSc in Computer Science,program status and degree structure,The official page identifies MSc in Computer Science and contains research/thesis evidence.,Computer Science | Faculty of Science,Ontario Tech University,,https://science.ontariotechu.ca/graduate/computer-science/index.php,official program page,official,2026-09-09,Current page; Fall 2027 dates not assumed,High for program existence and research structure,opened,HTTP 200; page SHA-256 in evidence file
src:7d3e3a36114d812d,ca:dli:O19376023352,Queen’s University,,,graduate authority and international-student eligibility,IRCC lists this DLI as a public institution offering PAL/TAL-exempt graduate degree programs at the master's or doctorate level.,Designated learning institutions list,"Immigration, Refugees and Citizenship Canada",2026-09-01,https://www.canada.ca/en/immigration-refugees-citizenship/services/study-canada/study-permit/prepare/designated-learning-institutions-list.html,federal live directory,official,2026-09-09,Current status; not a Fall 2027 program-admission guarantee,High,opened and parsed,DLI O19376023352; 2 campus rows collapsed; page SHA-256 in manifest
src:97bb0852941c2212,ca:dli:O19376023352,Queen’s University,,,recognition,CICIC Recognized (Public university),CICIC institution record — Queen's University,Canadian Information Centre for International Credentials,,https://www.cicic.ca/873/Queen_s_University.canada?id=3693,national authoritative directory,official/system authority,2026-09-09,,High,matched,CICIC normalized-name score 0.971
src:7d3e3a36114d812d,ca:dli:O19993856974,Royal Military College of Canada,,,graduate authority and international-student eligibility,IRCC lists this DLI as a public institution offering PAL/TAL-exempt graduate degree programs at the master's or doctorate level.,Designated learning institutions list,"Immigration, Refugees and Citizenship Canada",2026-09-01,https://www.canada.ca/en/immigration-refugees-citizenship/services/study-canada/study-permit/prepare/designated-learning-institutions-list.html,federal live directory,official,2026-09-09,Current status; not a Fall 2027 program-admission guarantee,High,opened and parsed,DLI O19993856974; 1 campus rows collapsed; page SHA-256 in manifest
src:d67f0511edf06ea8,ca:dli:O19993856974,Royal Military College of Canada,,,recognition,CICIC Recognized (Public university),CICIC institution record — Royal Military College of Canada,Canadian Information Centre for International Credentials,,https://www.cicic.ca/873/Royal_Military_College_of_Canada.canada?id=3618,national authoritative directory,official/system authority,2026-09-09,,High,matched,CICIC normalized-name score 1.000
src:7d3e3a36114d812d,ca:dli:O19395536013,Seneca College,,,graduate authority and international-student eligibility,IRCC lists this DLI as a public institution offering PAL/TAL-exempt graduate degree programs at the master's or doctorate level.,Designated learning institutions list,"Immigration, Refugees and Citizenship Canada",2026-09-01,https://www.canada.ca/en/immigration-refugees-citizenship/services/study-canada/study-permit/prepare/designated-learning-institutions-list.html,federal live directory,official,2026-09-09,Current status; not a Fall 2027 program-admission guarantee,High,opened and parsed,DLI O19395536013; 1 campus rows collapsed; page SHA-256 in manifest
src:7d3e3a36114d812d,ca:dli:O19395536013,Seneca College,,,recognition,Exact CICIC directory-name match remains unresolved; no blanket recognition claim made.,CICIC current-directory scope and IRCC DLI record,Canadian Information Centre for International Credentials,,https://www.canada.ca/en/immigration-refugees-citizenship/services/study-canada/study-permit/prepare/designated-learning-institutions-list.html,national authoritative directory,official/system authority,2026-09-09,,Medium,manual match required,CICIC normalized-name score 0.621
src:7d3e3a36114d812d,ca:dli:O19385946782,Sheridan College,,,graduate authority and international-student eligibility,IRCC lists this DLI as a public institution offering PAL/TAL-exempt graduate degree programs at the master's or doctorate level.,Designated learning institutions list,"Immigration, Refugees and Citizenship Canada",2026-09-01,https://www.canada.ca/en/immigration-refugees-citizenship/services/study-canada/study-permit/prepare/designated-learning-institutions-list.html,federal live directory,official,2026-09-09,Current status; not a Fall 2027 program-admission guarantee,High,opened and parsed,DLI O19385946782; 1 campus rows collapsed; page SHA-256 in manifest
src:7d3e3a36114d812d,ca:dli:O19385946782,Sheridan College,,,recognition,Exact CICIC directory-name match remains unresolved; no blanket recognition claim made.,CICIC current-directory scope and IRCC DLI record,Canadian Information Centre for International Credentials,,https://www.canada.ca/en/immigration-refugees-citizenship/services/study-canada/study-permit/prepare/designated-learning-institutions-list.html,national authoritative directory,official/system authority,2026-09-09,,Medium,manual match required,CICIC normalized-name score 0.581
src:7d3e3a36114d812d,ca:dli:O19395677373,The Michener Institute for Applied Health Sciences,,,graduate authority and international-student eligibility,IRCC lists this DLI as a public institution offering PAL/TAL-exempt graduate degree programs at the master's or doctorate level.,Designated learning institutions list,"Immigration, Refugees and Citizenship Canada",2026-09-01,https://www.canada.ca/en/immigration-refugees-citizenship/services/study-canada/study-permit/prepare/designated-learning-institutions-list.html,federal live directory,official,2026-09-09,Current status; not a Fall 2027 program-admission guarantee,High,opened and parsed,DLI O19395677373; 1 campus rows collapsed; page SHA-256 in manifest
src:7d3e3a36114d812d,ca:dli:O19395677373,The Michener Institute for Applied Health Sciences,,,recognition,Exact CICIC directory-name match remains unresolved; no blanket recognition claim made.,CICIC current-directory scope and IRCC DLI record,Canadian Information Centre for International Credentials,,https://www.canada.ca/en/immigration-refugees-citizenship/services/study-canada/study-permit/prepare/designated-learning-institutions-list.html,national authoritative directory,official/system authority,2026-09-09,,Medium,manual match required,CICIC normalized-name score 0.519
src:c197f25649fa3f24,ca:dli:O19395677373,The Michener Institute for Applied Health Sciences,,,mechanical exclusion,Official institutional scope is applied health sciences; no computing research graduate degree identified.,Official institutional website / program inventory,The Michener Institute for Applied Health Sciences,,http://michener.ca/,official institutional website,official,2026-09-09,,Medium,negative mechanical screen; manual audit required,Absence is not treated as conclusive beyond this screening phase.
src:7d3e3a36114d812d,ca:dli:O19395677651,Toronto Metropolitan University,,,graduate authority and international-student eligibility,IRCC lists this DLI as a public institution offering PAL/TAL-exempt graduate degree programs at the master's or doctorate level.,Designated learning institutions list,"Immigration, Refugees and Citizenship Canada",2026-09-01,https://www.canada.ca/en/immigration-refugees-citizenship/services/study-canada/study-permit/prepare/designated-learning-institutions-list.html,federal live directory,official,2026-09-09,Current status; not a Fall 2027 program-admission guarantee,High,opened and parsed,DLI O19395677651; 1 campus rows collapsed; page SHA-256 in manifest
src:20a3e6c9a1bfcca7,ca:dli:O19395677651,Toronto Metropolitan University,,,recognition,CICIC Recognized (Public university),CICIC institution record — Toronto Metropolitan University,Canadian Information Centre for International Credentials,,https://www.cicic.ca/873/Toronto_Metropolitan_University.canada?id=1577,national authoritative directory,official/system authority,2026-09-09,,High,matched,CICIC normalized-name score 1.000
src:c38d28602e97dc0c,ca:dli:O19395677651,Toronto Metropolitan University,ca:dli:O19395677651:program:thesis-or-research-master-s:msc-in-computer-science,MSc in Computer Science,program status and degree structure,The official page identifies MSc in Computer Science and contains research/thesis evidence.,"Computer Science (MSc, PhD) - Graduate - Toronto Metropolitan University (TMU)",Toronto Metropolitan University,,https://www.torontomu.ca/graduate/programs/computer-science/,official program page,official,2026-09-09,Current page; Fall 2027 dates not assumed,High for program existence and research structure,opened,HTTP 200; page SHA-256 in evidence file
src:7d3e3a36114d812d,ca:dli:O19395164223,Trent University,,,graduate authority and international-student eligibility,IRCC lists this DLI as a public institution offering PAL/TAL-exempt graduate degree programs at the master's or doctorate level.,Designated learning institutions list,"Immigration, Refugees and Citizenship Canada",2026-09-01,https://www.canada.ca/en/immigration-refugees-citizenship/services/study-canada/study-permit/prepare/designated-learning-institutions-list.html,federal live directory,official,2026-09-09,Current status; not a Fall 2027 program-admission guarantee,High,opened and parsed,DLI O19395164223; 2 campus rows collapsed; page SHA-256 in manifest
src:3dc8f01d467b1436,ca:dli:O19395164223,Trent University,,,recognition,CICIC Recognized (Public university),CICIC institution record — Trent University,Canadian Information Centre for International Credentials,,https://www.cicic.ca/873/Trent_University.canada?id=3794,national authoritative directory,official/system authority,2026-09-09,,High,matched,CICIC normalized-name score 1.000
src:7d3e3a36114d812d,ca:dli:O19305391192,University of Guelph,,,graduate authority and international-student eligibility,IRCC lists this DLI as a public institution offering PAL/TAL-exempt graduate degree programs at the master's or doctorate level.,Designated learning institutions list,"Immigration, Refugees and Citizenship Canada",2026-09-01,https://www.canada.ca/en/immigration-refugees-citizenship/services/study-canada/study-permit/prepare/designated-learning-institutions-list.html,federal live directory,official,2026-09-09,Current status; not a Fall 2027 program-admission guarantee,High,opened and parsed,DLI O19305391192; 5 campus rows collapsed; page SHA-256 in manifest
src:d3f1d6aebec87bd2,ca:dli:O19305391192,University of Guelph,,,recognition,CICIC Recognized (Public university),CICIC institution record — University of Guelph,Canadian Information Centre for International Credentials,,https://www.cicic.ca/873/University_of_Guelph.canada?id=3537,national authoritative directory,official/system authority,2026-09-09,,High,matched,CICIC normalized-name score 1.000
src:7d17366b45fe6d57,ca:dli:O19305391192,University of Guelph,ca:dli:O19305391192:program:thesis-or-research-master-s:msc-in-computer-science,MSc in Computer Science,program status and degree structure,The official page identifies MSc in Computer Science and contains research/thesis evidence.,Master of Science in Computer Science | University of Guelph,University of Guelph,,https://www.uoguelph.ca/programs/msc-computer-science,official program page,official,2026-09-09,Current page; Fall 2027 dates not assumed,High for program existence and research structure,opened,HTTP 200; page SHA-256 in evidence file
src:7d3e3a36114d812d,ca:dli:O19332746152,University of Toronto,,,graduate authority and international-student eligibility,IRCC lists this DLI as a public institution offering PAL/TAL-exempt graduate degree programs at the master's or doctorate level.,Designated learning institutions list,"Immigration, Refugees and Citizenship Canada",2026-09-01,https://www.canada.ca/en/immigration-refugees-citizenship/services/study-canada/study-permit/prepare/designated-learning-institutions-list.html,federal live directory,official,2026-09-09,Current status; not a Fall 2027 program-admission guarantee,High,opened and parsed,DLI O19332746152; 3 campus rows collapsed; page SHA-256 in manifest
src:dc8c9b206aa952ec,ca:dli:O19332746152,University of Toronto,,,recognition,CICIC Recognized (Public university),CICIC institution record — University of Toronto,Canadian Information Centre for International Credentials,,https://www.cicic.ca/873/University_of_Toronto.canada?id=1568,national authoritative directory,official/system authority,2026-09-09,,High,matched,CICIC normalized-name score 1.000
src:d23d226c19137819,ca:dli:O19332746152,University of Toronto,ca:dli:O19332746152:program:thesis-or-research-master-s:msc-in-computer-science,MSc in Computer Science,program status and degree structure,The official page identifies MSc in Computer Science and contains research/thesis evidence.,"Master of Science (MSc) — Department of Computer Science, University of Toronto",University of Toronto,,https://web.cs.toronto.edu/graduate/msc,official program page,official,2026-09-09,Current page; Fall 2027 dates not assumed,High for program existence and research structure,opened,HTTP 200; page SHA-256 in evidence file
src:7d3e3a36114d812d,ca:dli:O19358946722,University of Windsor,,,graduate authority and international-student eligibility,IRCC lists this DLI as a public institution offering PAL/TAL-exempt graduate degree programs at the master's or doctorate level.,Designated learning institutions list,"Immigration, Refugees and Citizenship Canada",2026-09-01,https://www.canada.ca/en/immigration-refugees-citizenship/services/study-canada/study-permit/prepare/designated-learning-institutions-list.html,federal live directory,official,2026-09-09,Current status; not a Fall 2027 program-admission guarantee,High,opened and parsed,DLI O19358946722; 1 campus rows collapsed; page SHA-256 in manifest
src:84f4bd1f6ebfd29c,ca:dli:O19358946722,University of Windsor,,,recognition,CICIC Recognized (Public university),CICIC institution record — University of Windsor,Canadian Information Centre for International Credentials,,https://www.cicic.ca/873/University_of_Windsor.canada?id=3837,national authoritative directory,official/system authority,2026-09-09,,High,matched,CICIC normalized-name score 1.000
src:7004cf97408307d4,ca:dli:O19358946722,University of Windsor,ca:dli:O19358946722:program:thesis-or-research-master-s:msc-in-computer-science,MSc in Computer Science,program status and degree structure,The official page identifies MSc in Computer Science and contains research/thesis evidence.,Computer Science - M.Sc. program | Faculty of Graduate Studies,University of Windsor,,https://www.uwindsor.ca/graduate-studies/494/computer-science,official program page,official,2026-09-09,Current page; Fall 2027 dates not assumed,High for program existence and research structure,opened,HTTP 200; page SHA-256 in evidence file
src:7d3e3a36114d812d,ca:dli:O19395677925,Université de Hearst,,,graduate authority and international-student eligibility,IRCC lists this DLI as a public institution offering PAL/TAL-exempt graduate degree programs at the master's or doctorate level.,Designated learning institutions list,"Immigration, Refugees and Citizenship Canada",2026-09-01,https://www.canada.ca/en/immigration-refugees-citizenship/services/study-canada/study-permit/prepare/designated-learning-institutions-list.html,federal live directory,official,2026-09-09,Current status; not a Fall 2027 program-admission guarantee,High,opened and parsed,DLI O19395677925; 3 campus rows collapsed; page SHA-256 in manifest
src:ef975314a0bd5448,ca:dli:O19395677925,Université de Hearst,,,recognition,CICIC Recognized (Public university),CICIC institution record — Université de Hearst,Canadian Information Centre for International Credentials,,https://www.cicic.ca/873/Universite_de_Hearst.canada?id=4041,national authoritative directory,official/system authority,2026-09-09,,High,matched,CICIC normalized-name score 1.000
src:1d131711787e104b,ca:dli:O19395677925,Université de Hearst,,,mechanical exclusion,No computing research graduate degree identified in the institution's official program inventory.,Official institutional website / program inventory,Université de Hearst,,http://www.uhearst.ca/english,official institutional website,official,2026-09-09,,Medium,negative mechanical screen; manual audit required,Absence is not treated as conclusive beyond this screening phase.
src:7d3e3a36114d812d,ca:dli:O19397188593,University of Ottawa,,,graduate authority and international-student eligibility,IRCC lists this DLI as a public institution offering PAL/TAL-exempt graduate degree programs at the master's or doctorate level.,Designated learning institutions list,"Immigration, Refugees and Citizenship Canada",2026-09-01,https://www.canada.ca/en/immigration-refugees-citizenship/services/study-canada/study-permit/prepare/designated-learning-institutions-list.html,federal live directory,official,2026-09-09,Current status; not a Fall 2027 program-admission guarantee,High,opened and parsed,DLI O19397188593; 4 campus rows collapsed; page SHA-256 in manifest
src:0fe22b50e967f792,ca:dli:O19397188593,University of Ottawa,,,recognition,CICIC Recognized (Public university),CICIC institution record — University of Ottawa,Canadian Information Centre for International Credentials,,https://www.cicic.ca/873/University_of_Ottawa.canada?id=1564,national authoritative directory,official/system authority,2026-09-09,,High,matched,CICIC normalized-name score 1.000
src:c7a518769a4e68c1,ca:dli:O19397188593,University of Ottawa,ca:dli:O19397188593:program:thesis-or-research-master-s:msc-in-computer-science,MSc in Computer Science,program status and degree structure,The official page identifies MSc in Computer Science and contains research/thesis evidence.,Computer Science – Graduate studies | Faculty of Engineering,University of Ottawa,,https://www.uottawa.ca/faculty-engineering/graduate-studies/programs/computer-science,official program page,official,2026-09-09,Current page; Fall 2027 dates not assumed,High for program existence and research structure,opened,HTTP 200; page SHA-256 in evidence file
src:7d3e3a36114d812d,ca:dli:O19395164307,Wilfrid Laurier University,,,graduate authority and international-student eligibility,IRCC lists this DLI as a public institution offering PAL/TAL-exempt graduate degree programs at the master's or doctorate level.,Designated learning institutions list,"Immigration, Refugees and Citizenship Canada",2026-09-01,https://www.canada.ca/en/immigration-refugees-citizenship/services/study-canada/study-permit/prepare/designated-learning-institutions-list.html,federal live directory,official,2026-09-09,Current status; not a Fall 2027 program-admission guarantee,High,opened and parsed,DLI O19395164307; 5 campus rows collapsed; page SHA-256 in manifest
src:73fb0fc138da8a5c,ca:dli:O19395164307,Wilfrid Laurier University,,,recognition,CICIC Recognized (Public university),CICIC institution record — Wilfrid Laurier University,Canadian Information Centre for International Credentials,,https://www.cicic.ca/873/Wilfrid_Laurier_University.canada?id=3596,national authoritative directory,official/system authority,2026-09-09,,High,matched,CICIC normalized-name score 1.000
src:b116804a21ab8dbb,ca:dli:O19395164307,Wilfrid Laurier University,ca:dli:O19395164307:program:thesis-or-research-master-s:master-of-applied-computing-thesis-stream,Master of Applied Computing (thesis stream),program status and degree structure,The official page identifies Master of Applied Computing (thesis stream) and contains research/thesis evidence.,Program Requirements for Graduate Students | Computer Science and Physics | Students - Wilfrid Laurier University,Wilfrid Laurier University,,https://students.wlu.ca/programs/science/computer-science-and-physics/graduate-students/program-requirements/index.html,official program page,official,2026-09-09,Current page; Fall 2027 dates not assumed,High for program existence and research structure,opened,HTTP 200; page SHA-256 in evidence file
src:7d3e3a36114d812d,ca:dli:O19375892122,Western University,,,graduate authority and international-student eligibility,IRCC lists this DLI as a public institution offering PAL/TAL-exempt graduate degree programs at the master's or doctorate level.,Designated learning institutions list,"Immigration, Refugees and Citizenship Canada",2026-09-01,https://www.canada.ca/en/immigration-refugees-citizenship/services/study-canada/study-permit/prepare/designated-learning-institutions-list.html,federal live directory,official,2026-09-09,Current status; not a Fall 2027 program-admission guarantee,High,opened and parsed,DLI O19375892122; 1 campus rows collapsed; page SHA-256 in manifest
src:b025c094de96dd60,ca:dli:O19375892122,Western University,,,recognition,CICIC Recognized (Public university),CICIC institution record — Western University,Canadian Information Centre for International Credentials,,https://www.cicic.ca/873/Western_University_.canada?id=3761,national authoritative directory,official/system authority,2026-09-09,,High,matched,CICIC normalized-name score 1.000
src:e949db1b596545ee,ca:dli:O19375892122,Western University,ca:dli:O19375892122:program:thesis-or-research-master-s:msc-in-computer-science-thesis,MSc in Computer Science (thesis),program status and degree structure,The official page identifies MSc in Computer Science (thesis) and contains research/thesis evidence.,Degree Requirements - Computer Science - Western University,Western University,,https://www.csd.uwo.ca/graduate/current/degree_requirements.html,official program page,official,2026-09-09,Current page; Fall 2027 dates not assumed,High for program existence and research structure,opened,HTTP 200; page SHA-256 in evidence file
src:7d3e3a36114d812d,ca:dli:O19361109242,York University,,,graduate authority and international-student eligibility,IRCC lists this DLI as a public institution offering PAL/TAL-exempt graduate degree programs at the master's or doctorate level.,Designated learning institutions list,"Immigration, Refugees and Citizenship Canada",2026-09-01,https://www.canada.ca/en/immigration-refugees-citizenship/services/study-canada/study-permit/prepare/designated-learning-institutions-list.html,federal live directory,official,2026-09-09,Current status; not a Fall 2027 program-admission guarantee,High,opened and parsed,DLI O19361109242; 1 campus rows collapsed; page SHA-256 in manifest
src:107051b8c5293183,ca:dli:O19361109242,York University,,,recognition,CICIC Recognized (Public university),CICIC institution record — York University,Canadian Information Centre for International Credentials,,https://www.cicic.ca/873/York_University.canada?id=3599,national authoritative directory,official/system authority,2026-09-09,,High,matched,CICIC normalized-name score 1.000
src:7d3e3a36114d812d,ca:dli:O19220071452,University of Prince Edward Island,,,graduate authority and international-student eligibility,IRCC lists this DLI as a public institution offering PAL/TAL-exempt graduate degree programs at the master's or doctorate level.,Designated learning institutions list,"Immigration, Refugees and Citizenship Canada",2026-09-01,https://www.canada.ca/en/immigration-refugees-citizenship/services/study-canada/study-permit/prepare/designated-learning-institutions-list.html,federal live directory,official,2026-09-09,Current status; not a Fall 2027 program-admission guarantee,High,opened and parsed,DLI O19220071452; 1 campus rows collapsed; page SHA-256 in manifest
src:153f76ea784af550,ca:dli:O19220071452,University of Prince Edward Island,,,recognition,CICIC Recognized (Public university),CICIC institution record — University of Prince Edward Island,Canadian Information Centre for International Credentials,,https://www.cicic.ca/873/University_of_Prince_Edward_Island.canada?id=3689,national authoritative directory,official/system authority,2026-09-09,,High,matched,CICIC normalized-name score 1.000
src:7d3e3a36114d812d,ca:dli:O19359010995,Bishop's University,,,graduate authority and international-student eligibility,IRCC lists this DLI as a public institution offering PAL/TAL-exempt graduate degree programs at the master's or doctorate level.,Designated learning institutions list,"Immigration, Refugees and Citizenship Canada",2026-09-01,https://www.canada.ca/en/immigration-refugees-citizenship/services/study-canada/study-permit/prepare/designated-learning-institutions-list.html,federal live directory,official,2026-09-09,Current status; not a Fall 2027 program-admission guarantee,High,opened and parsed,DLI O19359010995; 1 campus rows collapsed; page SHA-256 in manifest
src:4218c311bdcca4b7,ca:dli:O19359010995,Bishop's University,,,recognition,CICIC Recognized (Public university),CICIC institution record — Bishop's University,Canadian Information Centre for International Credentials,,https://www.cicic.ca/873/Bishop_s_University.canada?id=3892,national authoritative directory,official/system authority,2026-09-09,,High,matched,CICIC normalized-name score 1.000
src:7d3e3a36114d812d,ca:dli:O19359011007,Concordia University,,,graduate authority and international-student eligibility,IRCC lists this DLI as a public institution offering PAL/TAL-exempt graduate degree programs at the master's or doctorate level.,Designated learning institutions list,"Immigration, Refugees and Citizenship Canada",2026-09-01,https://www.canada.ca/en/immigration-refugees-citizenship/services/study-canada/study-permit/prepare/designated-learning-institutions-list.html,federal live directory,official,2026-09-09,Current status; not a Fall 2027 program-admission guarantee,High,opened and parsed,DLI O19359011007; 1 campus rows collapsed; page SHA-256 in manifest
src:c85f754eef7bff6b,ca:dli:O19359011007,Concordia University,,,recognition,CICIC Recognized (Public university),CICIC institution record — Concordia University,Canadian Information Centre for International Credentials,,https://www.cicic.ca/873/Concordia_University.canada?id=3944,national authoritative directory,official/system authority,2026-09-09,,High,matched,CICIC normalized-name score 1.000
src:cde0f1c6ed208673,ca:dli:O19359011007,Concordia University,ca:dli:O19359011007:program:thesis-or-research-master-s:master-of-computer-science-thesis,Master of Computer Science (thesis),program status and degree structure,The official page identifies Master of Computer Science (thesis) and contains research/thesis evidence.,Master of Computer Science (MCompSc) Degree Program | Graduate Studies - Apply Here - Concordia University,Concordia University,,https://www.concordia.ca/academics/graduate/computer-science-mcompsc.html,official program page,official,2026-09-09,Current page; Fall 2027 dates not assumed,High for program existence and research structure,opened,HTTP 200; page SHA-256 in evidence file
src:7d3e3a36114d812d,ca:dli:O293775204142,Conservatoire d'art dramatique de Québec,,,graduate authority and international-student eligibility,IRCC lists this DLI as a public institution offering PAL/TAL-exempt graduate degree programs at the master's or doctorate level.,Designated learning institutions list,"Immigration, Refugees and Citizenship Canada",2026-09-01,https://www.canada.ca/en/immigration-refugees-citizenship/services/study-canada/study-permit/prepare/designated-learning-institutions-list.html,federal live directory,official,2026-09-09,Current status; not a Fall 2027 program-admission guarantee,High,opened and parsed,DLI O293775204142; 1 campus rows collapsed; page SHA-256 in manifest
src:f3b40a1aea7fe64f,ca:dli:O293775204142,Conservatoire d'art dramatique de Québec,,,recognition,CICIC Recognized (Public college),CICIC institution record — Conservatoire d'art dramatique de Québec,Canadian Information Centre for International Credentials,,https://www.cicic.ca/873/Conservatoire_d_art_dramatique_de_Quebec.canada?id=9475,national authoritative directory,official/system authority,2026-09-09,,High,matched,CICIC normalized-name score 1.000
src:c3a1e38f64ac5a77,ca:dli:O293775204142,Conservatoire d'art dramatique de Québec,,,mechanical exclusion,Official institutional scope is dramatic arts; no computing research graduate degree identified.,Official institutional website / program inventory,Conservatoire d'art dramatique de Québec,,http://www.conservatoire.gouv.qc.ca/,official institutional website,official,2026-09-09,,Medium,negative mechanical screen; manual audit required,Absence is not treated as conclusive beyond this screening phase.
src:7d3e3a36114d812d,ca:dli:O19359010871,Conservatoire de musique de Gatineau,,,graduate authority and international-student eligibility,IRCC lists this DLI as a public institution offering PAL/TAL-exempt graduate degree programs at the master's or doctorate level.,Designated learning institutions list,"Immigration, Refugees and Citizenship Canada",2026-09-01,https://www.canada.ca/en/immigration-refugees-citizenship/services/study-canada/study-permit/prepare/designated-learning-institutions-list.html,federal live directory,official,2026-09-09,Current status; not a Fall 2027 program-admission guarantee,High,opened and parsed,DLI O19359010871; 1 campus rows collapsed; page SHA-256 in manifest
src:7d3e3a36114d812d,ca:dli:O19359010871,Conservatoire de musique de Gatineau,,,recognition,Exact CICIC directory-name match remains unresolved; no blanket recognition claim made.,CICIC current-directory scope and IRCC DLI record,Canadian Information Centre for International Credentials,,https://www.canada.ca/en/immigration-refugees-citizenship/services/study-canada/study-permit/prepare/designated-learning-institutions-list.html,national authoritative directory,official/system authority,2026-09-09,,Medium,manual match required,CICIC normalized-name score 0.718
src:7d3e3a36114d812d,ca:dli:O19359010871,Conservatoire de musique de Gatineau,,,mechanical exclusion,Official institutional scope is music; no computing research graduate degree identified.,Official institutional website / program inventory,Conservatoire de musique de Gatineau,,https://www.canada.ca/en/immigration-refugees-citizenship/services/study-canada/study-permit/prepare/designated-learning-institutions-list.html,official institutional website,official,2026-09-09,,Medium,negative mechanical screen; manual audit required,Absence is not treated as conclusive beyond this screening phase.
src:7d3e3a36114d812d,ca:dli:O19359010884,Conservatoire de musique de Montréal,,,graduate authority and international-student eligibility,IRCC lists this DLI as a public institution offering PAL/TAL-exempt graduate degree programs at the master's or doctorate level.,Designated learning institutions list,"Immigration, Refugees and Citizenship Canada",2026-09-01,https://www.canada.ca/en/immigration-refugees-citizenship/services/study-canada/study-permit/prepare/designated-learning-institutions-list.html,federal live directory,official,2026-09-09,Current status; not a Fall 2027 program-admission guarantee,High,opened and parsed,DLI O19359010884; 1 campus rows collapsed; page SHA-256 in manifest
src:db648a00b3ba1d97,ca:dli:O19359010884,Conservatoire de musique de Montréal,,,recognition,CICIC Recognized (Public college),CICIC institution record — Conservatoire d'art dramatique de Montréal,Canadian Information Centre for International Credentials,,https://www.cicic.ca/873/Conservatoire_d_art_dramatique_de_Montreal.canada?id=9474,national authoritative directory,official/system authority,2026-09-09,,High,matched,CICIC normalized-name score 0.846
src:db648a00b3ba1d97,ca:dli:O19359010884,Conservatoire de musique de Montréal,,,mechanical exclusion,Official institutional scope is music; no computing research graduate degree identified.,Official institutional website / program inventory,Conservatoire de musique de Montréal,,https://www.cicic.ca/873/Conservatoire_d_art_dramatique_de_Montreal.canada?id=9474,official institutional website,official,2026-09-09,,Medium,negative mechanical screen; manual audit required,Absence is not treated as conclusive beyond this screening phase.
src:7d3e3a36114d812d,ca:dli:O19359010910,Conservatoire de musique de Rimouski,,,graduate authority and international-student eligibility,IRCC lists this DLI as a public institution offering PAL/TAL-exempt graduate degree programs at the master's or doctorate level.,Designated learning institutions list,"Immigration, Refugees and Citizenship Canada",2026-09-01,https://www.canada.ca/en/immigration-refugees-citizenship/services/study-canada/study-permit/prepare/designated-learning-institutions-list.html,federal live directory,official,2026-09-09,Current status; not a Fall 2027 program-admission guarantee,High,opened and parsed,DLI O19359010910; 1 campus rows collapsed; page SHA-256 in manifest
src:7d3e3a36114d812d,ca:dli:O19359010910,Conservatoire de musique de Rimouski,,,recognition,Exact CICIC directory-name match remains unresolved; no blanket recognition claim made.,CICIC current-directory scope and IRCC DLI record,Canadian Information Centre for International Credentials,,https://www.canada.ca/en/immigration-refugees-citizenship/services/study-canada/study-permit/prepare/designated-learning-institutions-list.html,national authoritative directory,official/system authority,2026-09-09,,Medium,manual match required,CICIC normalized-name score 0.692
src:7d3e3a36114d812d,ca:dli:O19359010910,Conservatoire de musique de Rimouski,,,mechanical exclusion,Official institutional scope is music; no computing research graduate degree identified.,Official institutional website / program inventory,Conservatoire de musique de Rimouski,,https://www.canada.ca/en/immigration-refugees-citizenship/services/study-canada/study-permit/prepare/designated-learning-institutions-list.html,official institutional website,official,2026-09-09,,Medium,negative mechanical screen; manual audit required,Absence is not treated as conclusive beyond this screening phase.
src:7d3e3a36114d812d,ca:dli:O19359010924,Conservatoire de musique de Trois-Rivières,,,graduate authority and international-student eligibility,IRCC lists this DLI as a public institution offering PAL/TAL-exempt graduate degree programs at the master's or doctorate level.,Designated learning institutions list,"Immigration, Refugees and Citizenship Canada",2026-09-01,https://www.canada.ca/en/immigration-refugees-citizenship/services/study-canada/study-permit/prepare/designated-learning-institutions-list.html,federal live directory,official,2026-09-09,Current status; not a Fall 2027 program-admission guarantee,High,opened and parsed,DLI O19359010924; 1 campus rows collapsed; page SHA-256 in manifest
src:7d3e3a36114d812d,ca:dli:O19359010924,Conservatoire de musique de Trois-Rivières,,,recognition,Exact CICIC directory-name match remains unresolved; no blanket recognition claim made.,CICIC current-directory scope and IRCC DLI record,Canadian Information Centre for International Credentials,,https://www.canada.ca/en/immigration-refugees-citizenship/services/study-canada/study-permit/prepare/designated-learning-institutions-list.html,national authoritative directory,official/system authority,2026-09-09,,Medium,manual match required,CICIC normalized-name score 0.684
src:7d3e3a36114d812d,ca:dli:O19359010924,Conservatoire de musique de Trois-Rivières,,,mechanical exclusion,Official institutional scope is music; no computing research graduate degree identified.,Official institutional website / program inventory,Conservatoire de musique de Trois-Rivières,,https://www.canada.ca/en/immigration-refugees-citizenship/services/study-canada/study-permit/prepare/designated-learning-institutions-list.html,official institutional website,official,2026-09-09,,Medium,negative mechanical screen; manual audit required,Absence is not treated as conclusive beyond this screening phase.
src:7d3e3a36114d812d,ca:dli:O19359010937,Conservatoire de musique de Val-d'Or,,,graduate authority and international-student eligibility,IRCC lists this DLI as a public institution offering PAL/TAL-exempt graduate degree programs at the master's or doctorate level.,Designated learning institutions list,"Immigration, Refugees and Citizenship Canada",2026-09-01,https://www.canada.ca/en/immigration-refugees-citizenship/services/study-canada/study-permit/prepare/designated-learning-institutions-list.html,federal live directory,official,2026-09-09,Current status; not a Fall 2027 program-admission guarantee,High,opened and parsed,DLI O19359010937; 1 campus rows collapsed; page SHA-256 in manifest
src:7d3e3a36114d812d,ca:dli:O19359010937,Conservatoire de musique de Val-d'Or,,,recognition,Exact CICIC directory-name match remains unresolved; no blanket recognition claim made.,CICIC current-directory scope and IRCC DLI record,Canadian Information Centre for International Credentials,,https://www.canada.ca/en/immigration-refugees-citizenship/services/study-canada/study-permit/prepare/designated-learning-institutions-list.html,national authoritative directory,official/system authority,2026-09-09,,Medium,manual match required,CICIC normalized-name score 0.692
src:7d3e3a36114d812d,ca:dli:O19359010937,Conservatoire de musique de Val-d'Or,,,mechanical exclusion,Official institutional scope is music; no computing research graduate degree identified.,Official institutional website / program inventory,Conservatoire de musique de Val-d'Or,,https://www.canada.ca/en/immigration-refugees-citizenship/services/study-canada/study-permit/prepare/designated-learning-institutions-list.html,official institutional website,official,2026-09-09,,Medium,negative mechanical screen; manual audit required,Absence is not treated as conclusive beyond this screening phase.
src:7d3e3a36114d812d,ca:dli:O253199102048,Faculté de théologie évangélique,,,graduate authority and international-student eligibility,IRCC lists this DLI as a public institution offering PAL/TAL-exempt graduate degree programs at the master's or doctorate level.,Designated learning institutions list,"Immigration, Refugees and Citizenship Canada",2026-09-01,https://www.canada.ca/en/immigration-refugees-citizenship/services/study-canada/study-permit/prepare/designated-learning-institutions-list.html,federal live directory,official,2026-09-09,Current status; not a Fall 2027 program-admission guarantee,High,opened and parsed,DLI O253199102048; 1 campus rows collapsed; page SHA-256 in manifest
src:f5d1fdfae44025e8,ca:dli:O253199102048,Faculté de théologie évangélique,,,recognition,CICIC Recognized (Non-profit theological school),CICIC institution record — Faculté de théologie évangélique,Canadian Information Centre for International Credentials,,https://www.cicic.ca/873/Faculte_de_theologie_evangelique.canada?id=3751,national authoritative directory,official/system authority,2026-09-09,,High,matched,CICIC normalized-name score 1.000
src:7d3e3a36114d812d,ca:dli:O19359011185,Institut national de la recherche scientifique,,,graduate authority and international-student eligibility,IRCC lists this DLI as a public institution offering PAL/TAL-exempt graduate degree programs at the master's or doctorate level.,Designated learning institutions list,"Immigration, Refugees and Citizenship Canada",2026-09-01,https://www.canada.ca/en/immigration-refugees-citizenship/services/study-canada/study-permit/prepare/designated-learning-institutions-list.html,federal live directory,official,2026-09-09,Current status; not a Fall 2027 program-admission guarantee,High,opened and parsed,DLI O19359011185; 1 campus rows collapsed; page SHA-256 in manifest
src:63ff7f0a57065293,ca:dli:O19359011185,Institut national de la recherche scientifique,,,recognition,CICIC Recognized (Public university),CICIC institution record — Institut national de la recherche scientifique,Canadian Information Centre for International Credentials,,https://www.cicic.ca/873/Institut_national_de_la_recherche_scientifique.canada?id=3652,national authoritative directory,official/system authority,2026-09-09,,High,matched,CICIC normalized-name score 1.000
src:f1150f015ced8290,ca:dli:O19359011185,Institut national de la recherche scientifique,ca:dli:O19359011185:program:thesis-or-research-master-s:ma-trise-en-t-l-communications,Maîtrise en télécommunications,program status and degree structure,The official page identifies Maîtrise en télécommunications and contains research/thesis evidence.,Maîtrise en télécommunications | Programme d'études 3404| INRS,Institut national de la recherche scientifique,,https://inrs.ca/les-etudes/programmes-d-etudes/repertoire-des-programmes-d-etudes/maitrise-en-telecommunications-3404/,official program page,official,2026-09-09,Current page; Fall 2027 dates not assumed,High for program existence and research structure,opened,HTTP 200; page SHA-256 in evidence file
src:7d3e3a36114d812d,ca:dli:O19359011033,McGill University,,,graduate authority and international-student eligibility,IRCC lists this DLI as a public institution offering PAL/TAL-exempt graduate degree programs at the master's or doctorate level.,Designated learning institutions list,"Immigration, Refugees and Citizenship Canada",2026-09-01,https://www.canada.ca/en/immigration-refugees-citizenship/services/study-canada/study-permit/prepare/designated-learning-institutions-list.html,federal live directory,official,2026-09-09,Current status; not a Fall 2027 program-admission guarantee,High,opened and parsed,DLI O19359011033; 2 campus rows collapsed; page SHA-256 in manifest
src:ba21dfe77d16a4ff,ca:dli:O19359011033,McGill University,,,recognition,CICIC Recognized (Public university),CICIC institution record — McGill University,Canadian Information Centre for International Credentials,,https://www.cicic.ca/873/McGill_University.canada?id=3977,national authoritative directory,official/system authority,2026-09-09,,High,matched,CICIC normalized-name score 1.000
src:7d3e3a36114d812d,ca:dli:O19359201245,Télé-université,,,graduate authority and international-student eligibility,IRCC lists this DLI as a public institution offering PAL/TAL-exempt graduate degree programs at the master's or doctorate level.,Designated learning institutions list,"Immigration, Refugees and Citizenship Canada",2026-09-01,https://www.canada.ca/en/immigration-refugees-citizenship/services/study-canada/study-permit/prepare/designated-learning-institutions-list.html,federal live directory,official,2026-09-09,Current status; not a Fall 2027 program-admission guarantee,High,opened and parsed,DLI O19359201245; 1 campus rows collapsed; page SHA-256 in manifest
src:c1157370ea486c7e,ca:dli:O19359201245,Télé-université,,,recognition,CICIC Recognized (Public university),CICIC institution record — Télé-université (Téluq),Canadian Information Centre for International Credentials,,https://www.cicic.ca/873/Tele-universite_(Teluq).canada?id=3771,national authoritative directory,official/system authority,2026-09-09,,High,matched,CICIC normalized-name score 1.000
src:7d3e3a36114d812d,ca:dli:O19359011045,Université de Montréal,,,graduate authority and international-student eligibility,IRCC lists this DLI as a public institution offering PAL/TAL-exempt graduate degree programs at the master's or doctorate level.,Designated learning institutions list,"Immigration, Refugees and Citizenship Canada",2026-09-01,https://www.canada.ca/en/immigration-refugees-citizenship/services/study-canada/study-permit/prepare/designated-learning-institutions-list.html,federal live directory,official,2026-09-09,Current status; not a Fall 2027 program-admission guarantee,High,opened and parsed,DLI O19359011045; 1 campus rows collapsed; page SHA-256 in manifest
src:32e9c7e4d8fcac82,ca:dli:O19359011045,Université de Montréal,,,recognition,CICIC Recognized (Public university),CICIC institution record — Université de Montréal,Canadian Information Centre for International Credentials,,https://www.cicic.ca/873/Universite_de_Montreal.canada?id=1587,national authoritative directory,official/system authority,2026-09-09,,High,matched,CICIC normalized-name score 1.000
src:51d75b6b460f0f64,ca:dli:O19359011045,Université de Montréal,ca:dli:O19359011045:program:thesis-or-research-master-s:ma-trise-en-informatique,Maîtrise en informatique,program status and degree structure,The official page identifies Maîtrise en informatique and contains research/thesis evidence.,Maîtrise en informatique - Université de Montréal - Admission,Université de Montréal,,https://admission.umontreal.ca/programmes/maitrise-en-informatique/,official program page,official,2026-09-09,Current page; Fall 2027 dates not assumed,High for program existence and research structure,opened,HTTP 200; page SHA-256 in evidence file
src:7d3e3a36114d812d,ca:dli:O19359011083,Université de Sherbrooke,,,graduate authority and international-student eligibility,IRCC lists this DLI as a public institution offering PAL/TAL-exempt graduate degree programs at the master's or doctorate level.,Designated learning institutions list,"Immigration, Refugees and Citizenship Canada",2026-09-01,https://www.canada.ca/en/immigration-refugees-citizenship/services/study-canada/study-permit/prepare/designated-learning-institutions-list.html,federal live directory,official,2026-09-09,Current status; not a Fall 2027 program-admission guarantee,High,opened and parsed,DLI O19359011083; 1 campus rows collapsed; page SHA-256 in manifest
src:e7005a230967c737,ca:dli:O19359011083,Université de Sherbrooke,,,recognition,CICIC Recognized (Public university),CICIC institution record — Université de Sherbrooke,Canadian Information Centre for International Credentials,,https://www.cicic.ca/873/Universite_de_Sherbrooke.canada?id=1590,national authoritative directory,official/system authority,2026-09-09,,High,matched,CICIC normalized-name score 1.000
src:fd1fc6a7d595b6d7,ca:dli:O19359011083,Université de Sherbrooke,ca:dli:O19359011083:program:thesis-or-research-master-s:ma-trise-en-informatique,Maîtrise en informatique,program status and degree structure,The official page identifies Maîtrise en informatique and contains research/thesis evidence.,Maîtrise en adaptation scolaire et sociale - Programmes et admission - Université de Sherbrooke,Université de Sherbrooke,,https://www.usherbrooke.ca/admission/programme/652/maitrise-en-informatique,official program page,official,2026-09-09,Current page; Fall 2027 dates not assumed,High for program existence and research structure,opened,HTTP 200; page SHA-256 in evidence file
src:7d3e3a36114d812d,ca:dli:O19359011096,Université du Québec,,,graduate authority and international-student eligibility,IRCC lists this DLI as a public institution offering PAL/TAL-exempt graduate degree programs at the master's or doctorate level.,Designated learning institutions list,"Immigration, Refugees and Citizenship Canada",2026-09-01,https://www.canada.ca/en/immigration-refugees-citizenship/services/study-canada/study-permit/prepare/designated-learning-institutions-list.html,federal live directory,official,2026-09-09,Current status; not a Fall 2027 program-admission guarantee,High,opened and parsed,DLI O19359011096; 1 campus rows collapsed; page SHA-256 in manifest
src:c1b42fa24f70e711,ca:dli:O19359011096,Université du Québec,,,recognition,CICIC Recognized (Public university),CICIC institution record — Université du Québec,Canadian Information Centre for International Credentials,,https://www.cicic.ca/873/Universite_du_Quebec.canada?id=3518,national authoritative directory,official/system authority,2026-09-09,,High,matched,CICIC normalized-name score 1.000
src:7d3e3a36114d812d,ca:dli:O19359011109,Université du Québec en Abitibi-Témiscamingue,,,graduate authority and international-student eligibility,IRCC lists this DLI as a public institution offering PAL/TAL-exempt graduate degree programs at the master's or doctorate level.,Designated learning institutions list,"Immigration, Refugees and Citizenship Canada",2026-09-01,https://www.canada.ca/en/immigration-refugees-citizenship/services/study-canada/study-permit/prepare/designated-learning-institutions-list.html,federal live directory,official,2026-09-09,Current status; not a Fall 2027 program-admission guarantee,High,opened and parsed,DLI O19359011109; 1 campus rows collapsed; page SHA-256 in manifest
src:f0f73f65d3939b96,ca:dli:O19359011109,Université du Québec en Abitibi-Témiscamingue,,,recognition,CICIC Recognized (Public university),CICIC institution record — Université du Québec en Abitibi-Témiscamingue,Canadian Information Centre for International Credentials,,https://www.cicic.ca/873/Universite_du_Quebec_en_Abitibi-Temiscamingue.canada?id=3950,national authoritative directory,official/system authority,2026-09-09,,High,matched,CICIC normalized-name score 1.000
src:7d3e3a36114d812d,ca:dli:O19359011146,Université du Québec en Outaouais,,,graduate authority and international-student eligibility,IRCC lists this DLI as a public institution offering PAL/TAL-exempt graduate degree programs at the master's or doctorate level.,Designated learning institutions list,"Immigration, Refugees and Citizenship Canada",2026-09-01,https://www.canada.ca/en/immigration-refugees-citizenship/services/study-canada/study-permit/prepare/designated-learning-institutions-list.html,federal live directory,official,2026-09-09,Current status; not a Fall 2027 program-admission guarantee,High,opened and parsed,DLI O19359011146; 1 campus rows collapsed; page SHA-256 in manifest
src:9e7cdf71d67e1005,ca:dli:O19359011146,Université du Québec en Outaouais,,,recognition,CICIC Recognized (Public university),CICIC institution record — Université du Québec en Outaouais,Canadian Information Centre for International Credentials,,https://www.cicic.ca/873/Universite_du_Quebec_en_Outaouais.canada?id=3951,national authoritative directory,official/system authority,2026-09-09,,High,matched,CICIC normalized-name score 1.000
src:7d3e3a36114d812d,ca:dli:O19359011122,Université du Québec à Chicoutimi,,,graduate authority and international-student eligibility,IRCC lists this DLI as a public institution offering PAL/TAL-exempt graduate degree programs at the master's or doctorate level.,Designated learning institutions list,"Immigration, Refugees and Citizenship Canada",2026-09-01,https://www.canada.ca/en/immigration-refugees-citizenship/services/study-canada/study-permit/prepare/designated-learning-institutions-list.html,federal live directory,official,2026-09-09,Current status; not a Fall 2027 program-admission guarantee,High,opened and parsed,DLI O19359011122; 1 campus rows collapsed; page SHA-256 in manifest
src:5792142640b78051,ca:dli:O19359011122,Université du Québec à Chicoutimi,,,recognition,CICIC Recognized (Public university),CICIC institution record — Université du Québec à Chicoutimi,Canadian Information Centre for International Credentials,,https://www.cicic.ca/873/Universite_du_Quebec_a_Chicoutimi.canada?id=4065,national authoritative directory,official/system authority,2026-09-09,,High,matched,CICIC normalized-name score 1.000
src:7d3e3a36114d812d,ca:dli:O19359011134,Université du Québec à Montréal,,,graduate authority and international-student eligibility,IRCC lists this DLI as a public institution offering PAL/TAL-exempt graduate degree programs at the master's or doctorate level.,Designated learning institutions list,"Immigration, Refugees and Citizenship Canada",2026-09-01,https://www.canada.ca/en/immigration-refugees-citizenship/services/study-canada/study-permit/prepare/designated-learning-institutions-list.html,federal live directory,official,2026-09-09,Current status; not a Fall 2027 program-admission guarantee,High,opened and parsed,DLI O19359011134; 1 campus rows collapsed; page SHA-256 in manifest
src:8fd3b1629d8b0a6c,ca:dli:O19359011134,Université du Québec à Montréal,,,recognition,CICIC Recognized (Public university),CICIC institution record — Université du Québec à Montréal,Canadian Information Centre for International Credentials,,https://www.cicic.ca/873/Universite_du_Quebec_a_Montreal.canada?id=4066,national authoritative directory,official/system authority,2026-09-09,,High,matched,CICIC normalized-name score 1.000
src:7d3e3a36114d812d,ca:dli:O19359011159,Université du Québec à Rimouski,,,graduate authority and international-student eligibility,IRCC lists this DLI as a public institution offering PAL/TAL-exempt graduate degree programs at the master's or doctorate level.,Designated learning institutions list,"Immigration, Refugees and Citizenship Canada",2026-09-01,https://www.canada.ca/en/immigration-refugees-citizenship/services/study-canada/study-permit/prepare/designated-learning-institutions-list.html,federal live directory,official,2026-09-09,Current status; not a Fall 2027 program-admission guarantee,High,opened and parsed,DLI O19359011159; 1 campus rows collapsed; page SHA-256 in manifest
src:d57db02a005a407b,ca:dli:O19359011159,Université du Québec à Rimouski,,,recognition,CICIC Recognized (Public university),CICIC institution record — Université du Québec à Rimouski,Canadian Information Centre for International Credentials,,https://www.cicic.ca/873/Universite_du_Quebec_a_Rimouski.canada?id=1288,national authoritative directory,official/system authority,2026-09-09,,High,matched,CICIC normalized-name score 1.000
src:7d3e3a36114d812d,ca:dli:O19359011172,Université du Québec à Trois-Rivières,,,graduate authority and international-student eligibility,IRCC lists this DLI as a public institution offering PAL/TAL-exempt graduate degree programs at the master's or doctorate level.,Designated learning institutions list,"Immigration, Refugees and Citizenship Canada",2026-09-01,https://www.canada.ca/en/immigration-refugees-citizenship/services/study-canada/study-permit/prepare/designated-learning-institutions-list.html,federal live directory,official,2026-09-09,Current status; not a Fall 2027 program-admission guarantee,High,opened and parsed,DLI O19359011172; 1 campus rows collapsed; page SHA-256 in manifest
src:62a9c61f3a67d2f3,ca:dli:O19359011172,Université du Québec à Trois-Rivières,,,recognition,CICIC Recognized (Public university),CICIC institution record — Université du Québec à Trois-Rivières,Canadian Information Centre for International Credentials,,https://www.cicic.ca/873/Universite_du_Quebec_a_Trois-Rivieres.canada?id=3949,national authoritative directory,official/system authority,2026-09-09,,High,matched,CICIC normalized-name score 1.000
src:7d3e3a36114d812d,ca:dli:O19359011020,Université Laval,,,graduate authority and international-student eligibility,IRCC lists this DLI as a public institution offering PAL/TAL-exempt graduate degree programs at the master's or doctorate level.,Designated learning institutions list,"Immigration, Refugees and Citizenship Canada",2026-09-01,https://www.canada.ca/en/immigration-refugees-citizenship/services/study-canada/study-permit/prepare/designated-learning-institutions-list.html,federal live directory,official,2026-09-09,Current status; not a Fall 2027 program-admission guarantee,High,opened and parsed,DLI O19359011020; 1 campus rows collapsed; page SHA-256 in manifest
src:8823d2ee06121672,ca:dli:O19359011020,Université Laval,,,recognition,CICIC Recognized (Public university),CICIC institution record — Université Laval,Canadian Information Centre for International Credentials,,https://www.cicic.ca/873/Universite_Laval.canada?id=1289,national authoritative directory,official/system authority,2026-09-09,,High,matched,CICIC normalized-name score 1.000
src:e5817178bea9da32,ca:dli:O19359011020,Université Laval,ca:dli:O19359011020:program:thesis-or-research-master-s:ma-trise-en-informatique-avec-m-moire,Maîtrise en informatique avec mémoire,program status and degree structure,The official page identifies Maîtrise en informatique avec mémoire and contains research/thesis evidence.,Informatique - avec mémoire | Maîtrise recherche,Université Laval,,https://www.ulaval.ca/etudes/programmes/maitrise-en-informatique-avec-memoire,official program page,official,2026-09-09,Current page; Fall 2027 dates not assumed,High for program existence and research structure,opened,HTTP 200; page SHA-256 in evidence file
src:7d3e3a36114d812d,ca:dli:O19359201210,École de technologie supérieure,,,graduate authority and international-student eligibility,IRCC lists this DLI as a public institution offering PAL/TAL-exempt graduate degree programs at the master's or doctorate level.,Designated learning institutions list,"Immigration, Refugees and Citizenship Canada",2026-09-01,https://www.canada.ca/en/immigration-refugees-citizenship/services/study-canada/study-permit/prepare/designated-learning-institutions-list.html,federal live directory,official,2026-09-09,Current status; not a Fall 2027 program-admission guarantee,High,opened and parsed,DLI O19359201210; 1 campus rows collapsed; page SHA-256 in manifest
src:220b07bda684571a,ca:dli:O19359201210,École de technologie supérieure,,,recognition,CICIC Recognized (Public university),CICIC institution record — École de technologie supérieure,Canadian Information Centre for International Credentials,,https://www.cicic.ca/873/Ecole_de_technologie_superieure.canada?id=1591,national authoritative directory,official/system authority,2026-09-09,,High,matched,CICIC normalized-name score 1.000
src:7af55a9ffd9b7131,ca:dli:O19359201210,École de technologie supérieure,ca:dli:O19359201210:program:thesis-or-research-master-s:ma-trise-en-g-nie-des-technologies-de-l-information,Maîtrise en génie des technologies de l'information,program status and degree structure,The official page identifies Maîtrise en génie des technologies de l'information and contains research/thesis evidence.,Maîtrise en génie des technologies de l’information - ÉTS Montréal,École de technologie supérieure,,https://www.etsmtl.ca/programmes-formations/maitrise-genie-technologies-information,official program page,official,2026-09-09,Current page; Fall 2027 dates not assumed,High for program existence and research structure,opened,HTTP 200; page SHA-256 in evidence file
src:7d3e3a36114d812d,ca:dli:O19359011058,École des Hautes Études Commerciales de Montréal (HEC Montréal),,,graduate authority and international-student eligibility,IRCC lists this DLI as a public institution offering PAL/TAL-exempt graduate degree programs at the master's or doctorate level.,Designated learning institutions list,"Immigration, Refugees and Citizenship Canada",2026-09-01,https://www.canada.ca/en/immigration-refugees-citizenship/services/study-canada/study-permit/prepare/designated-learning-institutions-list.html,federal live directory,official,2026-09-09,Current status; not a Fall 2027 program-admission guarantee,High,opened and parsed,DLI O19359011058; 1 campus rows collapsed; page SHA-256 in manifest
src:d13ab769ab569a4b,ca:dli:O19359011058,École des Hautes Études Commerciales de Montréal (HEC Montréal),,,recognition,CICIC Recognized (Public university),CICIC institution record — École des Hautes Études Commerciales de Montréal,Canadian Information Centre for International Credentials,,https://www.cicic.ca/873/Ecole_des_Hautes_Etudes_Commerciales_de_Montreal.canada?id=3514,national authoritative directory,official/system authority,2026-09-09,,High,matched,CICIC normalized-name score 1.000
src:7d3e3a36114d812d,ca:dli:O19359011197,École nationale d'administration publique,,,graduate authority and international-student eligibility,IRCC lists this DLI as a public institution offering PAL/TAL-exempt graduate degree programs at the master's or doctorate level.,Designated learning institutions list,"Immigration, Refugees and Citizenship Canada",2026-09-01,https://www.canada.ca/en/immigration-refugees-citizenship/services/study-canada/study-permit/prepare/designated-learning-institutions-list.html,federal live directory,official,2026-09-09,Current status; not a Fall 2027 program-admission guarantee,High,opened and parsed,DLI O19359011197; 1 campus rows collapsed; page SHA-256 in manifest
src:b7f33d15d890cc0f,ca:dli:O19359011197,École nationale d'administration publique,,,recognition,CICIC Recognized (Public university),CICIC institution record — École nationale d'administration publique,Canadian Information Centre for International Credentials,,https://www.cicic.ca/873/Ecole_nationale_d_administration_publique.canada?id=3567,national authoritative directory,official/system authority,2026-09-09,,High,matched,CICIC normalized-name score 1.000
src:82de5fba6152fa09,ca:dli:O19359011197,École nationale d'administration publique,,,mechanical exclusion,Official institutional scope is public administration; no computing research graduate degree identified.,Official institutional website / program inventory,École nationale d'administration publique,,https://enap.ca,official institutional website,official,2026-09-09,,Medium,negative mechanical screen; manual audit required,Absence is not treated as conclusive beyond this screening phase.
src:7d3e3a36114d812d,ca:dli:O19359011070,École Polytechnique de Montréal,,,graduate authority and international-student eligibility,IRCC lists this DLI as a public institution offering PAL/TAL-exempt graduate degree programs at the master's or doctorate level.,Designated learning institutions list,"Immigration, Refugees and Citizenship Canada",2026-09-01,https://www.canada.ca/en/immigration-refugees-citizenship/services/study-canada/study-permit/prepare/designated-learning-institutions-list.html,federal live directory,official,2026-09-09,Current status; not a Fall 2027 program-admission guarantee,High,opened and parsed,DLI O19359011070; 1 campus rows collapsed; page SHA-256 in manifest
src:357b026a919561ab,ca:dli:O19359011070,École Polytechnique de Montréal,,,recognition,CICIC Recognized (Public university),CICIC institution record — École Polytechnique de Montréal,Canadian Information Centre for International Credentials,,https://www.cicic.ca/873/Ecole_Polytechnique_de_Montreal.canada?id=3515,national authoritative directory,official/system authority,2026-09-09,,High,matched,CICIC normalized-name score 1.000
src:7d3e3a36114d812d,ca:dli:O122051172047,College of Emmanuel and St Chad,,,graduate authority and international-student eligibility,IRCC lists this DLI as a public institution offering PAL/TAL-exempt graduate degree programs at the master's or doctorate level.,Designated learning institutions list,"Immigration, Refugees and Citizenship Canada",2026-09-01,https://www.canada.ca/en/immigration-refugees-citizenship/services/study-canada/study-permit/prepare/designated-learning-institutions-list.html,federal live directory,official,2026-09-09,Current status; not a Fall 2027 program-admission guarantee,High,opened and parsed,DLI O122051172047; 1 campus rows collapsed; page SHA-256 in manifest
src:5fbe8fce04b8b4aa,ca:dli:O122051172047,College of Emmanuel and St Chad,,,recognition,CICIC Recognized (Public theological school),CICIC institution record — College of Emmanuel and St. Chad,Canadian Information Centre for International Credentials,,https://www.cicic.ca/873/College_of_Emmanuel_and_St._Chad.canada?id=3614,national authoritative directory,official/system authority,2026-09-09,,High,matched,CICIC normalized-name score 1.000
src:5fbe8fce04b8b4aa,ca:dli:O122051172047,College of Emmanuel and St Chad,,,mechanical exclusion,Official institutional scope is theology; no computing research graduate degree identified.,Official institutional website / program inventory,College of Emmanuel and St Chad,,https://www.cicic.ca/873/College_of_Emmanuel_and_St._Chad.canada?id=3614,official institutional website,official,2026-09-09,,Medium,negative mechanical screen; manual audit required,Absence is not treated as conclusive beyond this screening phase.
src:7d3e3a36114d812d,ca:dli:O214426376877,Horizon College and Seminary Inc.,,,graduate authority and international-student eligibility,IRCC lists this DLI as a public institution offering PAL/TAL-exempt graduate degree programs at the master's or doctorate level.,Designated learning institutions list,"Immigration, Refugees and Citizenship Canada",2026-09-01,https://www.canada.ca/en/immigration-refugees-citizenship/services/study-canada/study-permit/prepare/designated-learning-institutions-list.html,federal live directory,official,2026-09-09,Current status; not a Fall 2027 program-admission guarantee,High,opened and parsed,DLI O214426376877; 1 campus rows collapsed; page SHA-256 in manifest
src:51a07fd14759af91,ca:dli:O214426376877,Horizon College and Seminary Inc.,,,recognition,CICIC Recognized (Public theological school),CICIC institution record — Horizon College and Seminary,Canadian Information Centre for International Credentials,,https://www.cicic.ca/873/Horizon_College_and_Seminary.canada?id=3612,national authoritative directory,official/system authority,2026-09-09,,High,matched,CICIC normalized-name score 1.000
src:88e29a692f8d870d,ca:dli:O214426376877,Horizon College and Seminary Inc.,,,mechanical exclusion,Official institutional scope is theology; no computing research graduate degree identified.,Official institutional website / program inventory,Horizon College and Seminary Inc.,,http://www.horizon.edu/,official institutional website,official,2026-09-09,,Medium,negative mechanical screen; manual audit required,Absence is not treated as conclusive beyond this screening phase.
src:7d3e3a36114d812d,ca:dli:O213779356297,Lutheran Theological Seminary,,,graduate authority and international-student eligibility,IRCC lists this DLI as a public institution offering PAL/TAL-exempt graduate degree programs at the master's or doctorate level.,Designated learning institutions list,"Immigration, Refugees and Citizenship Canada",2026-09-01,https://www.canada.ca/en/immigration-refugees-citizenship/services/study-canada/study-permit/prepare/designated-learning-institutions-list.html,federal live directory,official,2026-09-09,Current status; not a Fall 2027 program-admission guarantee,High,opened and parsed,DLI O213779356297; 1 campus rows collapsed; page SHA-256 in manifest
src:d4b5d05601baa09b,ca:dli:O213779356297,Lutheran Theological Seminary,,,recognition,CICIC Recognized (Public theological school),CICIC institution record — Lutheran Theological Seminary,Canadian Information Centre for International Credentials,,https://www.cicic.ca/873/Lutheran_Theological_Seminary.canada?id=3615,national authoritative directory,official/system authority,2026-09-09,,High,matched,CICIC normalized-name score 1.000
src:d4b5d05601baa09b,ca:dli:O213779356297,Lutheran Theological Seminary,,,mechanical exclusion,Official institutional scope is theology; no computing research graduate degree identified.,Official institutional website / program inventory,Lutheran Theological Seminary,,https://www.cicic.ca/873/Lutheran_Theological_Seminary.canada?id=3615,official institutional website,official,2026-09-09,,Medium,negative mechanical screen; manual audit required,Absence is not treated as conclusive beyond this screening phase.
src:7d3e3a36114d812d,ca:dli:O19425521849,Saskatchewan Polytechnic,,,graduate authority and international-student eligibility,IRCC lists this DLI as a public institution offering PAL/TAL-exempt graduate degree programs at the master's or doctorate level.,Designated learning institutions list,"Immigration, Refugees and Citizenship Canada",2026-09-01,https://www.canada.ca/en/immigration-refugees-citizenship/services/study-canada/study-permit/prepare/designated-learning-institutions-list.html,federal live directory,official,2026-09-09,Current status; not a Fall 2027 program-admission guarantee,High,opened and parsed,DLI O19425521849; 4 campus rows collapsed; page SHA-256 in manifest
src:7d3e3a36114d812d,ca:dli:O19425521849,Saskatchewan Polytechnic,,,recognition,Exact CICIC directory-name match remains unresolved; no blanket recognition claim made.,CICIC current-directory scope and IRCC DLI record,Canadian Information Centre for International Credentials,,https://www.canada.ca/en/immigration-refugees-citizenship/services/study-canada/study-permit/prepare/designated-learning-institutions-list.html,national authoritative directory,official/system authority,2026-09-09,,Medium,manual match required,CICIC normalized-name score 0.493
src:7d3e3a36114d812d,ca:dli:O212421811707,St. Andrew’s College,,,graduate authority and international-student eligibility,IRCC lists this DLI as a public institution offering PAL/TAL-exempt graduate degree programs at the master's or doctorate level.,Designated learning institutions list,"Immigration, Refugees and Citizenship Canada",2026-09-01,https://www.canada.ca/en/immigration-refugees-citizenship/services/study-canada/study-permit/prepare/designated-learning-institutions-list.html,federal live directory,official,2026-09-09,Current status; not a Fall 2027 program-admission guarantee,High,opened and parsed,DLI O212421811707; 1 campus rows collapsed; page SHA-256 in manifest
src:9fc491f0bb4f832b,ca:dli:O212421811707,St. Andrew’s College,,,recognition,CICIC Recognized (Public theological school),CICIC institution record — St. Andrew's College,Canadian Information Centre for International Credentials,,https://www.cicic.ca/873/St._Andrew_s_College.canada?id=3409,national authoritative directory,official/system authority,2026-09-09,,High,matched,CICIC normalized-name score 0.973
src:9fc491f0bb4f832b,ca:dli:O212421811707,St. Andrew’s College,,,mechanical exclusion,Official institutional scope is theology; no computing research graduate degree identified.,Official institutional website / program inventory,St. Andrew’s College,,https://www.cicic.ca/873/St._Andrew_s_College.canada?id=3409,official institutional website,official,2026-09-09,,Medium,negative mechanical screen; manual audit required,Absence is not treated as conclusive beyond this screening phase.
src:7d3e3a36114d812d,ca:dli:O19425660270,University of Regina,,,graduate authority and international-student eligibility,IRCC lists this DLI as a public institution offering PAL/TAL-exempt graduate degree programs at the master's or doctorate level.,Designated learning institutions list,"Immigration, Refugees and Citizenship Canada",2026-09-01,https://www.canada.ca/en/immigration-refugees-citizenship/services/study-canada/study-permit/prepare/designated-learning-institutions-list.html,federal live directory,official,2026-09-09,Current status; not a Fall 2027 program-admission guarantee,High,opened and parsed,DLI O19425660270; 1 campus rows collapsed; page SHA-256 in manifest
src:38821e05ea12561d,ca:dli:O19425660270,University of Regina,,,recognition,CICIC Recognized (Public university),CICIC institution record — University of Regina,Canadian Information Centre for International Credentials,,https://www.cicic.ca/873/University_of_Regina.canada?id=3691,national authoritative directory,official/system authority,2026-09-09,,High,matched,CICIC normalized-name score 1.000
src:7d3e3a36114d812d,ca:dli:O19425660421,University of Saskatchewan,,,graduate authority and international-student eligibility,IRCC lists this DLI as a public institution offering PAL/TAL-exempt graduate degree programs at the master's or doctorate level.,Designated learning institutions list,"Immigration, Refugees and Citizenship Canada",2026-09-01,https://www.canada.ca/en/immigration-refugees-citizenship/services/study-canada/study-permit/prepare/designated-learning-institutions-list.html,federal live directory,official,2026-09-09,Current status; not a Fall 2027 program-admission guarantee,High,opened and parsed,DLI O19425660421; 1 campus rows collapsed; page SHA-256 in manifest
src:dd843765514f9841,ca:dli:O19425660421,University of Saskatchewan,,,recognition,CICIC Recognized (Public university),CICIC institution record — University of Saskatchewan,Canadian Information Centre for International Credentials,,https://www.cicic.ca/873/University_of_Saskatchewan.canada?id=3738,national authoritative directory,official/system authority,2026-09-09,,High,matched,CICIC normalized-name score 1.000
src:cf270b85152829c2,ca:dli:O19425660421,University of Saskatchewan,ca:dli:O19425660421:program:thesis-or-research-master-s:msc-in-computer-science,MSc in Computer Science,program status and degree structure,The official page identifies MSc in Computer Science and contains research/thesis evidence.,Computer Science - Future graduate students | University of Saskatchewan,University of Saskatchewan,,https://grad.usask.ca/programs/computer-science.php,official program page,official,2026-09-09,Current page; Fall 2027 dates not assumed,High for program existence and research structure,opened,HTTP 200; page SHA-256 in evidence file
src:7d3e3a36114d812d,ca:dli:O19604209351,Yukon University,,,graduate authority and international-student eligibility,IRCC lists this DLI as a public institution offering PAL/TAL-exempt graduate degree programs at the master's or doctorate level.,Designated learning institutions list,"Immigration, Refugees and Citizenship Canada",2026-09-01,https://www.canada.ca/en/immigration-refugees-citizenship/services/study-canada/study-permit/prepare/designated-learning-institutions-list.html,federal live directory,official,2026-09-09,Current status; not a Fall 2027 program-admission guarantee,High,opened and parsed,DLI O19604209351; 12 campus rows collapsed; page SHA-256 in manifest
src:fdb87d94ce0b1f65,ca:dli:O19604209351,Yukon University,,,recognition,CICIC Recognized (Public university),CICIC institution record — Yukon University,Canadian Information Centre for International Credentials,,https://www.cicic.ca/873/Yukon_University.canada?id=3600,national authoritative directory,official/system authority,2026-09-09,,High,matched,CICIC normalized-name score 1.000
