institution_id,institution_name,country,program_id,program_name,stage_of_exclusion,primary_exclusion_reason,supporting_evidence,source_url,confidence,manual_verification,date_checked
us:ipeds:100690,Amridge University,United States,,,mechanical_program_screening,No configured primary or secondary CIP completion signal in the three frozen IPEDS graduate first-major completions files; catalog-only and new programs remain a known gap.,"No positive-completion row at award levels 7/17/18/19 for any configured primary or secondary CIP in C2022_A, C2023_A, or C2024_A.",https://nces.ed.gov/ipeds/datacenter/DataFiles.aspx,medium,No,2026-09-09
us:ipeds:100724,Alabama State University,United States,,,mechanical_program_screening,No configured primary or secondary CIP completion signal in the three frozen IPEDS graduate first-major completions files; catalog-only and new programs remain a known gap.,"No positive-completion row at award levels 7/17/18/19 for any configured primary or secondary CIP in C2022_A, C2023_A, or C2024_A.",https://nces.ed.gov/ipeds/datacenter/DataFiles.aspx,medium,No,2026-09-09
us:ipeds:100733,University of Alabama System Office,United States,,,mechanical_program_screening,No configured primary or secondary CIP completion signal in the three frozen IPEDS graduate first-major completions files; catalog-only and new programs remain a known gap.,"No positive-completion row at award levels 7/17/18/19 for any configured primary or secondary CIP in C2022_A, C2023_A, or C2024_A.",https://nces.ed.gov/ipeds/datacenter/DataFiles.aspx,medium,No,2026-09-09
us:ipeds:101189,Faulkner University,United States,,,mechanical_program_screening,No configured primary or secondary CIP completion signal in the three frozen IPEDS graduate first-major completions files; catalog-only and new programs remain a known gap.,"No positive-completion row at award levels 7/17/18/19 for any configured primary or secondary CIP in C2022_A, C2023_A, or C2024_A.",https://nces.ed.gov/ipeds/datacenter/DataFiles.aspx,medium,No,2026-09-09
us:ipeds:101365,Herzing University-Birmingham,United States,,,mechanical_program_screening,No configured primary or secondary CIP completion signal in the three frozen IPEDS graduate first-major completions files; catalog-only and new programs remain a known gap.,"No positive-completion row at award levels 7/17/18/19 for any configured primary or secondary CIP in C2022_A, C2023_A, or C2024_A.",https://nces.ed.gov/ipeds/datacenter/DataFiles.aspx,medium,No,2026-09-09
us:ipeds:101435,Huntingdon College,United States,,,mechanical_program_screening,No configured primary or secondary CIP completion signal in the three frozen IPEDS graduate first-major completions files; catalog-only and new programs remain a known gap.,"No positive-completion row at award levels 7/17/18/19 for any configured primary or secondary CIP in C2022_A, C2023_A, or C2024_A.",https://nces.ed.gov/ipeds/datacenter/DataFiles.aspx,medium,No,2026-09-09
us:ipeds:101453,Heritage Christian University,United States,,,mechanical_program_screening,No configured primary or secondary CIP completion signal in the three frozen IPEDS graduate first-major completions files; catalog-only and new programs remain a known gap.,"No positive-completion row at award levels 7/17/18/19 for any configured primary or secondary CIP in C2022_A, C2023_A, or C2024_A.",https://nces.ed.gov/ipeds/datacenter/DataFiles.aspx,medium,No,2026-09-09
us:ipeds:101587,University of West Alabama,United States,,,mechanical_program_screening,No configured primary or secondary CIP completion signal in the three frozen IPEDS graduate first-major completions files; catalog-only and new programs remain a known gap.,"No positive-completion row at award levels 7/17/18/19 for any configured primary or secondary CIP in C2022_A, C2023_A, or C2024_A.",https://nces.ed.gov/ipeds/datacenter/DataFiles.aspx,medium,No,2026-09-09
us:ipeds:101693,University of Mobile,United States,,,mechanical_program_screening,No configured primary or secondary CIP completion signal in the three frozen IPEDS graduate first-major completions files; catalog-only and new programs remain a known gap.,"No positive-completion row at award levels 7/17/18/19 for any configured primary or secondary CIP in C2022_A, C2023_A, or C2024_A.",https://nces.ed.gov/ipeds/datacenter/DataFiles.aspx,medium,No,2026-09-09
us:ipeds:101709,University of Montevallo,United States,,,mechanical_program_screening,No configured primary or secondary CIP completion signal in the three frozen IPEDS graduate first-major completions files; catalog-only and new programs remain a known gap.,"No positive-completion row at award levels 7/17/18/19 for any configured primary or secondary CIP in C2022_A, C2023_A, or C2024_A.",https://nces.ed.gov/ipeds/datacenter/DataFiles.aspx,medium,No,2026-09-09
us:ipeds:101879,University of North Alabama,United States,,,mechanical_program_screening,No configured primary or secondary CIP completion signal in the three frozen IPEDS graduate first-major completions files; catalog-only and new programs remain a known gap.,"No positive-completion row at award levels 7/17/18/19 for any configured primary or secondary CIP in C2022_A, C2023_A, or C2024_A.",https://nces.ed.gov/ipeds/datacenter/DataFiles.aspx,medium,No,2026-09-09
us:ipeds:101912,Oakwood University,United States,,,mechanical_program_screening,No configured primary or secondary CIP completion signal in the three frozen IPEDS graduate first-major completions files; catalog-only and new programs remain a known gap.,"No positive-completion row at award levels 7/17/18/19 for any configured primary or secondary CIP in C2022_A, C2023_A, or C2024_A.",https://nces.ed.gov/ipeds/datacenter/DataFiles.aspx,medium,No,2026-09-09
us:ipeds:102049,Samford University,United States,,,mechanical_program_screening,No configured primary or secondary CIP completion signal in the three frozen IPEDS graduate first-major completions files; catalog-only and new programs remain a known gap.,"No positive-completion row at award levels 7/17/18/19 for any configured primary or secondary CIP in C2022_A, C2023_A, or C2024_A.",https://nces.ed.gov/ipeds/datacenter/DataFiles.aspx,medium,No,2026-09-09
us:ipeds:102058,Selma University,United States,,,mechanical_program_screening,No configured primary or secondary CIP completion signal in the three frozen IPEDS graduate first-major completions files; catalog-only and new programs remain a known gap.,"No positive-completion row at award levels 7/17/18/19 for any configured primary or secondary CIP in C2022_A, C2023_A, or C2024_A.",https://nces.ed.gov/ipeds/datacenter/DataFiles.aspx,medium,No,2026-09-09
us:ipeds:102234,Spring Hill College,United States,,,mechanical_program_screening,No configured primary or secondary CIP completion signal in the three frozen IPEDS graduate first-major completions files; catalog-only and new programs remain a known gap.,"No positive-completion row at award levels 7/17/18/19 for any configured primary or secondary CIP in C2022_A, C2023_A, or C2024_A.",https://nces.ed.gov/ipeds/datacenter/DataFiles.aspx,medium,No,2026-09-09
us:ipeds:102395,United States Sports University,United States,,,mechanical_program_screening,No configured primary or secondary CIP completion signal in the three frozen IPEDS graduate first-major completions files; catalog-only and new programs remain a known gap.,"No positive-completion row at award levels 7/17/18/19 for any configured primary or secondary CIP in C2022_A, C2023_A, or C2024_A.",https://nces.ed.gov/ipeds/datacenter/DataFiles.aspx,medium,No,2026-09-09
us:ipeds:102553,University of Alaska Anchorage,United States,,,mechanical_program_screening,No configured primary or secondary CIP completion signal in the three frozen IPEDS graduate first-major completions files; catalog-only and new programs remain a known gap.,"No positive-completion row at award levels 7/17/18/19 for any configured primary or secondary CIP in C2022_A, C2023_A, or C2024_A.",https://nces.ed.gov/ipeds/datacenter/DataFiles.aspx,medium,No,2026-09-09
us:ipeds:102632,University of Alaska Southeast,United States,,,mechanical_program_screening,No configured primary or secondary CIP completion signal in the three frozen IPEDS graduate first-major completions files; catalog-only and new programs remain a known gap.,"No positive-completion row at award levels 7/17/18/19 for any configured primary or secondary CIP in C2022_A, C2023_A, or C2024_A.",https://nces.ed.gov/ipeds/datacenter/DataFiles.aspx,medium,No,2026-09-09
us:ipeds:102669,Alaska Pacific University,United States,,,mechanical_program_screening,No configured primary or secondary CIP completion signal in the three frozen IPEDS graduate first-major completions files; catalog-only and new programs remain a known gap.,"No positive-completion row at award levels 7/17/18/19 for any configured primary or secondary CIP in C2022_A, C2023_A, or C2024_A.",https://nces.ed.gov/ipeds/datacenter/DataFiles.aspx,medium,No,2026-09-09
us:ipeds:103529,University of Alaska System of Higher Education,United States,,,mechanical_program_screening,No configured primary or secondary CIP completion signal in the three frozen IPEDS graduate first-major completions files; catalog-only and new programs remain a known gap.,"No positive-completion row at award levels 7/17/18/19 for any configured primary or secondary CIP in C2022_A, C2023_A, or C2024_A.",https://nces.ed.gov/ipeds/datacenter/DataFiles.aspx,medium,No,2026-09-09
us:ipeds:104090,Brookline College-Phoenix,United States,,,mechanical_program_screening,No configured primary or secondary CIP completion signal in the three frozen IPEDS graduate first-major completions files; catalog-only and new programs remain a known gap.,"No positive-completion row at award levels 7/17/18/19 for any configured primary or secondary CIP in C2022_A, C2023_A, or C2024_A.",https://nces.ed.gov/ipeds/datacenter/DataFiles.aspx,medium,No,2026-09-09
us:ipeds:104665,The School of Architecture,United States,,,mechanical_program_screening,No configured primary or secondary CIP completion signal in the three frozen IPEDS graduate first-major completions files; catalog-only and new programs remain a known gap.,"No positive-completion row at award levels 7/17/18/19 for any configured primary or secondary CIP in C2022_A, C2023_A, or C2024_A.",https://nces.ed.gov/ipeds/datacenter/DataFiles.aspx,medium,No,2026-09-09
us:ipeds:105297,Dine College,United States,,,mechanical_program_screening,No configured primary or secondary CIP completion signal in the three frozen IPEDS graduate first-major completions files; catalog-only and new programs remain a known gap.,"No positive-completion row at award levels 7/17/18/19 for any configured primary or secondary CIP in C2022_A, C2023_A, or C2024_A.",https://nces.ed.gov/ipeds/datacenter/DataFiles.aspx,medium,No,2026-09-09
us:ipeds:105534,Pima Medical Institute-Tucson,United States,,,mechanical_program_screening,No configured primary or secondary CIP completion signal in the three frozen IPEDS graduate first-major completions files; catalog-only and new programs remain a known gap.,"No positive-completion row at award levels 7/17/18/19 for any configured primary or secondary CIP in C2022_A, C2023_A, or C2024_A.",https://nces.ed.gov/ipeds/datacenter/DataFiles.aspx,medium,No,2026-09-09
us:ipeds:105589,Prescott College,United States,,,mechanical_program_screening,No configured primary or secondary CIP completion signal in the three frozen IPEDS graduate first-major completions files; catalog-only and new programs remain a known gap.,"No positive-completion row at award levels 7/17/18/19 for any configured primary or secondary CIP in C2022_A, C2023_A, or C2024_A.",https://nces.ed.gov/ipeds/datacenter/DataFiles.aspx,medium,No,2026-09-09
us:ipeds:105899,Arizona Christian University,United States,,,mechanical_program_screening,No configured primary or secondary CIP completion signal in the three frozen IPEDS graduate first-major completions files; catalog-only and new programs remain a known gap.,"No positive-completion row at award levels 7/17/18/19 for any configured primary or secondary CIP in C2022_A, C2023_A, or C2024_A.",https://nces.ed.gov/ipeds/datacenter/DataFiles.aspx,medium,No,2026-09-09
us:ipeds:106263,University of Arkansas for Medical Sciences,United States,,,mechanical_program_screening,No configured primary or secondary CIP completion signal in the three frozen IPEDS graduate first-major completions files; catalog-only and new programs remain a known gap.,"No positive-completion row at award levels 7/17/18/19 for any configured primary or secondary CIP in C2022_A, C2023_A, or C2024_A.",https://nces.ed.gov/ipeds/datacenter/DataFiles.aspx,medium,No,2026-09-09
us:ipeds:106342,Lyon College,United States,,,mechanical_program_screening,No configured primary or secondary CIP completion signal in the three frozen IPEDS graduate first-major completions files; catalog-only and new programs remain a known gap.,"No positive-completion row at award levels 7/17/18/19 for any configured primary or secondary CIP in C2022_A, C2023_A, or C2024_A.",https://nces.ed.gov/ipeds/datacenter/DataFiles.aspx,medium,No,2026-09-09
us:ipeds:106485,University of Arkansas at Monticello,United States,,,mechanical_program_screening,No configured primary or secondary CIP completion signal in the three frozen IPEDS graduate first-major completions files; catalog-only and new programs remain a known gap.,"No positive-completion row at award levels 7/17/18/19 for any configured primary or secondary CIP in C2022_A, C2023_A, or C2024_A.",https://nces.ed.gov/ipeds/datacenter/DataFiles.aspx,medium,No,2026-09-09
us:ipeds:107071,Henderson State University,United States,,,mechanical_program_screening,No configured primary or secondary CIP completion signal in the three frozen IPEDS graduate first-major completions files; catalog-only and new programs remain a known gap.,"No positive-completion row at award levels 7/17/18/19 for any configured primary or secondary CIP in C2022_A, C2023_A, or C2024_A.",https://nces.ed.gov/ipeds/datacenter/DataFiles.aspx,medium,No,2026-09-09
us:ipeds:107080,Hendrix College,United States,,,mechanical_program_screening,No configured primary or secondary CIP completion signal in the three frozen IPEDS graduate first-major completions files; catalog-only and new programs remain a known gap.,"No positive-completion row at award levels 7/17/18/19 for any configured primary or secondary CIP in C2022_A, C2023_A, or C2024_A.",https://nces.ed.gov/ipeds/datacenter/DataFiles.aspx,medium,No,2026-09-09
us:ipeds:107512,Ouachita Baptist University,United States,,,mechanical_program_screening,No configured primary or secondary CIP completion signal in the three frozen IPEDS graduate first-major completions files; catalog-only and new programs remain a known gap.,"No positive-completion row at award levels 7/17/18/19 for any configured primary or secondary CIP in C2022_A, C2023_A, or C2024_A.",https://nces.ed.gov/ipeds/datacenter/DataFiles.aspx,medium,No,2026-09-09
us:ipeds:107600,Philander Smith University,United States,,,mechanical_program_screening,No configured primary or secondary CIP completion signal in the three frozen IPEDS graduate first-major completions files; catalog-only and new programs remain a known gap.,"No positive-completion row at award levels 7/17/18/19 for any configured primary or secondary CIP in C2022_A, C2023_A, or C2024_A.",https://nces.ed.gov/ipeds/datacenter/DataFiles.aspx,medium,No,2026-09-09
us:ipeds:107877,Williams Baptist University,United States,,,mechanical_program_screening,No configured primary or secondary CIP completion signal in the three frozen IPEDS graduate first-major completions files; catalog-only and new programs remain a known gap.,"No positive-completion row at award levels 7/17/18/19 for any configured primary or secondary CIP in C2022_A, C2023_A, or C2024_A.",https://nces.ed.gov/ipeds/datacenter/DataFiles.aspx,medium,No,2026-09-09
us:ipeds:108056,University of Arkansas System Office,United States,,,mechanical_program_screening,No configured primary or secondary CIP completion signal in the three frozen IPEDS graduate first-major completions files; catalog-only and new programs remain a known gap.,"No positive-completion row at award levels 7/17/18/19 for any configured primary or secondary CIP in C2022_A, C2023_A, or C2024_A.",https://nces.ed.gov/ipeds/datacenter/DataFiles.aspx,medium,No,2026-09-09
us:ipeds:108092,University of Arkansas-Fort Smith,United States,,,mechanical_program_screening,No configured primary or secondary CIP completion signal in the three frozen IPEDS graduate first-major completions files; catalog-only and new programs remain a known gap.,"No positive-completion row at award levels 7/17/18/19 for any configured primary or secondary CIP in C2022_A, C2023_A, or C2024_A.",https://nces.ed.gov/ipeds/datacenter/DataFiles.aspx,medium,No,2026-09-09
us:ipeds:108232,Academy of Art University,United States,,,mechanical_program_screening,No configured primary or secondary CIP completion signal in the three frozen IPEDS graduate first-major completions files; catalog-only and new programs remain a known gap.,"No positive-completion row at award levels 7/17/18/19 for any configured primary or secondary CIP in C2022_A, C2023_A, or C2024_A.",https://nces.ed.gov/ipeds/datacenter/DataFiles.aspx,medium,No,2026-09-09
us:ipeds:108269,Academy of Chinese Culture and Health Sciences,United States,,,mechanical_program_screening,No configured primary or secondary CIP completion signal in the three frozen IPEDS graduate first-major completions files; catalog-only and new programs remain a known gap.,"No positive-completion row at award levels 7/17/18/19 for any configured primary or secondary CIP in C2022_A, C2023_A, or C2024_A.",https://nces.ed.gov/ipeds/datacenter/DataFiles.aspx,medium,No,2026-09-09
us:ipeds:108861,Berkeley School of Theology,United States,,,mechanical_program_screening,No configured primary or secondary CIP completion signal in the three frozen IPEDS graduate first-major completions files; catalog-only and new programs remain a known gap.,"No positive-completion row at award levels 7/17/18/19 for any configured primary or secondary CIP in C2022_A, C2023_A, or C2024_A.",https://nces.ed.gov/ipeds/datacenter/DataFiles.aspx,medium,No,2026-09-09
us:ipeds:108870,American Film Institute Conservatory,United States,,,mechanical_program_screening,No configured primary or secondary CIP completion signal in the three frozen IPEDS graduate first-major completions files; catalog-only and new programs remain a known gap.,"No positive-completion row at award levels 7/17/18/19 for any configured primary or secondary CIP in C2022_A, C2023_A, or C2024_A.",https://nces.ed.gov/ipeds/datacenter/DataFiles.aspx,medium,No,2026-09-09
us:ipeds:109651,Art Center College of Design,United States,,,mechanical_program_screening,No configured primary or secondary CIP completion signal in the three frozen IPEDS graduate first-major completions files; catalog-only and new programs remain a known gap.,"No positive-completion row at award levels 7/17/18/19 for any configured primary or secondary CIP in C2022_A, C2023_A, or C2024_A.",https://nces.ed.gov/ipeds/datacenter/DataFiles.aspx,medium,No,2026-09-09
us:ipeds:109785,Azusa Pacific University,United States,,,mechanical_program_screening,No configured primary or secondary CIP completion signal in the three frozen IPEDS graduate first-major completions files; catalog-only and new programs remain a known gap.,"No positive-completion row at award levels 7/17/18/19 for any configured primary or secondary CIP in C2022_A, C2023_A, or C2024_A.",https://nces.ed.gov/ipeds/datacenter/DataFiles.aspx,medium,No,2026-09-09
us:ipeds:110060,Bethesda University,United States,,,mechanical_program_screening,No configured primary or secondary CIP completion signal in the three frozen IPEDS graduate first-major completions files; catalog-only and new programs remain a known gap.,"No positive-completion row at award levels 7/17/18/19 for any configured primary or secondary CIP in C2022_A, C2023_A, or C2024_A.",https://nces.ed.gov/ipeds/datacenter/DataFiles.aspx,medium,No,2026-09-09
us:ipeds:110097,Biola University,United States,,,mechanical_program_screening,No configured primary or secondary CIP completion signal in the three frozen IPEDS graduate first-major completions files; catalog-only and new programs remain a known gap.,"No positive-completion row at award levels 7/17/18/19 for any configured primary or secondary CIP in C2022_A, C2023_A, or C2024_A.",https://nces.ed.gov/ipeds/datacenter/DataFiles.aspx,medium,No,2026-09-09
us:ipeds:110219,Bryan University,United States,,,mechanical_program_screening,No configured primary or secondary CIP completion signal in the three frozen IPEDS graduate first-major completions files; catalog-only and new programs remain a known gap.,"No positive-completion row at award levels 7/17/18/19 for any configured primary or secondary CIP in C2022_A, C2023_A, or C2024_A.",https://nces.ed.gov/ipeds/datacenter/DataFiles.aspx,medium,No,2026-09-09
us:ipeds:110316,California Institute of Integral Studies,United States,,,mechanical_program_screening,No configured primary or secondary CIP completion signal in the three frozen IPEDS graduate first-major completions files; catalog-only and new programs remain a known gap.,"No positive-completion row at award levels 7/17/18/19 for any configured primary or secondary CIP in C2022_A, C2023_A, or C2024_A.",https://nces.ed.gov/ipeds/datacenter/DataFiles.aspx,medium,No,2026-09-09
us:ipeds:110370,California College of the Arts,United States,,,mechanical_program_screening,No configured primary or secondary CIP completion signal in the three frozen IPEDS graduate first-major completions files; catalog-only and new programs remain a known gap.,"No positive-completion row at award levels 7/17/18/19 for any configured primary or secondary CIP in C2022_A, C2023_A, or C2024_A.",https://nces.ed.gov/ipeds/datacenter/DataFiles.aspx,medium,No,2026-09-09
us:ipeds:110398,University of California College of the Law-San Francisco,United States,,,mechanical_program_screening,No configured primary or secondary CIP completion signal in the three frozen IPEDS graduate first-major completions files; catalog-only and new programs remain a known gap.,"No positive-completion row at award levels 7/17/18/19 for any configured primary or secondary CIP in C2022_A, C2023_A, or C2024_A.",https://nces.ed.gov/ipeds/datacenter/DataFiles.aspx,medium,No,2026-09-09
us:ipeds:110486,California State University-Bakersfield,United States,,,mechanical_program_screening,No configured primary or secondary CIP completion signal in the three frozen IPEDS graduate first-major completions files; catalog-only and new programs remain a known gap.,"No positive-completion row at award levels 7/17/18/19 for any configured primary or secondary CIP in C2022_A, C2023_A, or C2024_A.",https://nces.ed.gov/ipeds/datacenter/DataFiles.aspx,medium,No,2026-09-09
us:ipeds:110495,California State University-Stanislaus,United States,,,mechanical_program_screening,No configured primary or secondary CIP completion signal in the three frozen IPEDS graduate first-major completions files; catalog-only and new programs remain a known gap.,"No positive-completion row at award levels 7/17/18/19 for any configured primary or secondary CIP in C2022_A, C2023_A, or C2024_A.",https://nces.ed.gov/ipeds/datacenter/DataFiles.aspx,medium,No,2026-09-09
us:ipeds:110501,California State University-Chancellors Office,United States,,,mechanical_program_screening,No configured primary or secondary CIP completion signal in the three frozen IPEDS graduate first-major completions files; catalog-only and new programs remain a known gap.,"No positive-completion row at award levels 7/17/18/19 for any configured primary or secondary CIP in C2022_A, C2023_A, or C2024_A.",https://nces.ed.gov/ipeds/datacenter/DataFiles.aspx,medium,No,2026-09-09
us:ipeds:110699,University of California-San Francisco,United States,,,mechanical_program_screening,No configured primary or secondary CIP completion signal in the three frozen IPEDS graduate first-major completions files; catalog-only and new programs remain a known gap.,"No positive-completion row at award levels 7/17/18/19 for any configured primary or secondary CIP in C2022_A, C2023_A, or C2024_A.",https://nces.ed.gov/ipeds/datacenter/DataFiles.aspx,medium,No,2026-09-09
us:ipeds:111045,Haven University,United States,,,mechanical_program_screening,No configured primary or secondary CIP completion signal in the three frozen IPEDS graduate first-major completions files; catalog-only and new programs remain a known gap.,"No positive-completion row at award levels 7/17/18/19 for any configured primary or secondary CIP in C2022_A, C2023_A, or C2024_A.",https://nces.ed.gov/ipeds/datacenter/DataFiles.aspx,medium,No,2026-09-09
us:ipeds:111081,California Institute of the Arts,United States,,,mechanical_program_screening,No configured primary or secondary CIP completion signal in the three frozen IPEDS graduate first-major completions files; catalog-only and new programs remain a known gap.,"No positive-completion row at award levels 7/17/18/19 for any configured primary or secondary CIP in C2022_A, C2023_A, or C2024_A.",https://nces.ed.gov/ipeds/datacenter/DataFiles.aspx,medium,No,2026-09-09
us:ipeds:111188,California State University Maritime Academy,United States,,,mechanical_program_screening,No configured primary or secondary CIP completion signal in the three frozen IPEDS graduate first-major completions files; catalog-only and new programs remain a known gap.,"No positive-completion row at award levels 7/17/18/19 for any configured primary or secondary CIP in C2022_A, C2023_A, or C2024_A.",https://nces.ed.gov/ipeds/datacenter/DataFiles.aspx,medium,No,2026-09-09
us:ipeds:111391,California Western School of Law,United States,,,mechanical_program_screening,No configured primary or secondary CIP completion signal in the three frozen IPEDS graduate first-major completions files; catalog-only and new programs remain a known gap.,"No positive-completion row at award levels 7/17/18/19 for any configured primary or secondary CIP in C2022_A, C2023_A, or C2024_A.",https://nces.ed.gov/ipeds/datacenter/DataFiles.aspx,medium,No,2026-09-09
us:ipeds:111948,Chapman University,United States,,,mechanical_program_screening,No configured primary or secondary CIP completion signal in the three frozen IPEDS graduate first-major completions files; catalog-only and new programs remain a known gap.,"No positive-completion row at award levels 7/17/18/19 for any configured primary or secondary CIP in C2022_A, C2023_A, or C2024_A.",https://nces.ed.gov/ipeds/datacenter/DataFiles.aspx,medium,No,2026-09-09
us:ipeds:111966,Charles R Drew University of Medicine and Science,United States,,,mechanical_program_screening,No configured primary or secondary CIP completion signal in the three frozen IPEDS graduate first-major completions files; catalog-only and new programs remain a known gap.,"No positive-completion row at award levels 7/17/18/19 for any configured primary or secondary CIP in C2022_A, C2023_A, or C2024_A.",https://nces.ed.gov/ipeds/datacenter/DataFiles.aspx,medium,No,2026-09-09
us:ipeds:112075,Concordia University-Irvine,United States,,,mechanical_program_screening,No configured primary or secondary CIP completion signal in the three frozen IPEDS graduate first-major completions files; catalog-only and new programs remain a known gap.,"No positive-completion row at award levels 7/17/18/19 for any configured primary or secondary CIP in C2022_A, C2023_A, or C2024_A.",https://nces.ed.gov/ipeds/datacenter/DataFiles.aspx,medium,No,2026-09-09
us:ipeds:112084,San Diego Christian College,United States,,,mechanical_program_screening,No configured primary or secondary CIP completion signal in the three frozen IPEDS graduate first-major completions files; catalog-only and new programs remain a known gap.,"No positive-completion row at award levels 7/17/18/19 for any configured primary or secondary CIP in C2022_A, C2023_A, or C2024_A.",https://nces.ed.gov/ipeds/datacenter/DataFiles.aspx,medium,No,2026-09-09
us:ipeds:112127,Church Divinity School of the Pacific,United States,,,mechanical_program_screening,No configured primary or secondary CIP completion signal in the three frozen IPEDS graduate first-major completions files; catalog-only and new programs remain a known gap.,"No positive-completion row at award levels 7/17/18/19 for any configured primary or secondary CIP in C2022_A, C2023_A, or C2024_A.",https://nces.ed.gov/ipeds/datacenter/DataFiles.aspx,medium,No,2026-09-09
us:ipeds:112260,Claremont McKenna College,United States,,,mechanical_program_screening,No configured primary or secondary CIP completion signal in the three frozen IPEDS graduate first-major completions files; catalog-only and new programs remain a known gap.,"No positive-completion row at award levels 7/17/18/19 for any configured primary or secondary CIP in C2022_A, C2023_A, or C2024_A.",https://nces.ed.gov/ipeds/datacenter/DataFiles.aspx,medium,No,2026-09-09
us:ipeds:112394,University of Silicon Valley,United States,,,mechanical_program_screening,No configured primary or secondary CIP completion signal in the three frozen IPEDS graduate first-major completions files; catalog-only and new programs remain a known gap.,"No positive-completion row at award levels 7/17/18/19 for any configured primary or secondary CIP in C2022_A, C2023_A, or C2024_A.",https://nces.ed.gov/ipeds/datacenter/DataFiles.aspx,medium,No,2026-09-09
us:ipeds:112525,Western University of Health Sciences,United States,,,mechanical_program_screening,No configured primary or secondary CIP completion signal in the three frozen IPEDS graduate first-major completions files; catalog-only and new programs remain a known gap.,"No positive-completion row at award levels 7/17/18/19 for any configured primary or secondary CIP in C2022_A, C2023_A, or C2024_A.",https://nces.ed.gov/ipeds/datacenter/DataFiles.aspx,medium,No,2026-09-09
us:ipeds:113582,Design Institute of San Diego,United States,,,mechanical_program_screening,No configured primary or secondary CIP completion signal in the three frozen IPEDS graduate first-major completions files; catalog-only and new programs remain a known gap.,"No positive-completion row at award levels 7/17/18/19 for any configured primary or secondary CIP in C2022_A, C2023_A, or C2024_A.",https://nces.ed.gov/ipeds/datacenter/DataFiles.aspx,medium,No,2026-09-09
us:ipeds:113616,DHARMA REALM BUDDHIST UNIVERSITY,United States,,,mechanical_program_screening,No configured primary or secondary CIP completion signal in the three frozen IPEDS graduate first-major completions files; catalog-only and new programs remain a known gap.,"No positive-completion row at award levels 7/17/18/19 for any configured primary or secondary CIP in C2022_A, C2023_A, or C2024_A.",https://nces.ed.gov/ipeds/datacenter/DataFiles.aspx,medium,No,2026-09-09
us:ipeds:113698,Dominican University of California,United States,,,mechanical_program_screening,No configured primary or secondary CIP completion signal in the three frozen IPEDS graduate first-major completions files; catalog-only and new programs remain a known gap.,"No positive-completion row at award levels 7/17/18/19 for any configured primary or secondary CIP in C2022_A, C2023_A, or C2024_A.",https://nces.ed.gov/ipeds/datacenter/DataFiles.aspx,medium,No,2026-09-09
us:ipeds:113704,Dominican School of Philosophy & Theology,United States,,,mechanical_program_screening,No configured primary or secondary CIP completion signal in the three frozen IPEDS graduate first-major completions files; catalog-only and new programs remain a known gap.,"No positive-completion row at award levels 7/17/18/19 for any configured primary or secondary CIP in C2022_A, C2023_A, or C2024_A.",https://nces.ed.gov/ipeds/datacenter/DataFiles.aspx,medium,No,2026-09-09
us:ipeds:114114,Emperor's College of Traditional Oriental Medicine,United States,,,mechanical_program_screening,No configured primary or secondary CIP completion signal in the three frozen IPEDS graduate first-major completions files; catalog-only and new programs remain a known gap.,"No positive-completion row at award levels 7/17/18/19 for any configured primary or secondary CIP in C2022_A, C2023_A, or C2024_A.",https://nces.ed.gov/ipeds/datacenter/DataFiles.aspx,medium,No,2026-09-09
us:ipeds:114354,FIDM-Fashion Institute of Design & Merchandising,United States,,,mechanical_program_screening,No configured primary or secondary CIP completion signal in the three frozen IPEDS graduate first-major completions files; catalog-only and new programs remain a known gap.,"No positive-completion row at award levels 7/17/18/19 for any configured primary or secondary CIP in C2022_A, C2023_A, or C2024_A.",https://nces.ed.gov/ipeds/datacenter/DataFiles.aspx,medium,No,2026-09-09
us:ipeds:114549,Fielding Graduate University,United States,,,mechanical_program_screening,No configured primary or secondary CIP completion signal in the three frozen IPEDS graduate first-major completions files; catalog-only and new programs remain a known gap.,"No positive-completion row at award levels 7/17/18/19 for any configured primary or secondary CIP in C2022_A, C2023_A, or C2024_A.",https://nces.ed.gov/ipeds/datacenter/DataFiles.aspx,medium,No,2026-09-09
us:ipeds:114585,Five Branches University,United States,,,mechanical_program_screening,No configured primary or secondary CIP completion signal in the three frozen IPEDS graduate first-major completions files; catalog-only and new programs remain a known gap.,"No positive-completion row at award levels 7/17/18/19 for any configured primary or secondary CIP in C2022_A, C2023_A, or C2024_A.",https://nces.ed.gov/ipeds/datacenter/DataFiles.aspx,medium,No,2026-09-09
us:ipeds:114734,Franciscan School of Theology,United States,,,mechanical_program_screening,No configured primary or secondary CIP completion signal in the three frozen IPEDS graduate first-major completions files; catalog-only and new programs remain a known gap.,"No positive-completion row at award levels 7/17/18/19 for any configured primary or secondary CIP in C2022_A, C2023_A, or C2024_A.",https://nces.ed.gov/ipeds/datacenter/DataFiles.aspx,medium,No,2026-09-09
us:ipeds:114813,Fresno Pacific University,United States,,,mechanical_program_screening,No configured primary or secondary CIP completion signal in the three frozen IPEDS graduate first-major completions files; catalog-only and new programs remain a known gap.,"No positive-completion row at award levels 7/17/18/19 for any configured primary or secondary CIP in C2022_A, C2023_A, or C2024_A.",https://nces.ed.gov/ipeds/datacenter/DataFiles.aspx,medium,No,2026-09-09
us:ipeds:114840,Fuller Theological Seminary,United States,,,mechanical_program_screening,No configured primary or secondary CIP completion signal in the three frozen IPEDS graduate first-major completions files; catalog-only and new programs remain a known gap.,"No positive-completion row at award levels 7/17/18/19 for any configured primary or secondary CIP in C2022_A, C2023_A, or C2024_A.",https://nces.ed.gov/ipeds/datacenter/DataFiles.aspx,medium,No,2026-09-09
us:ipeds:115214,Graduate Theological Union,United States,,,mechanical_program_screening,No configured primary or secondary CIP completion signal in the three frozen IPEDS graduate first-major completions files; catalog-only and new programs remain a known gap.,"No positive-completion row at award levels 7/17/18/19 for any configured primary or secondary CIP in C2022_A, C2023_A, or C2024_A.",https://nces.ed.gov/ipeds/datacenter/DataFiles.aspx,medium,No,2026-09-09
us:ipeds:115746,Pacifica Graduate Institute,United States,,,mechanical_program_screening,No configured primary or secondary CIP completion signal in the three frozen IPEDS graduate first-major completions files; catalog-only and new programs remain a known gap.,"No positive-completion row at award levels 7/17/18/19 for any configured primary or secondary CIP in C2022_A, C2023_A, or C2024_A.",https://nces.ed.gov/ipeds/datacenter/DataFiles.aspx,medium,No,2026-09-09
us:ipeds:115755,California State Polytechnic University-Humboldt,United States,,,mechanical_program_screening,No configured primary or secondary CIP completion signal in the three frozen IPEDS graduate first-major completions files; catalog-only and new programs remain a known gap.,"No positive-completion row at award levels 7/17/18/19 for any configured primary or secondary CIP in C2022_A, C2023_A, or C2024_A.",https://nces.ed.gov/ipeds/datacenter/DataFiles.aspx,medium,No,2026-09-09
us:ipeds:115773,Humphreys University-Stockton and Modesto Campuses,United States,,,mechanical_program_screening,No configured primary or secondary CIP completion signal in the three frozen IPEDS graduate first-major completions files; catalog-only and new programs remain a known gap.,"No positive-completion row at award levels 7/17/18/19 for any configured primary or secondary CIP in C2022_A, C2023_A, or C2024_A.",https://nces.ed.gov/ipeds/datacenter/DataFiles.aspx,medium,No,2026-09-09
us:ipeds:116226,Interior Designers Institute,United States,,,mechanical_program_screening,No configured primary or secondary CIP completion signal in the three frozen IPEDS graduate first-major completions files; catalog-only and new programs remain a known gap.,"No positive-completion row at award levels 7/17/18/19 for any configured primary or secondary CIP in C2022_A, C2023_A, or C2024_A.",https://nces.ed.gov/ipeds/datacenter/DataFiles.aspx,medium,No,2026-09-09
us:ipeds:116846,American Jewish University,United States,,,mechanical_program_screening,No configured primary or secondary CIP completion signal in the three frozen IPEDS graduate first-major completions files; catalog-only and new programs remain a known gap.,"No positive-completion row at award levels 7/17/18/19 for any configured primary or secondary CIP in C2022_A, C2023_A, or C2024_A.",https://nces.ed.gov/ipeds/datacenter/DataFiles.aspx,medium,No,2026-09-09
us:ipeds:117104,Life Pacific University,United States,,,mechanical_program_screening,No configured primary or secondary CIP completion signal in the three frozen IPEDS graduate first-major completions files; catalog-only and new programs remain a known gap.,"No positive-completion row at award levels 7/17/18/19 for any configured primary or secondary CIP in C2022_A, C2023_A, or C2024_A.",https://nces.ed.gov/ipeds/datacenter/DataFiles.aspx,medium,No,2026-09-09
us:ipeds:117168,Laguna College of Art and Design,United States,,,mechanical_program_screening,No configured primary or secondary CIP completion signal in the three frozen IPEDS graduate first-major completions files; catalog-only and new programs remain a known gap.,"No positive-completion row at award levels 7/17/18/19 for any configured primary or secondary CIP in C2022_A, C2023_A, or C2024_A.",https://nces.ed.gov/ipeds/datacenter/DataFiles.aspx,medium,No,2026-09-09
us:ipeds:117520,Life Chiropractic College West,United States,,,mechanical_program_screening,No configured primary or secondary CIP completion signal in the three frozen IPEDS graduate first-major completions files; catalog-only and new programs remain a known gap.,"No positive-completion row at award levels 7/17/18/19 for any configured primary or secondary CIP in C2022_A, C2023_A, or C2024_A.",https://nces.ed.gov/ipeds/datacenter/DataFiles.aspx,medium,No,2026-09-09
us:ipeds:117557,Lincoln University,United States,,,mechanical_program_screening,No configured primary or secondary CIP completion signal in the three frozen IPEDS graduate first-major completions files; catalog-only and new programs remain a known gap.,"No positive-completion row at award levels 7/17/18/19 for any configured primary or secondary CIP in C2022_A, C2023_A, or C2024_A.",https://nces.ed.gov/ipeds/datacenter/DataFiles.aspx,medium,No,2026-09-09
us:ipeds:117575,Southern California Seminary,United States,,,mechanical_program_screening,No configured primary or secondary CIP completion signal in the three frozen IPEDS graduate first-major completions files; catalog-only and new programs remain a known gap.,"No positive-completion row at award levels 7/17/18/19 for any configured primary or secondary CIP in C2022_A, C2023_A, or C2024_A.",https://nces.ed.gov/ipeds/datacenter/DataFiles.aspx,medium,No,2026-09-09
us:ipeds:117627,La Sierra University,United States,,,mechanical_program_screening,No configured primary or secondary CIP completion signal in the three frozen IPEDS graduate first-major completions files; catalog-only and new programs remain a known gap.,"No positive-completion row at award levels 7/17/18/19 for any configured primary or secondary CIP in C2022_A, C2023_A, or C2024_A.",https://nces.ed.gov/ipeds/datacenter/DataFiles.aspx,medium,No,2026-09-09
us:ipeds:117636,Loma Linda University,United States,,,mechanical_program_screening,No configured primary or secondary CIP completion signal in the three frozen IPEDS graduate first-major completions files; catalog-only and new programs remain a known gap.,"No positive-completion row at award levels 7/17/18/19 for any configured primary or secondary CIP in C2022_A, C2023_A, or C2024_A.",https://nces.ed.gov/ipeds/datacenter/DataFiles.aspx,medium,No,2026-09-09
us:ipeds:117672,Southern California University of Health Sciences,United States,,,mechanical_program_screening,No configured primary or secondary CIP completion signal in the three frozen IPEDS graduate first-major completions files; catalog-only and new programs remain a known gap.,"No positive-completion row at award levels 7/17/18/19 for any configured primary or secondary CIP in C2022_A, C2023_A, or C2024_A.",https://nces.ed.gov/ipeds/datacenter/DataFiles.aspx,medium,No,2026-09-09
us:ipeds:117751,The Master's University and Seminary,United States,,,mechanical_program_screening,No configured primary or secondary CIP completion signal in the three frozen IPEDS graduate first-major completions files; catalog-only and new programs remain a known gap.,"No positive-completion row at award levels 7/17/18/19 for any configured primary or secondary CIP in C2022_A, C2023_A, or C2024_A.",https://nces.ed.gov/ipeds/datacenter/DataFiles.aspx,medium,No,2026-09-09
us:ipeds:118693,Menlo College,United States,,,mechanical_program_screening,No configured primary or secondary CIP completion signal in the three frozen IPEDS graduate first-major completions files; catalog-only and new programs remain a known gap.,"No positive-completion row at award levels 7/17/18/19 for any configured primary or secondary CIP in C2022_A, C2023_A, or C2024_A.",https://nces.ed.gov/ipeds/datacenter/DataFiles.aspx,medium,No,2026-09-09
us:ipeds:119058,Middlebury Institute of International Studies at Monterey,United States,,,mechanical_program_screening,No configured primary or secondary CIP completion signal in the three frozen IPEDS graduate first-major completions files; catalog-only and new programs remain a known gap.,"No positive-completion row at award levels 7/17/18/19 for any configured primary or secondary CIP in C2022_A, C2023_A, or C2024_A.",https://nces.ed.gov/ipeds/datacenter/DataFiles.aspx,medium,No,2026-09-09
us:ipeds:119173,Mount Saint Mary's University,United States,,,mechanical_program_screening,No configured primary or secondary CIP completion signal in the three frozen IPEDS graduate first-major completions files; catalog-only and new programs remain a known gap.,"No positive-completion row at award levels 7/17/18/19 for any configured primary or secondary CIP in C2022_A, C2023_A, or C2024_A.",https://nces.ed.gov/ipeds/datacenter/DataFiles.aspx,medium,No,2026-09-09
us:ipeds:119270,Musicians Institute,United States,,,mechanical_program_screening,No configured primary or secondary CIP completion signal in the three frozen IPEDS graduate first-major completions files; catalog-only and new programs remain a known gap.,"No positive-completion row at award levels 7/17/18/19 for any configured primary or secondary CIP in C2022_A, C2023_A, or C2024_A.",https://nces.ed.gov/ipeds/datacenter/DataFiles.aspx,medium,No,2026-09-09
us:ipeds:119775,Newschool of Architecture and Design,United States,,,mechanical_program_screening,No configured primary or secondary CIP completion signal in the three frozen IPEDS graduate first-major completions files; catalog-only and new programs remain a known gap.,"No positive-completion row at award levels 7/17/18/19 for any configured primary or secondary CIP in C2022_A, C2023_A, or C2024_A.",https://nces.ed.gov/ipeds/datacenter/DataFiles.aspx,medium,No,2026-09-09
us:ipeds:120184,Notre Dame de Namur University,United States,,,mechanical_program_screening,No configured primary or secondary CIP completion signal in the three frozen IPEDS graduate first-major completions files; catalog-only and new programs remain a known gap.,"No positive-completion row at award levels 7/17/18/19 for any configured primary or secondary CIP in C2022_A, C2023_A, or C2024_A.",https://nces.ed.gov/ipeds/datacenter/DataFiles.aspx,medium,No,2026-09-09
us:ipeds:120254,Occidental College,United States,,,mechanical_program_screening,No configured primary or secondary CIP completion signal in the three frozen IPEDS graduate first-major completions files; catalog-only and new programs remain a known gap.,"No positive-completion row at award levels 7/17/18/19 for any configured primary or secondary CIP in C2022_A, C2023_A, or C2024_A.",https://nces.ed.gov/ipeds/datacenter/DataFiles.aspx,medium,No,2026-09-09
us:ipeds:120403,Otis College of Art and Design,United States,,,mechanical_program_screening,No configured primary or secondary CIP completion signal in the three frozen IPEDS graduate first-major completions files; catalog-only and new programs remain a known gap.,"No positive-completion row at award levels 7/17/18/19 for any configured primary or secondary CIP in C2022_A, C2023_A, or C2024_A.",https://nces.ed.gov/ipeds/datacenter/DataFiles.aspx,medium,No,2026-09-09
us:ipeds:120537,Hope International University,United States,,,mechanical_program_screening,No configured primary or secondary CIP completion signal in the three frozen IPEDS graduate first-major completions files; catalog-only and new programs remain a known gap.,"No positive-completion row at award levels 7/17/18/19 for any configured primary or secondary CIP in C2022_A, C2023_A, or C2024_A.",https://nces.ed.gov/ipeds/datacenter/DataFiles.aspx,medium,No,2026-09-09
us:ipeds:120698,Palo Alto University,United States,,,mechanical_program_screening,No configured primary or secondary CIP completion signal in the three frozen IPEDS graduate first-major completions files; catalog-only and new programs remain a known gap.,"No positive-completion row at award levels 7/17/18/19 for any configured primary or secondary CIP in C2022_A, C2023_A, or C2024_A.",https://nces.ed.gov/ipeds/datacenter/DataFiles.aspx,medium,No,2026-09-09
us:ipeds:120768,Pacific Oaks College,United States,,,mechanical_program_screening,No configured primary or secondary CIP completion signal in the three frozen IPEDS graduate first-major completions files; catalog-only and new programs remain a known gap.,"No positive-completion row at award levels 7/17/18/19 for any configured primary or secondary CIP in C2022_A, C2023_A, or C2024_A.",https://nces.ed.gov/ipeds/datacenter/DataFiles.aspx,medium,No,2026-09-09
us:ipeds:120795,Pacific School of Religion,United States,,,mechanical_program_screening,No configured primary or secondary CIP completion signal in the three frozen IPEDS graduate first-major completions files; catalog-only and new programs remain a known gap.,"No positive-completion row at award levels 7/17/18/19 for any configured primary or secondary CIP in C2022_A, C2023_A, or C2024_A.",https://nces.ed.gov/ipeds/datacenter/DataFiles.aspx,medium,No,2026-09-09
us:ipeds:120865,Pacific Union College,United States,,,mechanical_program_screening,No configured primary or secondary CIP completion signal in the three frozen IPEDS graduate first-major completions files; catalog-only and new programs remain a known gap.,"No positive-completion row at award levels 7/17/18/19 for any configured primary or secondary CIP in C2022_A, C2023_A, or C2024_A.",https://nces.ed.gov/ipeds/datacenter/DataFiles.aspx,medium,No,2026-09-09
us:ipeds:121150,Pepperdine University,United States,,,mechanical_program_screening,No configured primary or secondary CIP completion signal in the three frozen IPEDS graduate first-major completions files; catalog-only and new programs remain a known gap.,"No positive-completion row at award levels 7/17/18/19 for any configured primary or secondary CIP in C2022_A, C2023_A, or C2024_A.",https://nces.ed.gov/ipeds/datacenter/DataFiles.aspx,medium,No,2026-09-09
us:ipeds:121309,Point Loma Nazarene University,United States,,,mechanical_program_screening,No configured primary or secondary CIP completion signal in the three frozen IPEDS graduate first-major completions files; catalog-only and new programs remain a known gap.,"No positive-completion row at award levels 7/17/18/19 for any configured primary or secondary CIP in C2022_A, C2023_A, or C2024_A.",https://nces.ed.gov/ipeds/datacenter/DataFiles.aspx,medium,No,2026-09-09
us:ipeds:121628,RAND School of Public Policy,United States,,,mechanical_program_screening,No configured primary or secondary CIP completion signal in the three frozen IPEDS graduate first-major completions files; catalog-only and new programs remain a known gap.,"No positive-completion row at award levels 7/17/18/19 for any configured primary or secondary CIP in C2022_A, C2023_A, or C2024_A.",https://nces.ed.gov/ipeds/datacenter/DataFiles.aspx,medium,No,2026-09-09
us:ipeds:122117,Dongguk University Los Angeles,United States,,,mechanical_program_screening,No configured primary or secondary CIP completion signal in the three frozen IPEDS graduate first-major completions files; catalog-only and new programs remain a known gap.,"No positive-completion row at award levels 7/17/18/19 for any configured primary or secondary CIP in C2022_A, C2023_A, or C2024_A.",https://nces.ed.gov/ipeds/datacenter/DataFiles.aspx,medium,No,2026-09-09
us:ipeds:122296,Samuel Merritt University,United States,,,mechanical_program_screening,No configured primary or secondary CIP completion signal in the three frozen IPEDS graduate first-major completions files; catalog-only and new programs remain a known gap.,"No positive-completion row at award levels 7/17/18/19 for any configured primary or secondary CIP in C2022_A, C2023_A, or C2024_A.",https://nces.ed.gov/ipeds/datacenter/DataFiles.aspx,medium,No,2026-09-09
us:ipeds:122506,San Francisco Conservatory of Music,United States,,,mechanical_program_screening,No configured primary or secondary CIP completion signal in the three frozen IPEDS graduate first-major completions files; catalog-only and new programs remain a known gap.,"No positive-completion row at award levels 7/17/18/19 for any configured primary or secondary CIP in C2022_A, C2023_A, or C2024_A.",https://nces.ed.gov/ipeds/datacenter/DataFiles.aspx,medium,No,2026-09-09
us:ipeds:122649,San Joaquin College of Law,United States,,,mechanical_program_screening,No configured primary or secondary CIP completion signal in the three frozen IPEDS graduate first-major completions files; catalog-only and new programs remain a known gap.,"No positive-completion row at award levels 7/17/18/19 for any configured primary or secondary CIP in C2022_A, C2023_A, or C2024_A.",https://nces.ed.gov/ipeds/datacenter/DataFiles.aspx,medium,No,2026-09-09
us:ipeds:123095,Saybrook University,United States,,,mechanical_program_screening,No configured primary or secondary CIP completion signal in the three frozen IPEDS graduate first-major completions files; catalog-only and new programs remain a known gap.,"No positive-completion row at award levels 7/17/18/19 for any configured primary or secondary CIP in C2022_A, C2023_A, or C2024_A.",https://nces.ed.gov/ipeds/datacenter/DataFiles.aspx,medium,No,2026-09-09
us:ipeds:123280,Shasta Bible College and Graduate School,United States,,,mechanical_program_screening,No configured primary or secondary CIP completion signal in the three frozen IPEDS graduate first-major completions files; catalog-only and new programs remain a known gap.,"No positive-completion row at award levels 7/17/18/19 for any configured primary or secondary CIP in C2022_A, C2023_A, or C2024_A.",https://nces.ed.gov/ipeds/datacenter/DataFiles.aspx,medium,No,2026-09-09
us:ipeds:123448,Trinity Law School,United States,,,mechanical_program_screening,No configured primary or secondary CIP completion signal in the three frozen IPEDS graduate first-major completions files; catalog-only and new programs remain a known gap.,"No positive-completion row at award levels 7/17/18/19 for any configured primary or secondary CIP in C2022_A, C2023_A, or C2024_A.",https://nces.ed.gov/ipeds/datacenter/DataFiles.aspx,medium,No,2026-09-09
us:ipeds:123457,Simpson University,United States,,,mechanical_program_screening,No configured primary or secondary CIP completion signal in the three frozen IPEDS graduate first-major completions files; catalog-only and new programs remain a known gap.,"No positive-completion row at award levels 7/17/18/19 for any configured primary or secondary CIP in C2022_A, C2023_A, or C2024_A.",https://nces.ed.gov/ipeds/datacenter/DataFiles.aspx,medium,No,2026-09-09
us:ipeds:123554,Saint Mary's College of California,United States,,,mechanical_program_screening,No configured primary or secondary CIP completion signal in the three frozen IPEDS graduate first-major completions files; catalog-only and new programs remain a known gap.,"No positive-completion row at award levels 7/17/18/19 for any configured primary or secondary CIP in C2022_A, C2023_A, or C2024_A.",https://nces.ed.gov/ipeds/datacenter/DataFiles.aspx,medium,No,2026-09-09
us:ipeds:123633,South Baylo University,United States,,,mechanical_program_screening,No configured primary or secondary CIP completion signal in the three frozen IPEDS graduate first-major completions files; catalog-only and new programs remain a known gap.,"No positive-completion row at award levels 7/17/18/19 for any configured primary or secondary CIP in C2022_A, C2023_A, or C2024_A.",https://nces.ed.gov/ipeds/datacenter/DataFiles.aspx,medium,No,2026-09-09
us:ipeds:123651,Vanguard University of Southern California,United States,,,mechanical_program_screening,No configured primary or secondary CIP completion signal in the three frozen IPEDS graduate first-major completions files; catalog-only and new programs remain a known gap.,"No positive-completion row at award levels 7/17/18/19 for any configured primary or secondary CIP in C2022_A, C2023_A, or C2024_A.",https://nces.ed.gov/ipeds/datacenter/DataFiles.aspx,medium,No,2026-09-09
us:ipeds:123916,Starr King School for the Ministry,United States,,,mechanical_program_screening,No configured primary or secondary CIP completion signal in the three frozen IPEDS graduate first-major completions files; catalog-only and new programs remain a known gap.,"No positive-completion row at award levels 7/17/18/19 for any configured primary or secondary CIP in C2022_A, C2023_A, or C2024_A.",https://nces.ed.gov/ipeds/datacenter/DataFiles.aspx,medium,No,2026-09-09
us:ipeds:123943,Marshall B Ketchum University,United States,,,mechanical_program_screening,No configured primary or secondary CIP completion signal in the three frozen IPEDS graduate first-major completions files; catalog-only and new programs remain a known gap.,"No positive-completion row at award levels 7/17/18/19 for any configured primary or secondary CIP in C2022_A, C2023_A, or C2024_A.",https://nces.ed.gov/ipeds/datacenter/DataFiles.aspx,medium,No,2026-09-09
us:ipeds:123952,Southern California Institute of Architecture,United States,,,mechanical_program_screening,No configured primary or secondary CIP completion signal in the three frozen IPEDS graduate first-major completions files; catalog-only and new programs remain a known gap.,"No positive-completion row at award levels 7/17/18/19 for any configured primary or secondary CIP in C2022_A, C2023_A, or C2024_A.",https://nces.ed.gov/ipeds/datacenter/DataFiles.aspx,medium,No,2026-09-09
us:ipeds:123970,Southwestern Law School,United States,,,mechanical_program_screening,No configured primary or secondary CIP completion signal in the three frozen IPEDS graduate first-major completions files; catalog-only and new programs remain a known gap.,"No positive-completion row at award levels 7/17/18/19 for any configured primary or secondary CIP in C2022_A, C2023_A, or C2024_A.",https://nces.ed.gov/ipeds/datacenter/DataFiles.aspx,medium,No,2026-09-09
us:ipeds:124283,Claremont School of Theology,United States,,,mechanical_program_screening,No configured primary or secondary CIP completion signal in the three frozen IPEDS graduate first-major completions files; catalog-only and new programs remain a known gap.,"No positive-completion row at award levels 7/17/18/19 for any configured primary or secondary CIP in C2022_A, C2023_A, or C2024_A.",https://nces.ed.gov/ipeds/datacenter/DataFiles.aspx,medium,No,2026-09-09
us:ipeds:124487,Epic Bible College & Graduate School,United States,,,mechanical_program_screening,No configured primary or secondary CIP completion signal in the three frozen IPEDS graduate first-major completions files; catalog-only and new programs remain a known gap.,"No positive-completion row at award levels 7/17/18/19 for any configured primary or secondary CIP in C2022_A, C2023_A, or C2024_A.",https://nces.ed.gov/ipeds/datacenter/DataFiles.aspx,medium,No,2026-09-09
us:ipeds:124557,University of California-System Administration Central Office,United States,,,mechanical_program_screening,No configured primary or secondary CIP completion signal in the three frozen IPEDS graduate first-major completions files; catalog-only and new programs remain a known gap.,"No positive-completion row at award levels 7/17/18/19 for any configured primary or secondary CIP in C2022_A, C2023_A, or C2024_A.",https://nces.ed.gov/ipeds/datacenter/DataFiles.aspx,medium,No,2026-09-09
us:ipeds:125037,The Colleges of Law at Ventura,United States,,,mechanical_program_screening,No configured primary or secondary CIP completion signal in the three frozen IPEDS graduate first-major completions files; catalog-only and new programs remain a known gap.,"No positive-completion row at award levels 7/17/18/19 for any configured primary or secondary CIP in C2022_A, C2023_A, or C2024_A.",https://nces.ed.gov/ipeds/datacenter/DataFiles.aspx,medium,No,2026-09-09
us:ipeds:125718,Westminster Theological Seminary in California,United States,,,mechanical_program_screening,No configured primary or secondary CIP completion signal in the three frozen IPEDS graduate first-major completions files; catalog-only and new programs remain a known gap.,"No positive-completion row at award levels 7/17/18/19 for any configured primary or secondary CIP in C2022_A, C2023_A, or C2024_A.",https://nces.ed.gov/ipeds/datacenter/DataFiles.aspx,medium,No,2026-09-09
us:ipeds:125763,Whittier College,United States,,,mechanical_program_screening,No configured primary or secondary CIP completion signal in the three frozen IPEDS graduate first-major completions files; catalog-only and new programs remain a known gap.,"No positive-completion row at award levels 7/17/18/19 for any configured primary or secondary CIP in C2022_A, C2023_A, or C2024_A.",https://nces.ed.gov/ipeds/datacenter/DataFiles.aspx,medium,No,2026-09-09
us:ipeds:125897,Woodbury University,United States,,,mechanical_program_screening,No configured primary or secondary CIP completion signal in the three frozen IPEDS graduate first-major completions files; catalog-only and new programs remain a known gap.,"No positive-completion row at award levels 7/17/18/19 for any configured primary or secondary CIP in C2022_A, C2023_A, or C2024_A.",https://nces.ed.gov/ipeds/datacenter/DataFiles.aspx,medium,No,2026-09-09
us:ipeds:126012,The Wright Institute,United States,,,mechanical_program_screening,No configured primary or secondary CIP completion signal in the three frozen IPEDS graduate first-major completions files; catalog-only and new programs remain a known gap.,"No positive-completion row at award levels 7/17/18/19 for any configured primary or secondary CIP in C2022_A, C2023_A, or C2024_A.",https://nces.ed.gov/ipeds/datacenter/DataFiles.aspx,medium,No,2026-09-09
us:ipeds:126049,Thomas Jefferson School of Law,United States,,,mechanical_program_screening,No configured primary or secondary CIP completion signal in the three frozen IPEDS graduate first-major completions files; catalog-only and new programs remain a known gap.,"No positive-completion row at award levels 7/17/18/19 for any configured primary or secondary CIP in C2022_A, C2023_A, or C2024_A.",https://nces.ed.gov/ipeds/datacenter/DataFiles.aspx,medium,No,2026-09-09
us:ipeds:126182,Adams State University,United States,,,mechanical_program_screening,No configured primary or secondary CIP completion signal in the three frozen IPEDS graduate first-major completions files; catalog-only and new programs remain a known gap.,"No positive-completion row at award levels 7/17/18/19 for any configured primary or secondary CIP in C2022_A, C2023_A, or C2024_A.",https://nces.ed.gov/ipeds/datacenter/DataFiles.aspx,medium,No,2026-09-09
us:ipeds:126678,Colorado College,United States,,,mechanical_program_screening,No configured primary or secondary CIP completion signal in the three frozen IPEDS graduate first-major completions files; catalog-only and new programs remain a known gap.,"No positive-completion row at award levels 7/17/18/19 for any configured primary or secondary CIP in C2022_A, C2023_A, or C2024_A.",https://nces.ed.gov/ipeds/datacenter/DataFiles.aspx,medium,No,2026-09-09
us:ipeds:126979,Denver Seminary,United States,,,mechanical_program_screening,No configured primary or secondary CIP completion signal in the three frozen IPEDS graduate first-major completions files; catalog-only and new programs remain a known gap.,"No positive-completion row at award levels 7/17/18/19 for any configured primary or secondary CIP in C2022_A, C2023_A, or C2024_A.",https://nces.ed.gov/ipeds/datacenter/DataFiles.aspx,medium,No,2026-09-09
us:ipeds:127185,Fort Lewis College,United States,,,mechanical_program_screening,No configured primary or secondary CIP completion signal in the three frozen IPEDS graduate first-major completions files; catalog-only and new programs remain a known gap.,"No positive-completion row at award levels 7/17/18/19 for any configured primary or secondary CIP in C2022_A, C2023_A, or C2024_A.",https://nces.ed.gov/ipeds/datacenter/DataFiles.aspx,medium,No,2026-09-09
us:ipeds:127273,Iliff School of Theology,United States,,,mechanical_program_screening,No configured primary or secondary CIP completion signal in the three frozen IPEDS graduate first-major completions files; catalog-only and new programs remain a known gap.,"No positive-completion row at award levels 7/17/18/19 for any configured primary or secondary CIP in C2022_A, C2023_A, or C2024_A.",https://nces.ed.gov/ipeds/datacenter/DataFiles.aspx,medium,No,2026-09-09
us:ipeds:127556,Colorado Mesa University,United States,,,mechanical_program_screening,No configured primary or secondary CIP completion signal in the three frozen IPEDS graduate first-major completions files; catalog-only and new programs remain a known gap.,"No positive-completion row at award levels 7/17/18/19 for any configured primary or secondary CIP in C2022_A, C2023_A, or C2024_A.",https://nces.ed.gov/ipeds/datacenter/DataFiles.aspx,medium,No,2026-09-09
us:ipeds:127653,Naropa University,United States,,,mechanical_program_screening,No configured primary or secondary CIP completion signal in the three frozen IPEDS graduate first-major completions files; catalog-only and new programs remain a known gap.,"No positive-completion row at award levels 7/17/18/19 for any configured primary or secondary CIP in C2022_A, C2023_A, or C2024_A.",https://nces.ed.gov/ipeds/datacenter/DataFiles.aspx,medium,No,2026-09-09
us:ipeds:127741,University of Northern Colorado,United States,,,mechanical_program_screening,No configured primary or secondary CIP completion signal in the three frozen IPEDS graduate first-major completions files; catalog-only and new programs remain a known gap.,"No positive-completion row at award levels 7/17/18/19 for any configured primary or secondary CIP in C2022_A, C2023_A, or C2024_A.",https://nces.ed.gov/ipeds/datacenter/DataFiles.aspx,medium,No,2026-09-09
us:ipeds:127909,Red Rocks Community College,United States,,,mechanical_program_screening,No configured primary or secondary CIP completion signal in the three frozen IPEDS graduate first-major completions files; catalog-only and new programs remain a known gap.,"No positive-completion row at award levels 7/17/18/19 for any configured primary or secondary CIP in C2022_A, C2023_A, or C2024_A.",https://nces.ed.gov/ipeds/datacenter/DataFiles.aspx,medium,No,2026-09-09
us:ipeds:127945,Rocky Mountain College of Art and Design,United States,,,mechanical_program_screening,No configured primary or secondary CIP completion signal in the three frozen IPEDS graduate first-major completions files; catalog-only and new programs remain a known gap.,"No positive-completion row at award levels 7/17/18/19 for any configured primary or secondary CIP in C2022_A, C2023_A, or C2024_A.",https://nces.ed.gov/ipeds/datacenter/DataFiles.aspx,medium,No,2026-09-09
us:ipeds:128300,University of Colorado System Office,United States,,,mechanical_program_screening,No configured primary or secondary CIP completion signal in the three frozen IPEDS graduate first-major completions files; catalog-only and new programs remain a known gap.,"No positive-completion row at award levels 7/17/18/19 for any configured primary or secondary CIP in C2022_A, C2023_A, or C2024_A.",https://nces.ed.gov/ipeds/datacenter/DataFiles.aspx,medium,No,2026-09-09
us:ipeds:128391,Western Colorado University,United States,,,mechanical_program_screening,No configured primary or secondary CIP completion signal in the three frozen IPEDS graduate first-major completions files; catalog-only and new programs remain a known gap.,"No positive-completion row at award levels 7/17/18/19 for any configured primary or secondary CIP in C2022_A, C2023_A, or C2024_A.",https://nces.ed.gov/ipeds/datacenter/DataFiles.aspx,medium,No,2026-09-09
us:ipeds:128498,Albertus Magnus College,United States,,,mechanical_program_screening,No configured primary or secondary CIP completion signal in the three frozen IPEDS graduate first-major completions files; catalog-only and new programs remain a known gap.,"No positive-completion row at award levels 7/17/18/19 for any configured primary or secondary CIP in C2022_A, C2023_A, or C2024_A.",https://nces.ed.gov/ipeds/datacenter/DataFiles.aspx,medium,No,2026-09-09
us:ipeds:128780,Charter Oak State College,United States,,,mechanical_program_screening,No configured primary or secondary CIP completion signal in the three frozen IPEDS graduate first-major completions files; catalog-only and new programs remain a known gap.,"No positive-completion row at award levels 7/17/18/19 for any configured primary or secondary CIP in C2022_A, C2023_A, or C2024_A.",https://nces.ed.gov/ipeds/datacenter/DataFiles.aspx,medium,No,2026-09-09
us:ipeds:129154,Goodwin University,United States,,,mechanical_program_screening,No configured primary or secondary CIP completion signal in the three frozen IPEDS graduate first-major completions files; catalog-only and new programs remain a known gap.,"No positive-completion row at award levels 7/17/18/19 for any configured primary or secondary CIP in C2022_A, C2023_A, or C2024_A.",https://nces.ed.gov/ipeds/datacenter/DataFiles.aspx,medium,No,2026-09-09
us:ipeds:129215,Eastern Connecticut State University,United States,,,mechanical_program_screening,No configured primary or secondary CIP completion signal in the three frozen IPEDS graduate first-major completions files; catalog-only and new programs remain a known gap.,"No positive-completion row at award levels 7/17/18/19 for any configured primary or secondary CIP in C2022_A, C2023_A, or C2024_A.",https://nces.ed.gov/ipeds/datacenter/DataFiles.aspx,medium,No,2026-09-09
us:ipeds:129491,Hartford International University for Religion and Peace,United States,,,mechanical_program_screening,No configured primary or secondary CIP completion signal in the three frozen IPEDS graduate first-major completions files; catalog-only and new programs remain a known gap.,"No positive-completion row at award levels 7/17/18/19 for any configured primary or secondary CIP in C2022_A, C2023_A, or C2024_A.",https://nces.ed.gov/ipeds/datacenter/DataFiles.aspx,medium,No,2026-09-09
us:ipeds:129534,Holy Apostles College and Seminary,United States,,,mechanical_program_screening,No configured primary or secondary CIP completion signal in the three frozen IPEDS graduate first-major completions files; catalog-only and new programs remain a known gap.,"No positive-completion row at award levels 7/17/18/19 for any configured primary or secondary CIP in C2022_A, C2023_A, or C2024_A.",https://nces.ed.gov/ipeds/datacenter/DataFiles.aspx,medium,No,2026-09-09
us:ipeds:130110,Paier College,United States,,,mechanical_program_screening,No configured primary or secondary CIP completion signal in the three frozen IPEDS graduate first-major completions files; catalog-only and new programs remain a known gap.,"No positive-completion row at award levels 7/17/18/19 for any configured primary or secondary CIP in C2022_A, C2023_A, or C2024_A.",https://nces.ed.gov/ipeds/datacenter/DataFiles.aspx,medium,No,2026-09-09
us:ipeds:130183,Post University,United States,,,mechanical_program_screening,No configured primary or secondary CIP completion signal in the three frozen IPEDS graduate first-major completions files; catalog-only and new programs remain a known gap.,"No positive-completion row at award levels 7/17/18/19 for any configured primary or secondary CIP in C2022_A, C2023_A, or C2024_A.",https://nces.ed.gov/ipeds/datacenter/DataFiles.aspx,medium,No,2026-09-09
us:ipeds:130314,University of Saint Joseph,United States,,,mechanical_program_screening,No configured primary or secondary CIP completion signal in the three frozen IPEDS graduate first-major completions files; catalog-only and new programs remain a known gap.,"No positive-completion row at award levels 7/17/18/19 for any configured primary or secondary CIP in C2022_A, C2023_A, or C2024_A.",https://nces.ed.gov/ipeds/datacenter/DataFiles.aspx,medium,No,2026-09-09
us:ipeds:130590,Trinity College,United States,,,mechanical_program_screening,No configured primary or secondary CIP completion signal in the three frozen IPEDS graduate first-major completions files; catalog-only and new programs remain a known gap.,"No positive-completion row at award levels 7/17/18/19 for any configured primary or secondary CIP in C2022_A, C2023_A, or C2024_A.",https://nces.ed.gov/ipeds/datacenter/DataFiles.aspx,medium,No,2026-09-09
us:ipeds:130776,Western Connecticut State University,United States,,,mechanical_program_screening,No configured primary or secondary CIP completion signal in the three frozen IPEDS graduate first-major completions files; catalog-only and new programs remain a known gap.,"No positive-completion row at award levels 7/17/18/19 for any configured primary or secondary CIP in C2022_A, C2023_A, or C2024_A.",https://nces.ed.gov/ipeds/datacenter/DataFiles.aspx,medium,No,2026-09-09
us:ipeds:130989,Goldey-Beacom College,United States,,,mechanical_program_screening,No configured primary or secondary CIP completion signal in the three frozen IPEDS graduate first-major completions files; catalog-only and new programs remain a known gap.,"No positive-completion row at award levels 7/17/18/19 for any configured primary or secondary CIP in C2022_A, C2023_A, or C2024_A.",https://nces.ed.gov/ipeds/datacenter/DataFiles.aspx,medium,No,2026-09-09
us:ipeds:131405,Pontifical Faculty of the Immaculate Conception at the Dominican House of Studies,United States,,,mechanical_program_screening,No configured primary or secondary CIP completion signal in the three frozen IPEDS graduate first-major completions files; catalog-only and new programs remain a known gap.,"No positive-completion row at award levels 7/17/18/19 for any configured primary or secondary CIP in C2022_A, C2023_A, or C2024_A.",https://nces.ed.gov/ipeds/datacenter/DataFiles.aspx,medium,No,2026-09-09
us:ipeds:131876,Trinity Washington University,United States,,,mechanical_program_screening,No configured primary or secondary CIP completion signal in the three frozen IPEDS graduate first-major completions files; catalog-only and new programs remain a known gap.,"No positive-completion row at award levels 7/17/18/19 for any configured primary or secondary CIP in C2022_A, C2023_A, or C2024_A.",https://nces.ed.gov/ipeds/datacenter/DataFiles.aspx,medium,No,2026-09-09
us:ipeds:131973,Wesley Theological Seminary,United States,,,mechanical_program_screening,No configured primary or secondary CIP completion signal in the three frozen IPEDS graduate first-major completions files; catalog-only and new programs remain a known gap.,"No positive-completion row at award levels 7/17/18/19 for any configured primary or secondary CIP in C2022_A, C2023_A, or C2024_A.",https://nces.ed.gov/ipeds/datacenter/DataFiles.aspx,medium,No,2026-09-09
us:ipeds:132408,Baptist University of Florida,United States,,,mechanical_program_screening,No configured primary or secondary CIP completion signal in the three frozen IPEDS graduate first-major completions files; catalog-only and new programs remain a known gap.,"No positive-completion row at award levels 7/17/18/19 for any configured primary or secondary CIP in C2022_A, C2023_A, or C2024_A.",https://nces.ed.gov/ipeds/datacenter/DataFiles.aspx,medium,No,2026-09-09
us:ipeds:132471,Barry University,United States,,,mechanical_program_screening,No configured primary or secondary CIP completion signal in the three frozen IPEDS graduate first-major completions files; catalog-only and new programs remain a known gap.,"No positive-completion row at award levels 7/17/18/19 for any configured primary or secondary CIP in C2022_A, C2023_A, or C2024_A.",https://nces.ed.gov/ipeds/datacenter/DataFiles.aspx,medium,No,2026-09-09
us:ipeds:132602,Bethune-Cookman University,United States,,,mechanical_program_screening,No configured primary or secondary CIP completion signal in the three frozen IPEDS graduate first-major completions files; catalog-only and new programs remain a known gap.,"No positive-completion row at award levels 7/17/18/19 for any configured primary or secondary CIP in C2022_A, C2023_A, or C2024_A.",https://nces.ed.gov/ipeds/datacenter/DataFiles.aspx,medium,No,2026-09-09
us:ipeds:132657,Lynn University,United States,,,mechanical_program_screening,No configured primary or secondary CIP completion signal in the three frozen IPEDS graduate first-major completions files; catalog-only and new programs remain a known gap.,"No positive-completion row at award levels 7/17/18/19 for any configured primary or secondary CIP in C2022_A, C2023_A, or C2024_A.",https://nces.ed.gov/ipeds/datacenter/DataFiles.aspx,medium,No,2026-09-09
us:ipeds:132842,Albizu University-Miami,United States,,,mechanical_program_screening,No configured primary or secondary CIP completion signal in the three frozen IPEDS graduate first-major completions files; catalog-only and new programs remain a known gap.,"No positive-completion row at award levels 7/17/18/19 for any configured primary or secondary CIP in C2022_A, C2023_A, or C2024_A.",https://nces.ed.gov/ipeds/datacenter/DataFiles.aspx,medium,No,2026-09-09
us:ipeds:133465,South University-West Palm Beach,United States,,,mechanical_program_screening,No configured primary or secondary CIP completion signal in the three frozen IPEDS graduate first-major completions files; catalog-only and new programs remain a known gap.,"No positive-completion row at award levels 7/17/18/19 for any configured primary or secondary CIP in C2022_A, C2023_A, or C2024_A.",https://nces.ed.gov/ipeds/datacenter/DataFiles.aspx,medium,No,2026-09-09
us:ipeds:133526,Edward Waters University,United States,,,mechanical_program_screening,No configured primary or secondary CIP completion signal in the three frozen IPEDS graduate first-major completions files; catalog-only and new programs remain a known gap.,"No positive-completion row at award levels 7/17/18/19 for any configured primary or secondary CIP in C2022_A, C2023_A, or C2024_A.",https://nces.ed.gov/ipeds/datacenter/DataFiles.aspx,medium,No,2026-09-09
us:ipeds:133711,Flagler College,United States,,,mechanical_program_screening,No configured primary or secondary CIP completion signal in the three frozen IPEDS graduate first-major completions files; catalog-only and new programs remain a known gap.,"No positive-completion row at award levels 7/17/18/19 for any configured primary or secondary CIP in C2022_A, C2023_A, or C2024_A.",https://nces.ed.gov/ipeds/datacenter/DataFiles.aspx,medium,No,2026-09-09
us:ipeds:133872,AdventHealth University,United States,,,mechanical_program_screening,No configured primary or secondary CIP completion signal in the three frozen IPEDS graduate first-major completions files; catalog-only and new programs remain a known gap.,"No positive-completion row at award levels 7/17/18/19 for any configured primary or secondary CIP in C2022_A, C2023_A, or C2024_A.",https://nces.ed.gov/ipeds/datacenter/DataFiles.aspx,medium,No,2026-09-09
us:ipeds:133979,Florida Memorial University,United States,,,mechanical_program_screening,No configured primary or secondary CIP completion signal in the three frozen IPEDS graduate first-major completions files; catalog-only and new programs remain a known gap.,"No positive-completion row at award levels 7/17/18/19 for any configured primary or secondary CIP in C2022_A, C2023_A, or C2024_A.",https://nces.ed.gov/ipeds/datacenter/DataFiles.aspx,medium,No,2026-09-09
us:ipeds:134079,Florida Southern College,United States,,,mechanical_program_screening,No configured primary or secondary CIP completion signal in the three frozen IPEDS graduate first-major completions files; catalog-only and new programs remain a known gap.,"No positive-completion row at award levels 7/17/18/19 for any configured primary or secondary CIP in C2022_A, C2023_A, or C2024_A.",https://nces.ed.gov/ipeds/datacenter/DataFiles.aspx,medium,No,2026-09-09
us:ipeds:134510,Hobe Sound Bible College,United States,,,mechanical_program_screening,No configured primary or secondary CIP completion signal in the three frozen IPEDS graduate first-major completions files; catalog-only and new programs remain a known gap.,"No positive-completion row at award levels 7/17/18/19 for any configured primary or secondary CIP in C2022_A, C2023_A, or C2024_A.",https://nces.ed.gov/ipeds/datacenter/DataFiles.aspx,medium,No,2026-09-09
us:ipeds:134945,Jacksonville University,United States,,,mechanical_program_screening,No configured primary or secondary CIP completion signal in the three frozen IPEDS graduate first-major completions files; catalog-only and new programs remain a known gap.,"No positive-completion row at award levels 7/17/18/19 for any configured primary or secondary CIP in C2022_A, C2023_A, or C2024_A.",https://nces.ed.gov/ipeds/datacenter/DataFiles.aspx,medium,No,2026-09-09
us:ipeds:135364,Luther Rice College & Seminary,United States,,,mechanical_program_screening,No configured primary or secondary CIP completion signal in the three frozen IPEDS graduate first-major completions files; catalog-only and new programs remain a known gap.,"No positive-completion row at award levels 7/17/18/19 for any configured primary or secondary CIP in C2022_A, C2023_A, or C2024_A.",https://nces.ed.gov/ipeds/datacenter/DataFiles.aspx,medium,No,2026-09-09
us:ipeds:136701,Saint Vincent de Paul Regional Seminary,United States,,,mechanical_program_screening,No configured primary or secondary CIP completion signal in the three frozen IPEDS graduate first-major completions files; catalog-only and new programs remain a known gap.,"No positive-completion row at award levels 7/17/18/19 for any configured primary or secondary CIP in C2022_A, C2023_A, or C2024_A.",https://nces.ed.gov/ipeds/datacenter/DataFiles.aspx,medium,No,2026-09-09
us:ipeds:136950,Rollins College,United States,,,mechanical_program_screening,No configured primary or secondary CIP completion signal in the three frozen IPEDS graduate first-major completions files; catalog-only and new programs remain a known gap.,"No positive-completion row at award levels 7/17/18/19 for any configured primary or secondary CIP in C2022_A, C2023_A, or C2024_A.",https://nces.ed.gov/ipeds/datacenter/DataFiles.aspx,medium,No,2026-09-09
us:ipeds:137272,St. John Vianney College Seminary,United States,,,mechanical_program_screening,No configured primary or secondary CIP completion signal in the three frozen IPEDS graduate first-major completions files; catalog-only and new programs remain a known gap.,"No positive-completion row at award levels 7/17/18/19 for any configured primary or secondary CIP in C2022_A, C2023_A, or C2024_A.",https://nces.ed.gov/ipeds/datacenter/DataFiles.aspx,medium,No,2026-09-09
us:ipeds:137546,Stetson University,United States,,,mechanical_program_screening,No configured primary or secondary CIP completion signal in the three frozen IPEDS graduate first-major completions files; catalog-only and new programs remain a known gap.,"No positive-completion row at award levels 7/17/18/19 for any configured primary or secondary CIP in C2022_A, C2023_A, or C2024_A.",https://nces.ed.gov/ipeds/datacenter/DataFiles.aspx,medium,No,2026-09-09
us:ipeds:137564,Southeastern University,United States,,,mechanical_program_screening,No configured primary or secondary CIP completion signal in the three frozen IPEDS graduate first-major completions files; catalog-only and new programs remain a known gap.,"No positive-completion row at award levels 7/17/18/19 for any configured primary or secondary CIP in C2022_A, C2023_A, or C2024_A.",https://nces.ed.gov/ipeds/datacenter/DataFiles.aspx,medium,No,2026-09-09
us:ipeds:137777,Talmudic College of Florida,United States,,,mechanical_program_screening,No configured primary or secondary CIP completion signal in the three frozen IPEDS graduate first-major completions files; catalog-only and new programs remain a known gap.,"No positive-completion row at award levels 7/17/18/19 for any configured primary or secondary CIP in C2022_A, C2023_A, or C2024_A.",https://nces.ed.gov/ipeds/datacenter/DataFiles.aspx,medium,No,2026-09-09
us:ipeds:137953,Trinity Baptist College,United States,,,mechanical_program_screening,No configured primary or secondary CIP completion signal in the three frozen IPEDS graduate first-major completions files; catalog-only and new programs remain a known gap.,"No positive-completion row at award levels 7/17/18/19 for any configured primary or secondary CIP in C2022_A, C2023_A, or C2024_A.",https://nces.ed.gov/ipeds/datacenter/DataFiles.aspx,medium,No,2026-09-09
us:ipeds:138275,Warner University,United States,,,mechanical_program_screening,No configured primary or secondary CIP completion signal in the three frozen IPEDS graduate first-major completions files; catalog-only and new programs remain a known gap.,"No positive-completion row at award levels 7/17/18/19 for any configured primary or secondary CIP in C2022_A, C2023_A, or C2024_A.",https://nces.ed.gov/ipeds/datacenter/DataFiles.aspx,medium,No,2026-09-09
us:ipeds:138293,Webber International University,United States,,,mechanical_program_screening,No configured primary or secondary CIP completion signal in the three frozen IPEDS graduate first-major completions files; catalog-only and new programs remain a known gap.,"No positive-completion row at award levels 7/17/18/19 for any configured primary or secondary CIP in C2022_A, C2023_A, or C2024_A.",https://nces.ed.gov/ipeds/datacenter/DataFiles.aspx,medium,No,2026-09-09
us:ipeds:138600,Agnes Scott College,United States,,,mechanical_program_screening,No configured primary or secondary CIP completion signal in the three frozen IPEDS graduate first-major completions files; catalog-only and new programs remain a known gap.,"No positive-completion row at award levels 7/17/18/19 for any configured primary or secondary CIP in C2022_A, C2023_A, or C2024_A.",https://nces.ed.gov/ipeds/datacenter/DataFiles.aspx,medium,No,2026-09-09
us:ipeds:138716,Albany State University,United States,,,mechanical_program_screening,No configured primary or secondary CIP completion signal in the three frozen IPEDS graduate first-major completions files; catalog-only and new programs remain a known gap.,"No positive-completion row at award levels 7/17/18/19 for any configured primary or secondary CIP in C2022_A, C2023_A, or C2024_A.",https://nces.ed.gov/ipeds/datacenter/DataFiles.aspx,medium,No,2026-09-09
us:ipeds:138868,Point University,United States,,,mechanical_program_screening,No configured primary or secondary CIP completion signal in the three frozen IPEDS graduate first-major completions files; catalog-only and new programs remain a known gap.,"No positive-completion row at award levels 7/17/18/19 for any configured primary or secondary CIP in C2022_A, C2023_A, or C2024_A.",https://nces.ed.gov/ipeds/datacenter/DataFiles.aspx,medium,No,2026-09-09
us:ipeds:138929,Atlanta's John Marshall Law School,United States,,,mechanical_program_screening,No configured primary or secondary CIP completion signal in the three frozen IPEDS graduate first-major completions files; catalog-only and new programs remain a known gap.,"No positive-completion row at award levels 7/17/18/19 for any configured primary or secondary CIP in C2022_A, C2023_A, or C2024_A.",https://nces.ed.gov/ipeds/datacenter/DataFiles.aspx,medium,No,2026-09-09
us:ipeds:139144,Berry College,United States,,,mechanical_program_screening,No configured primary or secondary CIP completion signal in the three frozen IPEDS graduate first-major completions files; catalog-only and new programs remain a known gap.,"No positive-completion row at award levels 7/17/18/19 for any configured primary or secondary CIP in C2022_A, C2023_A, or C2024_A.",https://nces.ed.gov/ipeds/datacenter/DataFiles.aspx,medium,No,2026-09-09
us:ipeds:139153,Beulah Heights University,United States,,,mechanical_program_screening,No configured primary or secondary CIP completion signal in the three frozen IPEDS graduate first-major completions files; catalog-only and new programs remain a known gap.,"No positive-completion row at award levels 7/17/18/19 for any configured primary or secondary CIP in C2022_A, C2023_A, or C2024_A.",https://nces.ed.gov/ipeds/datacenter/DataFiles.aspx,medium,No,2026-09-09
us:ipeds:139199,Brenau University,United States,,,mechanical_program_screening,No configured primary or secondary CIP completion signal in the three frozen IPEDS graduate first-major completions files; catalog-only and new programs remain a known gap.,"No positive-completion row at award levels 7/17/18/19 for any configured primary or secondary CIP in C2022_A, C2023_A, or C2024_A.",https://nces.ed.gov/ipeds/datacenter/DataFiles.aspx,medium,No,2026-09-09
us:ipeds:139205,Brewton-Parker College,United States,,,mechanical_program_screening,No configured primary or secondary CIP completion signal in the three frozen IPEDS graduate first-major completions files; catalog-only and new programs remain a known gap.,"No positive-completion row at award levels 7/17/18/19 for any configured primary or secondary CIP in C2022_A, C2023_A, or C2024_A.",https://nces.ed.gov/ipeds/datacenter/DataFiles.aspx,medium,No,2026-09-09
us:ipeds:139348,Columbia Theological Seminary,United States,,,mechanical_program_screening,No configured primary or secondary CIP completion signal in the three frozen IPEDS graduate first-major completions files; catalog-only and new programs remain a known gap.,"No positive-completion row at award levels 7/17/18/19 for any configured primary or secondary CIP in C2022_A, C2023_A, or C2024_A.",https://nces.ed.gov/ipeds/datacenter/DataFiles.aspx,medium,No,2026-09-09
us:ipeds:139393,Covenant College,United States,,,mechanical_program_screening,No configured primary or secondary CIP completion signal in the three frozen IPEDS graduate first-major completions files; catalog-only and new programs remain a known gap.,"No positive-completion row at award levels 7/17/18/19 for any configured primary or secondary CIP in C2022_A, C2023_A, or C2024_A.",https://nces.ed.gov/ipeds/datacenter/DataFiles.aspx,medium,No,2026-09-09
us:ipeds:139579,South University-Savannah,United States,,,mechanical_program_screening,No configured primary or secondary CIP completion signal in the three frozen IPEDS graduate first-major completions files; catalog-only and new programs remain a known gap.,"No positive-completion row at award levels 7/17/18/19 for any configured primary or secondary CIP in C2022_A, C2023_A, or C2024_A.",https://nces.ed.gov/ipeds/datacenter/DataFiles.aspx,medium,No,2026-09-09
us:ipeds:139630,Emmanuel University,United States,,,mechanical_program_screening,No configured primary or secondary CIP completion signal in the three frozen IPEDS graduate first-major completions files; catalog-only and new programs remain a known gap.,"No positive-completion row at award levels 7/17/18/19 for any configured primary or secondary CIP in C2022_A, C2023_A, or C2024_A.",https://nces.ed.gov/ipeds/datacenter/DataFiles.aspx,medium,No,2026-09-09
us:ipeds:139719,Fort Valley State University,United States,,,mechanical_program_screening,No configured primary or secondary CIP completion signal in the three frozen IPEDS graduate first-major completions files; catalog-only and new programs remain a known gap.,"No positive-completion row at award levels 7/17/18/19 for any configured primary or secondary CIP in C2022_A, C2023_A, or C2024_A.",https://nces.ed.gov/ipeds/datacenter/DataFiles.aspx,medium,No,2026-09-09
us:ipeds:139861,Georgia College & State University,United States,,,mechanical_program_screening,No configured primary or secondary CIP completion signal in the three frozen IPEDS graduate first-major completions files; catalog-only and new programs remain a known gap.,"No positive-completion row at award levels 7/17/18/19 for any configured primary or secondary CIP in C2022_A, C2023_A, or C2024_A.",https://nces.ed.gov/ipeds/datacenter/DataFiles.aspx,medium,No,2026-09-09
us:ipeds:140146,Interdenominational Theological Center,United States,,,mechanical_program_screening,No configured primary or secondary CIP completion signal in the three frozen IPEDS graduate first-major completions files; catalog-only and new programs remain a known gap.,"No positive-completion row at award levels 7/17/18/19 for any configured primary or secondary CIP in C2022_A, C2023_A, or C2024_A.",https://nces.ed.gov/ipeds/datacenter/DataFiles.aspx,medium,No,2026-09-09
us:ipeds:140234,LaGrange College,United States,,,mechanical_program_screening,No configured primary or secondary CIP completion signal in the three frozen IPEDS graduate first-major completions files; catalog-only and new programs remain a known gap.,"No positive-completion row at award levels 7/17/18/19 for any configured primary or secondary CIP in C2022_A, C2023_A, or C2024_A.",https://nces.ed.gov/ipeds/datacenter/DataFiles.aspx,medium,No,2026-09-09
us:ipeds:140252,Life University,United States,,,mechanical_program_screening,No configured primary or secondary CIP completion signal in the three frozen IPEDS graduate first-major completions files; catalog-only and new programs remain a known gap.,"No positive-completion row at award levels 7/17/18/19 for any configured primary or secondary CIP in C2022_A, C2023_A, or C2024_A.",https://nces.ed.gov/ipeds/datacenter/DataFiles.aspx,medium,No,2026-09-09
us:ipeds:140340,Herzing University-Atlanta,United States,,,mechanical_program_screening,No configured primary or secondary CIP completion signal in the three frozen IPEDS graduate first-major completions files; catalog-only and new programs remain a known gap.,"No positive-completion row at award levels 7/17/18/19 for any configured primary or secondary CIP in C2022_A, C2023_A, or C2024_A.",https://nces.ed.gov/ipeds/datacenter/DataFiles.aspx,medium,No,2026-09-09
us:ipeds:140562,Morehouse School of Medicine,United States,,,mechanical_program_screening,No configured primary or secondary CIP completion signal in the three frozen IPEDS graduate first-major completions files; catalog-only and new programs remain a known gap.,"No positive-completion row at award levels 7/17/18/19 for any configured primary or secondary CIP in C2022_A, C2023_A, or C2024_A.",https://nces.ed.gov/ipeds/datacenter/DataFiles.aspx,medium,No,2026-09-09
us:ipeds:140696,Oglethorpe University,United States,,,mechanical_program_screening,No configured primary or secondary CIP completion signal in the three frozen IPEDS graduate first-major completions files; catalog-only and new programs remain a known gap.,"No positive-completion row at award levels 7/17/18/19 for any configured primary or secondary CIP in C2022_A, C2023_A, or C2024_A.",https://nces.ed.gov/ipeds/datacenter/DataFiles.aspx,medium,No,2026-09-09
us:ipeds:140818,Piedmont University,United States,,,mechanical_program_screening,No configured primary or secondary CIP completion signal in the three frozen IPEDS graduate first-major completions files; catalog-only and new programs remain a known gap.,"No positive-completion row at award levels 7/17/18/19 for any configured primary or secondary CIP in C2022_A, C2023_A, or C2024_A.",https://nces.ed.gov/ipeds/datacenter/DataFiles.aspx,medium,No,2026-09-09
us:ipeds:140872,Reinhardt University,United States,,,mechanical_program_screening,No configured primary or secondary CIP completion signal in the three frozen IPEDS graduate first-major completions files; catalog-only and new programs remain a known gap.,"No positive-completion row at award levels 7/17/18/19 for any configured primary or secondary CIP in C2022_A, C2023_A, or C2024_A.",https://nces.ed.gov/ipeds/datacenter/DataFiles.aspx,medium,No,2026-09-09
us:ipeds:140951,Savannah College of Art and Design,United States,,,mechanical_program_screening,No configured primary or secondary CIP completion signal in the three frozen IPEDS graduate first-major completions files; catalog-only and new programs remain a known gap.,"No positive-completion row at award levels 7/17/18/19 for any configured primary or secondary CIP in C2022_A, C2023_A, or C2024_A.",https://nces.ed.gov/ipeds/datacenter/DataFiles.aspx,medium,No,2026-09-09
us:ipeds:140960,Savannah State University,United States,,,mechanical_program_screening,No configured primary or secondary CIP completion signal in the three frozen IPEDS graduate first-major completions files; catalog-only and new programs remain a known gap.,"No positive-completion row at award levels 7/17/18/19 for any configured primary or secondary CIP in C2022_A, C2023_A, or C2024_A.",https://nces.ed.gov/ipeds/datacenter/DataFiles.aspx,medium,No,2026-09-09
us:ipeds:140988,Shorter University,United States,,,mechanical_program_screening,No configured primary or secondary CIP completion signal in the three frozen IPEDS graduate first-major completions files; catalog-only and new programs remain a known gap.,"No positive-completion row at award levels 7/17/18/19 for any configured primary or secondary CIP in C2022_A, C2023_A, or C2024_A.",https://nces.ed.gov/ipeds/datacenter/DataFiles.aspx,medium,No,2026-09-09
us:ipeds:141167,Thomas University,United States,,,mechanical_program_screening,No configured primary or secondary CIP completion signal in the three frozen IPEDS graduate first-major completions files; catalog-only and new programs remain a known gap.,"No positive-completion row at award levels 7/17/18/19 for any configured primary or secondary CIP in C2022_A, C2023_A, or C2024_A.",https://nces.ed.gov/ipeds/datacenter/DataFiles.aspx,medium,No,2026-09-09
us:ipeds:141185,Toccoa Falls College,United States,,,mechanical_program_screening,No configured primary or secondary CIP completion signal in the three frozen IPEDS graduate first-major completions files; catalog-only and new programs remain a known gap.,"No positive-completion row at award levels 7/17/18/19 for any configured primary or secondary CIP in C2022_A, C2023_A, or C2024_A.",https://nces.ed.gov/ipeds/datacenter/DataFiles.aspx,medium,No,2026-09-09
us:ipeds:141237,Truett McConnell University,United States,,,mechanical_program_screening,No configured primary or secondary CIP completion signal in the three frozen IPEDS graduate first-major completions files; catalog-only and new programs remain a known gap.,"No positive-completion row at award levels 7/17/18/19 for any configured primary or secondary CIP in C2022_A, C2023_A, or C2024_A.",https://nces.ed.gov/ipeds/datacenter/DataFiles.aspx,medium,No,2026-09-09
us:ipeds:141264,Valdosta State University,United States,,,mechanical_program_screening,No configured primary or secondary CIP completion signal in the three frozen IPEDS graduate first-major completions files; catalog-only and new programs remain a known gap.,"No positive-completion row at award levels 7/17/18/19 for any configured primary or secondary CIP in C2022_A, C2023_A, or C2024_A.",https://nces.ed.gov/ipeds/datacenter/DataFiles.aspx,medium,No,2026-09-09
us:ipeds:141325,Wesleyan College,United States,,,mechanical_program_screening,No configured primary or secondary CIP completion signal in the three frozen IPEDS graduate first-major completions files; catalog-only and new programs remain a known gap.,"No positive-completion row at award levels 7/17/18/19 for any configured primary or secondary CIP in C2022_A, C2023_A, or C2024_A.",https://nces.ed.gov/ipeds/datacenter/DataFiles.aspx,medium,No,2026-09-09
us:ipeds:141361,Young Harris College,United States,,,mechanical_program_screening,No configured primary or secondary CIP completion signal in the three frozen IPEDS graduate first-major completions files; catalog-only and new programs remain a known gap.,"No positive-completion row at award levels 7/17/18/19 for any configured primary or secondary CIP in C2022_A, C2023_A, or C2024_A.",https://nces.ed.gov/ipeds/datacenter/DataFiles.aspx,medium,No,2026-09-09
us:ipeds:141486,Chaminade University of Honolulu,United States,,,mechanical_program_screening,No configured primary or secondary CIP completion signal in the three frozen IPEDS graduate first-major completions files; catalog-only and new programs remain a known gap.,"No positive-completion row at award levels 7/17/18/19 for any configured primary or secondary CIP in C2022_A, C2023_A, or C2024_A.",https://nces.ed.gov/ipeds/datacenter/DataFiles.aspx,medium,No,2026-09-09
us:ipeds:141565,University of Hawaii at Hilo,United States,,,mechanical_program_screening,No configured primary or secondary CIP completion signal in the three frozen IPEDS graduate first-major completions files; catalog-only and new programs remain a known gap.,"No positive-completion row at award levels 7/17/18/19 for any configured primary or secondary CIP in C2022_A, C2023_A, or C2024_A.",https://nces.ed.gov/ipeds/datacenter/DataFiles.aspx,medium,No,2026-09-09
us:ipeds:141963,University of Hawaii System Office,United States,,,mechanical_program_screening,No configured primary or secondary CIP completion signal in the three frozen IPEDS graduate first-major completions files; catalog-only and new programs remain a known gap.,"No positive-completion row at award levels 7/17/18/19 for any configured primary or secondary CIP in C2022_A, C2023_A, or C2024_A.",https://nces.ed.gov/ipeds/datacenter/DataFiles.aspx,medium,No,2026-09-09
us:ipeds:142294,The College of Idaho,United States,,,mechanical_program_screening,No configured primary or secondary CIP completion signal in the three frozen IPEDS graduate first-major completions files; catalog-only and new programs remain a known gap.,"No positive-completion row at award levels 7/17/18/19 for any configured primary or secondary CIP in C2022_A, C2023_A, or C2024_A.",https://nces.ed.gov/ipeds/datacenter/DataFiles.aspx,medium,No,2026-09-09
us:ipeds:142328,Lewis-Clark State College,United States,,,mechanical_program_screening,No configured primary or secondary CIP completion signal in the three frozen IPEDS graduate first-major completions files; catalog-only and new programs remain a known gap.,"No positive-completion row at award levels 7/17/18/19 for any configured primary or secondary CIP in C2022_A, C2023_A, or C2024_A.",https://nces.ed.gov/ipeds/datacenter/DataFiles.aspx,medium,No,2026-09-09
us:ipeds:142461,Northwest Nazarene University,United States,,,mechanical_program_screening,No configured primary or secondary CIP completion signal in the three frozen IPEDS graduate first-major completions files; catalog-only and new programs remain a known gap.,"No positive-completion row at award levels 7/17/18/19 for any configured primary or secondary CIP in C2022_A, C2023_A, or C2024_A.",https://nces.ed.gov/ipeds/datacenter/DataFiles.aspx,medium,No,2026-09-09
us:ipeds:142832,Adler University,United States,,,mechanical_program_screening,No configured primary or secondary CIP completion signal in the three frozen IPEDS graduate first-major completions files; catalog-only and new programs remain a known gap.,"No positive-completion row at award levels 7/17/18/19 for any configured primary or secondary CIP in C2022_A, C2023_A, or C2024_A.",https://nces.ed.gov/ipeds/datacenter/DataFiles.aspx,medium,No,2026-09-09
us:ipeds:142957,American Islamic College,United States,,,mechanical_program_screening,No configured primary or secondary CIP completion signal in the three frozen IPEDS graduate first-major completions files; catalog-only and new programs remain a known gap.,"No positive-completion row at award levels 7/17/18/19 for any configured primary or secondary CIP in C2022_A, C2023_A, or C2024_A.",https://nces.ed.gov/ipeds/datacenter/DataFiles.aspx,medium,No,2026-09-09
us:ipeds:143048,School of the Art Institute of Chicago,United States,,,mechanical_program_screening,No configured primary or secondary CIP completion signal in the three frozen IPEDS graduate first-major completions files; catalog-only and new programs remain a known gap.,"No positive-completion row at award levels 7/17/18/19 for any configured primary or secondary CIP in C2022_A, C2023_A, or C2024_A.",https://nces.ed.gov/ipeds/datacenter/DataFiles.aspx,medium,No,2026-09-09
us:ipeds:143084,Augustana College,United States,,,mechanical_program_screening,No configured primary or secondary CIP completion signal in the three frozen IPEDS graduate first-major completions files; catalog-only and new programs remain a known gap.,"No positive-completion row at award levels 7/17/18/19 for any configured primary or secondary CIP in C2022_A, C2023_A, or C2024_A.",https://nces.ed.gov/ipeds/datacenter/DataFiles.aspx,medium,No,2026-09-09
us:ipeds:143118,Aurora University,United States,,,mechanical_program_screening,No configured primary or secondary CIP completion signal in the three frozen IPEDS graduate first-major completions files; catalog-only and new programs remain a known gap.,"No positive-completion row at award levels 7/17/18/19 for any configured primary or secondary CIP in C2022_A, C2023_A, or C2024_A.",https://nces.ed.gov/ipeds/datacenter/DataFiles.aspx,medium,No,2026-09-09
us:ipeds:143233,Bethany Theological Seminary,United States,,,mechanical_program_screening,No configured primary or secondary CIP completion signal in the three frozen IPEDS graduate first-major completions files; catalog-only and new programs remain a known gap.,"No positive-completion row at award levels 7/17/18/19 for any configured primary or secondary CIP in C2022_A, C2023_A, or C2024_A.",https://nces.ed.gov/ipeds/datacenter/DataFiles.aspx,medium,No,2026-09-09
us:ipeds:143297,Blessing Rieman College of Nursing and Health Sciences,United States,,,mechanical_program_screening,No configured primary or secondary CIP completion signal in the three frozen IPEDS graduate first-major completions files; catalog-only and new programs remain a known gap.,"No positive-completion row at award levels 7/17/18/19 for any configured primary or secondary CIP in C2022_A, C2023_A, or C2024_A.",https://nces.ed.gov/ipeds/datacenter/DataFiles.aspx,medium,No,2026-09-09
us:ipeds:143659,Catholic Theological Union at Chicago,United States,,,mechanical_program_screening,No configured primary or secondary CIP completion signal in the three frozen IPEDS graduate first-major completions files; catalog-only and new programs remain a known gap.,"No positive-completion row at award levels 7/17/18/19 for any configured primary or secondary CIP in C2022_A, C2023_A, or C2024_A.",https://nces.ed.gov/ipeds/datacenter/DataFiles.aspx,medium,No,2026-09-09
us:ipeds:143853,Midwestern University-Downers Grove,United States,,,mechanical_program_screening,No configured primary or secondary CIP completion signal in the three frozen IPEDS graduate first-major completions files; catalog-only and new programs remain a known gap.,"No positive-completion row at award levels 7/17/18/19 for any configured primary or secondary CIP in C2022_A, C2023_A, or C2024_A.",https://nces.ed.gov/ipeds/datacenter/DataFiles.aspx,medium,No,2026-09-09
us:ipeds:143978,The Chicago School at Chicago,United States,,,mechanical_program_screening,No configured primary or secondary CIP completion signal in the three frozen IPEDS graduate first-major completions files; catalog-only and new programs remain a known gap.,"No positive-completion row at award levels 7/17/18/19 for any configured primary or secondary CIP in C2022_A, C2023_A, or C2024_A.",https://nces.ed.gov/ipeds/datacenter/DataFiles.aspx,medium,No,2026-09-09
us:ipeds:144014,Chicago Theological Seminary,United States,,,mechanical_program_screening,No configured primary or secondary CIP completion signal in the three frozen IPEDS graduate first-major completions files; catalog-only and new programs remain a known gap.,"No positive-completion row at award levels 7/17/18/19 for any configured primary or secondary CIP in C2022_A, C2023_A, or C2024_A.",https://nces.ed.gov/ipeds/datacenter/DataFiles.aspx,medium,No,2026-09-09
us:ipeds:144281,Columbia College Chicago,United States,,,mechanical_program_screening,No configured primary or secondary CIP completion signal in the three frozen IPEDS graduate first-major completions files; catalog-only and new programs remain a known gap.,"No positive-completion row at award levels 7/17/18/19 for any configured primary or secondary CIP in C2022_A, C2023_A, or C2024_A.",https://nces.ed.gov/ipeds/datacenter/DataFiles.aspx,medium,No,2026-09-09
us:ipeds:144777,DeVry University-Administrative Office,United States,,,mechanical_program_screening,No configured primary or secondary CIP completion signal in the three frozen IPEDS graduate first-major completions files; catalog-only and new programs remain a known gap.,"No positive-completion row at award levels 7/17/18/19 for any configured primary or secondary CIP in C2022_A, C2023_A, or C2024_A.",https://nces.ed.gov/ipeds/datacenter/DataFiles.aspx,medium,No,2026-09-09
us:ipeds:145275,Garrett-Evangelical Theological Seminary,United States,,,mechanical_program_screening,No configured primary or secondary CIP completion signal in the three frozen IPEDS graduate first-major completions files; catalog-only and new programs remain a known gap.,"No positive-completion row at award levels 7/17/18/19 for any configured primary or secondary CIP in C2022_A, C2023_A, or C2024_A.",https://nces.ed.gov/ipeds/datacenter/DataFiles.aspx,medium,No,2026-09-09
us:ipeds:145372,Greenville University,United States,,,mechanical_program_screening,No configured primary or secondary CIP completion signal in the three frozen IPEDS graduate first-major completions files; catalog-only and new programs remain a known gap.,"No positive-completion row at award levels 7/17/18/19 for any configured primary or secondary CIP in C2022_A, C2023_A, or C2024_A.",https://nces.ed.gov/ipeds/datacenter/DataFiles.aspx,medium,No,2026-09-09
us:ipeds:145558,Rosalind Franklin University of Medicine and Science,United States,,,mechanical_program_screening,No configured primary or secondary CIP completion signal in the three frozen IPEDS graduate first-major completions files; catalog-only and new programs remain a known gap.,"No positive-completion row at award levels 7/17/18/19 for any configured primary or secondary CIP in C2022_A, C2023_A, or C2024_A.",https://nces.ed.gov/ipeds/datacenter/DataFiles.aspx,medium,No,2026-09-09
us:ipeds:145619,Benedictine University,United States,,,mechanical_program_screening,No configured primary or secondary CIP completion signal in the three frozen IPEDS graduate first-major completions files; catalog-only and new programs remain a known gap.,"No positive-completion row at award levels 7/17/18/19 for any configured primary or secondary CIP in C2022_A, C2023_A, or C2024_A.",https://nces.ed.gov/ipeds/datacenter/DataFiles.aspx,medium,No,2026-09-09
us:ipeds:145628,Illinois College of Optometry,United States,,,mechanical_program_screening,No configured primary or secondary CIP completion signal in the three frozen IPEDS graduate first-major completions files; catalog-only and new programs remain a known gap.,"No positive-completion row at award levels 7/17/18/19 for any configured primary or secondary CIP in C2022_A, C2023_A, or C2024_A.",https://nces.ed.gov/ipeds/datacenter/DataFiles.aspx,medium,No,2026-09-09
us:ipeds:145691,Illinois College,United States,,,mechanical_program_screening,No configured primary or secondary CIP completion signal in the three frozen IPEDS graduate first-major completions files; catalog-only and new programs remain a known gap.,"No positive-completion row at award levels 7/17/18/19 for any configured primary or secondary CIP in C2022_A, C2023_A, or C2024_A.",https://nces.ed.gov/ipeds/datacenter/DataFiles.aspx,medium,No,2026-09-09
us:ipeds:145886,Institute for Clinical Social Work,United States,,,mechanical_program_screening,No configured primary or secondary CIP completion signal in the three frozen IPEDS graduate first-major completions files; catalog-only and new programs remain a known gap.,"No positive-completion row at award levels 7/17/18/19 for any configured primary or secondary CIP in C2022_A, C2023_A, or C2024_A.",https://nces.ed.gov/ipeds/datacenter/DataFiles.aspx,medium,No,2026-09-09
us:ipeds:146339,Judson University,United States,,,mechanical_program_screening,No configured primary or secondary CIP completion signal in the three frozen IPEDS graduate first-major completions files; catalog-only and new programs remain a known gap.,"No positive-completion row at award levels 7/17/18/19 for any configured primary or secondary CIP in C2022_A, C2023_A, or C2024_A.",https://nces.ed.gov/ipeds/datacenter/DataFiles.aspx,medium,No,2026-09-09
us:ipeds:146481,Lake Forest College,United States,,,mechanical_program_screening,No configured primary or secondary CIP completion signal in the three frozen IPEDS graduate first-major completions files; catalog-only and new programs remain a known gap.,"No positive-completion row at award levels 7/17/18/19 for any configured primary or secondary CIP in C2022_A, C2023_A, or C2024_A.",https://nces.ed.gov/ipeds/datacenter/DataFiles.aspx,medium,No,2026-09-09
us:ipeds:146490,Lake Forest Graduate School of Management,United States,,,mechanical_program_screening,No configured primary or secondary CIP completion signal in the three frozen IPEDS graduate first-major completions files; catalog-only and new programs remain a known gap.,"No positive-completion row at award levels 7/17/18/19 for any configured primary or secondary CIP in C2022_A, C2023_A, or C2024_A.",https://nces.ed.gov/ipeds/datacenter/DataFiles.aspx,medium,No,2026-09-09
us:ipeds:146728,Lutheran School of Theology at Chicago,United States,,,mechanical_program_screening,No configured primary or secondary CIP completion signal in the three frozen IPEDS graduate first-major completions files; catalog-only and new programs remain a known gap.,"No positive-completion row at award levels 7/17/18/19 for any configured primary or secondary CIP in C2022_A, C2023_A, or C2024_A.",https://nces.ed.gov/ipeds/datacenter/DataFiles.aspx,medium,No,2026-09-09
us:ipeds:146755,Trinity College of Nursing & Health Sciences,United States,,,mechanical_program_screening,No configured primary or secondary CIP completion signal in the three frozen IPEDS graduate first-major completions files; catalog-only and new programs remain a known gap.,"No positive-completion row at award levels 7/17/18/19 for any configured primary or secondary CIP in C2022_A, C2023_A, or C2024_A.",https://nces.ed.gov/ipeds/datacenter/DataFiles.aspx,medium,No,2026-09-09
us:ipeds:146977,McCormick Theological Seminary,United States,,,mechanical_program_screening,No configured primary or secondary CIP completion signal in the three frozen IPEDS graduate first-major completions files; catalog-only and new programs remain a known gap.,"No positive-completion row at award levels 7/17/18/19 for any configured primary or secondary CIP in C2022_A, C2023_A, or C2024_A.",https://nces.ed.gov/ipeds/datacenter/DataFiles.aspx,medium,No,2026-09-09
us:ipeds:147013,McKendree University,United States,,,mechanical_program_screening,No configured primary or secondary CIP completion signal in the three frozen IPEDS graduate first-major completions files; catalog-only and new programs remain a known gap.,"No positive-completion row at award levels 7/17/18/19 for any configured primary or secondary CIP in C2022_A, C2023_A, or C2024_A.",https://nces.ed.gov/ipeds/datacenter/DataFiles.aspx,medium,No,2026-09-09
us:ipeds:147031,Meadville Theological School of Lombard College,United States,,,mechanical_program_screening,No configured primary or secondary CIP completion signal in the three frozen IPEDS graduate first-major completions files; catalog-only and new programs remain a known gap.,"No positive-completion row at award levels 7/17/18/19 for any configured primary or secondary CIP in C2022_A, C2023_A, or C2024_A.",https://nces.ed.gov/ipeds/datacenter/DataFiles.aspx,medium,No,2026-09-09
us:ipeds:147129,Methodist College,United States,,,mechanical_program_screening,No configured primary or secondary CIP completion signal in the three frozen IPEDS graduate first-major completions files; catalog-only and new programs remain a known gap.,"No positive-completion row at award levels 7/17/18/19 for any configured primary or secondary CIP in C2022_A, C2023_A, or C2024_A.",https://nces.ed.gov/ipeds/datacenter/DataFiles.aspx,medium,No,2026-09-09
us:ipeds:147244,Millikin University,United States,,,mechanical_program_screening,No configured primary or secondary CIP completion signal in the three frozen IPEDS graduate first-major completions files; catalog-only and new programs remain a known gap.,"No positive-completion row at award levels 7/17/18/19 for any configured primary or secondary CIP in C2022_A, C2023_A, or C2024_A.",https://nces.ed.gov/ipeds/datacenter/DataFiles.aspx,medium,No,2026-09-09
us:ipeds:147369,Moody Bible Institute,United States,,,mechanical_program_screening,No configured primary or secondary CIP completion signal in the three frozen IPEDS graduate first-major completions files; catalog-only and new programs remain a known gap.,"No positive-completion row at award levels 7/17/18/19 for any configured primary or secondary CIP in C2022_A, C2023_A, or C2024_A.",https://nces.ed.gov/ipeds/datacenter/DataFiles.aspx,medium,No,2026-09-09
us:ipeds:147536,National Louis University,United States,,,mechanical_program_screening,No configured primary or secondary CIP completion signal in the three frozen IPEDS graduate first-major completions files; catalog-only and new programs remain a known gap.,"No positive-completion row at award levels 7/17/18/19 for any configured primary or secondary CIP in C2022_A, C2023_A, or C2024_A.",https://nces.ed.gov/ipeds/datacenter/DataFiles.aspx,medium,No,2026-09-09
us:ipeds:147590,National University of Health Sciences,United States,,,mechanical_program_screening,No configured primary or secondary CIP completion signal in the three frozen IPEDS graduate first-major completions files; catalog-only and new programs remain a known gap.,"No positive-completion row at award levels 7/17/18/19 for any configured primary or secondary CIP in C2022_A, C2023_A, or C2024_A.",https://nces.ed.gov/ipeds/datacenter/DataFiles.aspx,medium,No,2026-09-09
us:ipeds:147660,North Central College,United States,,,mechanical_program_screening,No configured primary or secondary CIP completion signal in the three frozen IPEDS graduate first-major completions files; catalog-only and new programs remain a known gap.,"No positive-completion row at award levels 7/17/18/19 for any configured primary or secondary CIP in C2022_A, C2023_A, or C2024_A.",https://nces.ed.gov/ipeds/datacenter/DataFiles.aspx,medium,No,2026-09-09
us:ipeds:147679,North Park University,United States,,,mechanical_program_screening,No configured primary or secondary CIP completion signal in the three frozen IPEDS graduate first-major completions files; catalog-only and new programs remain a known gap.,"No positive-completion row at award levels 7/17/18/19 for any configured primary or secondary CIP in C2022_A, C2023_A, or C2024_A.",https://nces.ed.gov/ipeds/datacenter/DataFiles.aspx,medium,No,2026-09-09
us:ipeds:147697,Northern Baptist Theological Seminary,United States,,,mechanical_program_screening,No configured primary or secondary CIP completion signal in the three frozen IPEDS graduate first-major completions files; catalog-only and new programs remain a known gap.,"No positive-completion row at award levels 7/17/18/19 for any configured primary or secondary CIP in C2022_A, C2023_A, or C2024_A.",https://nces.ed.gov/ipeds/datacenter/DataFiles.aspx,medium,No,2026-09-09
us:ipeds:147828,Olivet Nazarene University,United States,,,mechanical_program_screening,No configured primary or secondary CIP completion signal in the three frozen IPEDS graduate first-major completions files; catalog-only and new programs remain a known gap.,"No positive-completion row at award levels 7/17/18/19 for any configured primary or secondary CIP in C2022_A, C2023_A, or C2024_A.",https://nces.ed.gov/ipeds/datacenter/DataFiles.aspx,medium,No,2026-09-09
us:ipeds:148131,Quincy University,United States,,,mechanical_program_screening,No configured primary or secondary CIP completion signal in the three frozen IPEDS graduate first-major completions files; catalog-only and new programs remain a known gap.,"No positive-completion row at award levels 7/17/18/19 for any configured primary or secondary CIP in C2022_A, C2023_A, or C2024_A.",https://nces.ed.gov/ipeds/datacenter/DataFiles.aspx,medium,No,2026-09-09
us:ipeds:148405,Rockford University,United States,,,mechanical_program_screening,No configured primary or secondary CIP completion signal in the three frozen IPEDS graduate first-major completions files; catalog-only and new programs remain a known gap.,"No positive-completion row at award levels 7/17/18/19 for any configured primary or secondary CIP in C2022_A, C2023_A, or C2024_A.",https://nces.ed.gov/ipeds/datacenter/DataFiles.aspx,medium,No,2026-09-09
us:ipeds:148496,Dominican University,United States,,,mechanical_program_screening,No configured primary or secondary CIP completion signal in the three frozen IPEDS graduate first-major completions files; catalog-only and new programs remain a known gap.,"No positive-completion row at award levels 7/17/18/19 for any configured primary or secondary CIP in C2022_A, C2023_A, or C2024_A.",https://nces.ed.gov/ipeds/datacenter/DataFiles.aspx,medium,No,2026-09-09
us:ipeds:148511,Rush University,United States,,,mechanical_program_screening,No configured primary or secondary CIP completion signal in the three frozen IPEDS graduate first-major completions files; catalog-only and new programs remain a known gap.,"No positive-completion row at award levels 7/17/18/19 for any configured primary or secondary CIP in C2022_A, C2023_A, or C2024_A.",https://nces.ed.gov/ipeds/datacenter/DataFiles.aspx,medium,No,2026-09-09
us:ipeds:148575,Saint Francis Medical Center College of Nursing,United States,,,mechanical_program_screening,No configured primary or secondary CIP completion signal in the three frozen IPEDS graduate first-major completions files; catalog-only and new programs remain a known gap.,"No positive-completion row at award levels 7/17/18/19 for any configured primary or secondary CIP in C2022_A, C2023_A, or C2024_A.",https://nces.ed.gov/ipeds/datacenter/DataFiles.aspx,medium,No,2026-09-09
us:ipeds:148584,University of St Francis,United States,,,mechanical_program_screening,No configured primary or secondary CIP completion signal in the three frozen IPEDS graduate first-major completions files; catalog-only and new programs remain a known gap.,"No positive-completion row at award levels 7/17/18/19 for any configured primary or secondary CIP in C2022_A, C2023_A, or C2024_A.",https://nces.ed.gov/ipeds/datacenter/DataFiles.aspx,medium,No,2026-09-09
us:ipeds:148593,St. John's College-Department of Nursing,United States,,,mechanical_program_screening,No configured primary or secondary CIP completion signal in the three frozen IPEDS graduate first-major completions files; catalog-only and new programs remain a known gap.,"No positive-completion row at award levels 7/17/18/19 for any configured primary or secondary CIP in C2022_A, C2023_A, or C2024_A.",https://nces.ed.gov/ipeds/datacenter/DataFiles.aspx,medium,No,2026-09-09
us:ipeds:148885,University of Saint Mary of the Lake,United States,,,mechanical_program_screening,No configured primary or secondary CIP completion signal in the three frozen IPEDS graduate first-major completions files; catalog-only and new programs remain a known gap.,"No positive-completion row at award levels 7/17/18/19 for any configured primary or secondary CIP in C2022_A, C2023_A, or C2024_A.",https://nces.ed.gov/ipeds/datacenter/DataFiles.aspx,medium,No,2026-09-09
us:ipeds:148982,Spertus College,United States,,,mechanical_program_screening,No configured primary or secondary CIP completion signal in the three frozen IPEDS graduate first-major completions files; catalog-only and new programs remain a known gap.,"No positive-completion row at award levels 7/17/18/19 for any configured primary or secondary CIP in C2022_A, C2023_A, or C2024_A.",https://nces.ed.gov/ipeds/datacenter/DataFiles.aspx,medium,No,2026-09-09
us:ipeds:149028,Saint Anthony College of Nursing,United States,,,mechanical_program_screening,No configured primary or secondary CIP completion signal in the three frozen IPEDS graduate first-major completions files; catalog-only and new programs remain a known gap.,"No positive-completion row at award levels 7/17/18/19 for any configured primary or secondary CIP in C2022_A, C2023_A, or C2024_A.",https://nces.ed.gov/ipeds/datacenter/DataFiles.aspx,medium,No,2026-09-09
us:ipeds:149240,Southern Illinois University-System Office,United States,,,mechanical_program_screening,No configured primary or secondary CIP completion signal in the three frozen IPEDS graduate first-major completions files; catalog-only and new programs remain a known gap.,"No positive-completion row at award levels 7/17/18/19 for any configured primary or secondary CIP in C2022_A, C2023_A, or C2024_A.",https://nces.ed.gov/ipeds/datacenter/DataFiles.aspx,medium,No,2026-09-09
us:ipeds:149329,Telshe Yeshiva-Chicago,United States,,,mechanical_program_screening,No configured primary or secondary CIP completion signal in the three frozen IPEDS graduate first-major completions files; catalog-only and new programs remain a known gap.,"No positive-completion row at award levels 7/17/18/19 for any configured primary or secondary CIP in C2022_A, C2023_A, or C2024_A.",https://nces.ed.gov/ipeds/datacenter/DataFiles.aspx,medium,No,2026-09-09
us:ipeds:149505,Trinity Christian College,United States,,,mechanical_program_screening,No configured primary or secondary CIP completion signal in the three frozen IPEDS graduate first-major completions files; catalog-only and new programs remain a known gap.,"No positive-completion row at award levels 7/17/18/19 for any configured primary or secondary CIP in C2022_A, C2023_A, or C2024_A.",https://nces.ed.gov/ipeds/datacenter/DataFiles.aspx,medium,No,2026-09-09
us:ipeds:149514,Trinity International University-Illinois,United States,,,mechanical_program_screening,No configured primary or secondary CIP completion signal in the three frozen IPEDS graduate first-major completions files; catalog-only and new programs remain a known gap.,"No positive-completion row at award levels 7/17/18/19 for any configured primary or secondary CIP in C2022_A, C2023_A, or C2024_A.",https://nces.ed.gov/ipeds/datacenter/DataFiles.aspx,medium,No,2026-09-09
us:ipeds:149587,University of Illinois System Offices,United States,,,mechanical_program_screening,No configured primary or secondary CIP completion signal in the three frozen IPEDS graduate first-major completions files; catalog-only and new programs remain a known gap.,"No positive-completion row at award levels 7/17/18/19 for any configured primary or secondary CIP in C2022_A, C2023_A, or C2024_A.",https://nces.ed.gov/ipeds/datacenter/DataFiles.aspx,medium,No,2026-09-09
us:ipeds:149639,VanderCook College of Music,United States,,,mechanical_program_screening,No configured primary or secondary CIP completion signal in the three frozen IPEDS graduate first-major completions files; catalog-only and new programs remain a known gap.,"No positive-completion row at award levels 7/17/18/19 for any configured primary or secondary CIP in C2022_A, C2023_A, or C2024_A.",https://nces.ed.gov/ipeds/datacenter/DataFiles.aspx,medium,No,2026-09-09
us:ipeds:149781,Wheaton College,United States,,,mechanical_program_screening,No configured primary or secondary CIP completion signal in the three frozen IPEDS graduate first-major completions files; catalog-only and new programs remain a known gap.,"No positive-completion row at award levels 7/17/18/19 for any configured primary or secondary CIP in C2022_A, C2023_A, or C2024_A.",https://nces.ed.gov/ipeds/datacenter/DataFiles.aspx,medium,No,2026-09-09
us:ipeds:150066,Anderson University,United States,,,mechanical_program_screening,No configured primary or secondary CIP completion signal in the three frozen IPEDS graduate first-major completions files; catalog-only and new programs remain a known gap.,"No positive-completion row at award levels 7/17/18/19 for any configured primary or secondary CIP in C2022_A, C2023_A, or C2024_A.",https://nces.ed.gov/ipeds/datacenter/DataFiles.aspx,medium,No,2026-09-09
us:ipeds:150145,Bethel University,United States,,,mechanical_program_screening,No configured primary or secondary CIP completion signal in the three frozen IPEDS graduate first-major completions files; catalog-only and new programs remain a known gap.,"No positive-completion row at award levels 7/17/18/19 for any configured primary or secondary CIP in C2022_A, C2023_A, or C2024_A.",https://nces.ed.gov/ipeds/datacenter/DataFiles.aspx,medium,No,2026-09-09
us:ipeds:150172,Calumet College of Saint Joseph,United States,,,mechanical_program_screening,No configured primary or secondary CIP completion signal in the three frozen IPEDS graduate first-major completions files; catalog-only and new programs remain a known gap.,"No positive-completion row at award levels 7/17/18/19 for any configured primary or secondary CIP in C2022_A, C2023_A, or C2024_A.",https://nces.ed.gov/ipeds/datacenter/DataFiles.aspx,medium,No,2026-09-09
us:ipeds:150215,Christian Theological Seminary,United States,,,mechanical_program_screening,No configured primary or secondary CIP completion signal in the three frozen IPEDS graduate first-major completions files; catalog-only and new programs remain a known gap.,"No positive-completion row at award levels 7/17/18/19 for any configured primary or secondary CIP in C2022_A, C2023_A, or C2024_A.",https://nces.ed.gov/ipeds/datacenter/DataFiles.aspx,medium,No,2026-09-09
us:ipeds:150288,Concordia Theological Seminary,United States,,,mechanical_program_screening,No configured primary or secondary CIP completion signal in the three frozen IPEDS graduate first-major completions files; catalog-only and new programs remain a known gap.,"No positive-completion row at award levels 7/17/18/19 for any configured primary or secondary CIP in C2022_A, C2023_A, or C2024_A.",https://nces.ed.gov/ipeds/datacenter/DataFiles.aspx,medium,No,2026-09-09
us:ipeds:150455,Earlham College,United States,,,mechanical_program_screening,No configured primary or secondary CIP completion signal in the three frozen IPEDS graduate first-major completions files; catalog-only and new programs remain a known gap.,"No positive-completion row at award levels 7/17/18/19 for any configured primary or secondary CIP in C2022_A, C2023_A, or C2024_A.",https://nces.ed.gov/ipeds/datacenter/DataFiles.aspx,medium,No,2026-09-09
us:ipeds:150534,University of Evansville,United States,,,mechanical_program_screening,No configured primary or secondary CIP completion signal in the three frozen IPEDS graduate first-major completions files; catalog-only and new programs remain a known gap.,"No positive-completion row at award levels 7/17/18/19 for any configured primary or secondary CIP in C2022_A, C2023_A, or C2024_A.",https://nces.ed.gov/ipeds/datacenter/DataFiles.aspx,medium,No,2026-09-09
us:ipeds:150604,Franklin College,United States,,,mechanical_program_screening,No configured primary or secondary CIP completion signal in the three frozen IPEDS graduate first-major completions files; catalog-only and new programs remain a known gap.,"No positive-completion row at award levels 7/17/18/19 for any configured primary or secondary CIP in C2022_A, C2023_A, or C2024_A.",https://nces.ed.gov/ipeds/datacenter/DataFiles.aspx,medium,No,2026-09-09
us:ipeds:150668,Goshen College,United States,,,mechanical_program_screening,No configured primary or secondary CIP completion signal in the three frozen IPEDS graduate first-major completions files; catalog-only and new programs remain a known gap.,"No positive-completion row at award levels 7/17/18/19 for any configured primary or secondary CIP in C2022_A, C2023_A, or C2024_A.",https://nces.ed.gov/ipeds/datacenter/DataFiles.aspx,medium,No,2026-09-09
us:ipeds:150677,Grace College and Theological Seminary,United States,,,mechanical_program_screening,No configured primary or secondary CIP completion signal in the three frozen IPEDS graduate first-major completions files; catalog-only and new programs remain a known gap.,"No positive-completion row at award levels 7/17/18/19 for any configured primary or secondary CIP in C2022_A, C2023_A, or C2024_A.",https://nces.ed.gov/ipeds/datacenter/DataFiles.aspx,medium,No,2026-09-09
us:ipeds:150756,Hanover College,United States,,,mechanical_program_screening,No configured primary or secondary CIP completion signal in the three frozen IPEDS graduate first-major completions files; catalog-only and new programs remain a known gap.,"No positive-completion row at award levels 7/17/18/19 for any configured primary or secondary CIP in C2022_A, C2023_A, or C2024_A.",https://nces.ed.gov/ipeds/datacenter/DataFiles.aspx,medium,No,2026-09-09
us:ipeds:150941,Huntington University,United States,,,mechanical_program_screening,No configured primary or secondary CIP completion signal in the three frozen IPEDS graduate first-major completions files; catalog-only and new programs remain a known gap.,"No positive-completion row at award levels 7/17/18/19 for any configured primary or secondary CIP in C2022_A, C2023_A, or C2024_A.",https://nces.ed.gov/ipeds/datacenter/DataFiles.aspx,medium,No,2026-09-09
us:ipeds:151263,University of Indianapolis,United States,,,mechanical_program_screening,No configured primary or secondary CIP completion signal in the three frozen IPEDS graduate first-major completions files; catalog-only and new programs remain a known gap.,"No positive-completion row at award levels 7/17/18/19 for any configured primary or secondary CIP in C2022_A, C2023_A, or C2024_A.",https://nces.ed.gov/ipeds/datacenter/DataFiles.aspx,medium,No,2026-09-09
us:ipeds:151306,University of Southern Indiana,United States,,,mechanical_program_screening,No configured primary or secondary CIP completion signal in the three frozen IPEDS graduate first-major completions files; catalog-only and new programs remain a known gap.,"No positive-completion row at award levels 7/17/18/19 for any configured primary or secondary CIP in C2022_A, C2023_A, or C2024_A.",https://nces.ed.gov/ipeds/datacenter/DataFiles.aspx,medium,No,2026-09-09
us:ipeds:151333,Indiana University-Kokomo,United States,,,mechanical_program_screening,No configured primary or secondary CIP completion signal in the three frozen IPEDS graduate first-major completions files; catalog-only and new programs remain a known gap.,"No positive-completion row at award levels 7/17/18/19 for any configured primary or secondary CIP in C2022_A, C2023_A, or C2024_A.",https://nces.ed.gov/ipeds/datacenter/DataFiles.aspx,medium,No,2026-09-09
us:ipeds:151342,Indiana University-South Bend,United States,,,mechanical_program_screening,No configured primary or secondary CIP completion signal in the three frozen IPEDS graduate first-major completions files; catalog-only and new programs remain a known gap.,"No positive-completion row at award levels 7/17/18/19 for any configured primary or secondary CIP in C2022_A, C2023_A, or C2024_A.",https://nces.ed.gov/ipeds/datacenter/DataFiles.aspx,medium,No,2026-09-09
us:ipeds:151379,Indiana University-Southeast,United States,,,mechanical_program_screening,No configured primary or secondary CIP completion signal in the three frozen IPEDS graduate first-major completions files; catalog-only and new programs remain a known gap.,"No positive-completion row at award levels 7/17/18/19 for any configured primary or secondary CIP in C2022_A, C2023_A, or C2024_A.",https://nces.ed.gov/ipeds/datacenter/DataFiles.aspx,medium,No,2026-09-09
us:ipeds:151388,Indiana University-East,United States,,,mechanical_program_screening,No configured primary or secondary CIP completion signal in the three frozen IPEDS graduate first-major completions files; catalog-only and new programs remain a known gap.,"No positive-completion row at award levels 7/17/18/19 for any configured primary or secondary CIP in C2022_A, C2023_A, or C2024_A.",https://nces.ed.gov/ipeds/datacenter/DataFiles.aspx,medium,No,2026-09-09
us:ipeds:151777,Manchester University,United States,,,mechanical_program_screening,No configured primary or secondary CIP completion signal in the three frozen IPEDS graduate first-major completions files; catalog-only and new programs remain a known gap.,"No positive-completion row at award levels 7/17/18/19 for any configured primary or secondary CIP in C2022_A, C2023_A, or C2024_A.",https://nces.ed.gov/ipeds/datacenter/DataFiles.aspx,medium,No,2026-09-09
us:ipeds:151786,Marian University,United States,,,mechanical_program_screening,No configured primary or secondary CIP completion signal in the three frozen IPEDS graduate first-major completions files; catalog-only and new programs remain a known gap.,"No positive-completion row at award levels 7/17/18/19 for any configured primary or secondary CIP in C2022_A, C2023_A, or C2024_A.",https://nces.ed.gov/ipeds/datacenter/DataFiles.aspx,medium,No,2026-09-09
us:ipeds:151801,Indiana Wesleyan University-Marion,United States,,,mechanical_program_screening,No configured primary or secondary CIP completion signal in the three frozen IPEDS graduate first-major completions files; catalog-only and new programs remain a known gap.,"No positive-completion row at award levels 7/17/18/19 for any configured primary or secondary CIP in C2022_A, C2023_A, or C2024_A.",https://nces.ed.gov/ipeds/datacenter/DataFiles.aspx,medium,No,2026-09-09
us:ipeds:151810,Martin University,United States,,,mechanical_program_screening,No configured primary or secondary CIP completion signal in the three frozen IPEDS graduate first-major completions files; catalog-only and new programs remain a known gap.,"No positive-completion row at award levels 7/17/18/19 for any configured primary or secondary CIP in C2022_A, C2023_A, or C2024_A.",https://nces.ed.gov/ipeds/datacenter/DataFiles.aspx,medium,No,2026-09-09
us:ipeds:151865,Anabaptist Mennonite Biblical Seminary,United States,,,mechanical_program_screening,No configured primary or secondary CIP completion signal in the three frozen IPEDS graduate first-major completions files; catalog-only and new programs remain a known gap.,"No positive-completion row at award levels 7/17/18/19 for any configured primary or secondary CIP in C2022_A, C2023_A, or C2024_A.",https://nces.ed.gov/ipeds/datacenter/DataFiles.aspx,medium,No,2026-09-09
us:ipeds:152099,Oakland City University,United States,,,mechanical_program_screening,No configured primary or secondary CIP completion signal in the three frozen IPEDS graduate first-major completions files; catalog-only and new programs remain a known gap.,"No positive-completion row at award levels 7/17/18/19 for any configured primary or secondary CIP in C2022_A, C2023_A, or C2024_A.",https://nces.ed.gov/ipeds/datacenter/DataFiles.aspx,medium,No,2026-09-09
us:ipeds:152318,Rose-Hulman Institute of Technology,United States,,,mechanical_program_screening,No configured primary or secondary CIP completion signal in the three frozen IPEDS graduate first-major completions files; catalog-only and new programs remain a known gap.,"No positive-completion row at award levels 7/17/18/19 for any configured primary or secondary CIP in C2022_A, C2023_A, or C2024_A.",https://nces.ed.gov/ipeds/datacenter/DataFiles.aspx,medium,No,2026-09-09
us:ipeds:152336,University of Saint Francis-Fort Wayne,United States,,,mechanical_program_screening,No configured primary or secondary CIP completion signal in the three frozen IPEDS graduate first-major completions files; catalog-only and new programs remain a known gap.,"No positive-completion row at award levels 7/17/18/19 for any configured primary or secondary CIP in C2022_A, C2023_A, or C2024_A.",https://nces.ed.gov/ipeds/datacenter/DataFiles.aspx,medium,No,2026-09-09
us:ipeds:152381,Saint Mary-of-the-Woods College,United States,,,mechanical_program_screening,No configured primary or secondary CIP completion signal in the three frozen IPEDS graduate first-major completions files; catalog-only and new programs remain a known gap.,"No positive-completion row at award levels 7/17/18/19 for any configured primary or secondary CIP in C2022_A, C2023_A, or C2024_A.",https://nces.ed.gov/ipeds/datacenter/DataFiles.aspx,medium,No,2026-09-09
us:ipeds:152451,Saint Meinrad School of Theology,United States,,,mechanical_program_screening,No configured primary or secondary CIP completion signal in the three frozen IPEDS graduate first-major completions files; catalog-only and new programs remain a known gap.,"No positive-completion row at award levels 7/17/18/19 for any configured primary or secondary CIP in C2022_A, C2023_A, or C2024_A.",https://nces.ed.gov/ipeds/datacenter/DataFiles.aspx,medium,No,2026-09-09
us:ipeds:152530,Taylor University,United States,,,mechanical_program_screening,No configured primary or secondary CIP completion signal in the three frozen IPEDS graduate first-major completions files; catalog-only and new programs remain a known gap.,"No positive-completion row at award levels 7/17/18/19 for any configured primary or secondary CIP in C2022_A, C2023_A, or C2024_A.",https://nces.ed.gov/ipeds/datacenter/DataFiles.aspx,medium,No,2026-09-09
us:ipeds:152567,Trine University,United States,,,mechanical_program_screening,No configured primary or secondary CIP completion signal in the three frozen IPEDS graduate first-major completions files; catalog-only and new programs remain a known gap.,"No positive-completion row at award levels 7/17/18/19 for any configured primary or secondary CIP in C2022_A, C2023_A, or C2024_A.",https://nces.ed.gov/ipeds/datacenter/DataFiles.aspx,medium,No,2026-09-09
us:ipeds:152798,Allen College,United States,,,mechanical_program_screening,No configured primary or secondary CIP completion signal in the three frozen IPEDS graduate first-major completions files; catalog-only and new programs remain a known gap.,"No positive-completion row at award levels 7/17/18/19 for any configured primary or secondary CIP in C2022_A, C2023_A, or C2024_A.",https://nces.ed.gov/ipeds/datacenter/DataFiles.aspx,medium,No,2026-09-09
us:ipeds:152992,Briar Cliff University,United States,,,mechanical_program_screening,No configured primary or secondary CIP completion signal in the three frozen IPEDS graduate first-major completions files; catalog-only and new programs remain a known gap.,"No positive-completion row at award levels 7/17/18/19 for any configured primary or secondary CIP in C2022_A, C2023_A, or C2024_A.",https://nces.ed.gov/ipeds/datacenter/DataFiles.aspx,medium,No,2026-09-09
us:ipeds:153001,Buena Vista University,United States,,,mechanical_program_screening,No configured primary or secondary CIP completion signal in the three frozen IPEDS graduate first-major completions files; catalog-only and new programs remain a known gap.,"No positive-completion row at award levels 7/17/18/19 for any configured primary or secondary CIP in C2022_A, C2023_A, or C2024_A.",https://nces.ed.gov/ipeds/datacenter/DataFiles.aspx,medium,No,2026-09-09
us:ipeds:153126,Clarke University,United States,,,mechanical_program_screening,No configured primary or secondary CIP completion signal in the three frozen IPEDS graduate first-major completions files; catalog-only and new programs remain a known gap.,"No positive-completion row at award levels 7/17/18/19 for any configured primary or secondary CIP in C2022_A, C2023_A, or C2024_A.",https://nces.ed.gov/ipeds/datacenter/DataFiles.aspx,medium,No,2026-09-09
us:ipeds:153250,Dordt University,United States,,,mechanical_program_screening,No configured primary or secondary CIP completion signal in the three frozen IPEDS graduate first-major completions files; catalog-only and new programs remain a known gap.,"No positive-completion row at award levels 7/17/18/19 for any configured primary or secondary CIP in C2022_A, C2023_A, or C2024_A.",https://nces.ed.gov/ipeds/datacenter/DataFiles.aspx,medium,No,2026-09-09
us:ipeds:153278,University of Dubuque,United States,,,mechanical_program_screening,No configured primary or secondary CIP completion signal in the three frozen IPEDS graduate first-major completions files; catalog-only and new programs remain a known gap.,"No positive-completion row at award levels 7/17/18/19 for any configured primary or secondary CIP in C2022_A, C2023_A, or C2024_A.",https://nces.ed.gov/ipeds/datacenter/DataFiles.aspx,medium,No,2026-09-09
us:ipeds:153320,Faith Baptist Bible College and Theological Seminary,United States,,,mechanical_program_screening,No configured primary or secondary CIP completion signal in the three frozen IPEDS graduate first-major completions files; catalog-only and new programs remain a known gap.,"No positive-completion row at award levels 7/17/18/19 for any configured primary or secondary CIP in C2022_A, C2023_A, or C2024_A.",https://nces.ed.gov/ipeds/datacenter/DataFiles.aspx,medium,No,2026-09-09
us:ipeds:153366,Graceland University-Lamoni,United States,,,mechanical_program_screening,No configured primary or secondary CIP completion signal in the three frozen IPEDS graduate first-major completions files; catalog-only and new programs remain a known gap.,"No positive-completion row at award levels 7/17/18/19 for any configured primary or secondary CIP in C2022_A, C2023_A, or C2024_A.",https://nces.ed.gov/ipeds/datacenter/DataFiles.aspx,medium,No,2026-09-09
us:ipeds:153375,Grand View University,United States,,,mechanical_program_screening,No configured primary or secondary CIP completion signal in the three frozen IPEDS graduate first-major completions files; catalog-only and new programs remain a known gap.,"No positive-completion row at award levels 7/17/18/19 for any configured primary or secondary CIP in C2022_A, C2023_A, or C2024_A.",https://nces.ed.gov/ipeds/datacenter/DataFiles.aspx,medium,No,2026-09-09
us:ipeds:153427,Orion Technical College,United States,,,mechanical_program_screening,No configured primary or secondary CIP completion signal in the three frozen IPEDS graduate first-major completions files; catalog-only and new programs remain a known gap.,"No positive-completion row at award levels 7/17/18/19 for any configured primary or secondary CIP in C2022_A, C2023_A, or C2024_A.",https://nces.ed.gov/ipeds/datacenter/DataFiles.aspx,medium,No,2026-09-09
us:ipeds:153977,Mercy College of Health Sciences,United States,,,mechanical_program_screening,No configured primary or secondary CIP completion signal in the three frozen IPEDS graduate first-major completions files; catalog-only and new programs remain a known gap.,"No positive-completion row at award levels 7/17/18/19 for any configured primary or secondary CIP in C2022_A, C2023_A, or C2024_A.",https://nces.ed.gov/ipeds/datacenter/DataFiles.aspx,medium,No,2026-09-09
us:ipeds:154004,Morningside University,United States,,,mechanical_program_screening,No configured primary or secondary CIP completion signal in the three frozen IPEDS graduate first-major completions files; catalog-only and new programs remain a known gap.,"No positive-completion row at award levels 7/17/18/19 for any configured primary or secondary CIP in C2022_A, C2023_A, or C2024_A.",https://nces.ed.gov/ipeds/datacenter/DataFiles.aspx,medium,No,2026-09-09
us:ipeds:154013,Mount Mercy University,United States,,,mechanical_program_screening,No configured primary or secondary CIP completion signal in the three frozen IPEDS graduate first-major completions files; catalog-only and new programs remain a known gap.,"No positive-completion row at award levels 7/17/18/19 for any configured primary or secondary CIP in C2022_A, C2023_A, or C2024_A.",https://nces.ed.gov/ipeds/datacenter/DataFiles.aspx,medium,No,2026-09-09
us:ipeds:154022,Ashford University,United States,,,mechanical_program_screening,No configured primary or secondary CIP completion signal in the three frozen IPEDS graduate first-major completions files; catalog-only and new programs remain a known gap.,"No positive-completion row at award levels 7/17/18/19 for any configured primary or secondary CIP in C2022_A, C2023_A, or C2024_A.",https://nces.ed.gov/ipeds/datacenter/DataFiles.aspx,medium,No,2026-09-09
us:ipeds:154095,University of Northern Iowa,United States,,,mechanical_program_screening,No configured primary or secondary CIP completion signal in the three frozen IPEDS graduate first-major completions files; catalog-only and new programs remain a known gap.,"No positive-completion row at award levels 7/17/18/19 for any configured primary or secondary CIP in C2022_A, C2023_A, or C2024_A.",https://nces.ed.gov/ipeds/datacenter/DataFiles.aspx,medium,No,2026-09-09
us:ipeds:154101,Northwestern College,United States,,,mechanical_program_screening,No configured primary or secondary CIP completion signal in the three frozen IPEDS graduate first-major completions files; catalog-only and new programs remain a known gap.,"No positive-completion row at award levels 7/17/18/19 for any configured primary or secondary CIP in C2022_A, C2023_A, or C2024_A.",https://nces.ed.gov/ipeds/datacenter/DataFiles.aspx,medium,No,2026-09-09
us:ipeds:154156,Des Moines University-Osteopathic Medical Center,United States,,,mechanical_program_screening,No configured primary or secondary CIP completion signal in the three frozen IPEDS graduate first-major completions files; catalog-only and new programs remain a known gap.,"No positive-completion row at award levels 7/17/18/19 for any configured primary or secondary CIP in C2022_A, C2023_A, or C2024_A.",https://nces.ed.gov/ipeds/datacenter/DataFiles.aspx,medium,No,2026-09-09
us:ipeds:154174,Palmer College of Chiropractic,United States,,,mechanical_program_screening,No configured primary or secondary CIP completion signal in the three frozen IPEDS graduate first-major completions files; catalog-only and new programs remain a known gap.,"No positive-completion row at award levels 7/17/18/19 for any configured primary or secondary CIP in C2022_A, C2023_A, or C2024_A.",https://nces.ed.gov/ipeds/datacenter/DataFiles.aspx,medium,No,2026-09-09
us:ipeds:154350,Simpson College,United States,,,mechanical_program_screening,No configured primary or secondary CIP completion signal in the three frozen IPEDS graduate first-major completions files; catalog-only and new programs remain a known gap.,"No positive-completion row at award levels 7/17/18/19 for any configured primary or secondary CIP in C2022_A, C2023_A, or C2024_A.",https://nces.ed.gov/ipeds/datacenter/DataFiles.aspx,medium,No,2026-09-09
us:ipeds:154493,Upper Iowa University,United States,,,mechanical_program_screening,No configured primary or secondary CIP completion signal in the three frozen IPEDS graduate first-major completions files; catalog-only and new programs remain a known gap.,"No positive-completion row at award levels 7/17/18/19 for any configured primary or secondary CIP in C2022_A, C2023_A, or C2024_A.",https://nces.ed.gov/ipeds/datacenter/DataFiles.aspx,medium,No,2026-09-09
us:ipeds:154518,Waldorf University,United States,,,mechanical_program_screening,No configured primary or secondary CIP completion signal in the three frozen IPEDS graduate first-major completions files; catalog-only and new programs remain a known gap.,"No positive-completion row at award levels 7/17/18/19 for any configured primary or secondary CIP in C2022_A, C2023_A, or C2024_A.",https://nces.ed.gov/ipeds/datacenter/DataFiles.aspx,medium,No,2026-09-09
us:ipeds:154527,Wartburg College,United States,,,mechanical_program_screening,No configured primary or secondary CIP completion signal in the three frozen IPEDS graduate first-major completions files; catalog-only and new programs remain a known gap.,"No positive-completion row at award levels 7/17/18/19 for any configured primary or secondary CIP in C2022_A, C2023_A, or C2024_A.",https://nces.ed.gov/ipeds/datacenter/DataFiles.aspx,medium,No,2026-09-09
us:ipeds:154536,Wartburg Theological Seminary,United States,,,mechanical_program_screening,No configured primary or secondary CIP completion signal in the three frozen IPEDS graduate first-major completions files; catalog-only and new programs remain a known gap.,"No positive-completion row at award levels 7/17/18/19 for any configured primary or secondary CIP in C2022_A, C2023_A, or C2024_A.",https://nces.ed.gov/ipeds/datacenter/DataFiles.aspx,medium,No,2026-09-09
us:ipeds:154590,William Penn University,United States,,,mechanical_program_screening,No configured primary or secondary CIP completion signal in the three frozen IPEDS graduate first-major completions files; catalog-only and new programs remain a known gap.,"No positive-completion row at award levels 7/17/18/19 for any configured primary or secondary CIP in C2022_A, C2023_A, or C2024_A.",https://nces.ed.gov/ipeds/datacenter/DataFiles.aspx,medium,No,2026-09-09
us:ipeds:154688,Baker University,United States,,,mechanical_program_screening,No configured primary or secondary CIP completion signal in the three frozen IPEDS graduate first-major completions files; catalog-only and new programs remain a known gap.,"No positive-completion row at award levels 7/17/18/19 for any configured primary or secondary CIP in C2022_A, C2023_A, or C2024_A.",https://nces.ed.gov/ipeds/datacenter/DataFiles.aspx,medium,No,2026-09-09
us:ipeds:154712,Benedictine College,United States,,,mechanical_program_screening,No configured primary or secondary CIP completion signal in the three frozen IPEDS graduate first-major completions files; catalog-only and new programs remain a known gap.,"No positive-completion row at award levels 7/17/18/19 for any configured primary or secondary CIP in C2022_A, C2023_A, or C2024_A.",https://nces.ed.gov/ipeds/datacenter/DataFiles.aspx,medium,No,2026-09-09
us:ipeds:154721,Bethany College,United States,,,mechanical_program_screening,No configured primary or secondary CIP completion signal in the three frozen IPEDS graduate first-major completions files; catalog-only and new programs remain a known gap.,"No positive-completion row at award levels 7/17/18/19 for any configured primary or secondary CIP in C2022_A, C2023_A, or C2024_A.",https://nces.ed.gov/ipeds/datacenter/DataFiles.aspx,medium,No,2026-09-09
us:ipeds:154855,Central Christian College of Kansas,United States,,,mechanical_program_screening,No configured primary or secondary CIP completion signal in the three frozen IPEDS graduate first-major completions files; catalog-only and new programs remain a known gap.,"No positive-completion row at award levels 7/17/18/19 for any configured primary or secondary CIP in C2022_A, C2023_A, or C2024_A.",https://nces.ed.gov/ipeds/datacenter/DataFiles.aspx,medium,No,2026-09-09
us:ipeds:155061,Fort Hays State University,United States,,,mechanical_program_screening,No configured primary or secondary CIP completion signal in the three frozen IPEDS graduate first-major completions files; catalog-only and new programs remain a known gap.,"No positive-completion row at award levels 7/17/18/19 for any configured primary or secondary CIP in C2022_A, C2023_A, or C2024_A.",https://nces.ed.gov/ipeds/datacenter/DataFiles.aspx,medium,No,2026-09-09
us:ipeds:155070,Barclay College,United States,,,mechanical_program_screening,No configured primary or secondary CIP completion signal in the three frozen IPEDS graduate first-major completions files; catalog-only and new programs remain a known gap.,"No positive-completion row at award levels 7/17/18/19 for any configured primary or secondary CIP in C2022_A, C2023_A, or C2024_A.",https://nces.ed.gov/ipeds/datacenter/DataFiles.aspx,medium,No,2026-09-09
us:ipeds:155089,Friends University,United States,,,mechanical_program_screening,No configured primary or secondary CIP completion signal in the three frozen IPEDS graduate first-major completions files; catalog-only and new programs remain a known gap.,"No positive-completion row at award levels 7/17/18/19 for any configured primary or secondary CIP in C2022_A, C2023_A, or C2024_A.",https://nces.ed.gov/ipeds/datacenter/DataFiles.aspx,medium,No,2026-09-09
us:ipeds:155308,Kansas Christian College,United States,,,mechanical_program_screening,No configured primary or secondary CIP completion signal in the three frozen IPEDS graduate first-major completions files; catalog-only and new programs remain a known gap.,"No positive-completion row at award levels 7/17/18/19 for any configured primary or secondary CIP in C2022_A, C2023_A, or C2024_A.",https://nces.ed.gov/ipeds/datacenter/DataFiles.aspx,medium,No,2026-09-09
us:ipeds:155414,Kansas Wesleyan University,United States,,,mechanical_program_screening,No configured primary or secondary CIP completion signal in the three frozen IPEDS graduate first-major completions files; catalog-only and new programs remain a known gap.,"No positive-completion row at award levels 7/17/18/19 for any configured primary or secondary CIP in C2022_A, C2023_A, or C2024_A.",https://nces.ed.gov/ipeds/datacenter/DataFiles.aspx,medium,No,2026-09-09
us:ipeds:155511,McPherson College,United States,,,mechanical_program_screening,No configured primary or secondary CIP completion signal in the three frozen IPEDS graduate first-major completions files; catalog-only and new programs remain a known gap.,"No positive-completion row at award levels 7/17/18/19 for any configured primary or secondary CIP in C2022_A, C2023_A, or C2024_A.",https://nces.ed.gov/ipeds/datacenter/DataFiles.aspx,medium,No,2026-09-09
us:ipeds:155520,MidAmerica Nazarene University,United States,,,mechanical_program_screening,No configured primary or secondary CIP completion signal in the three frozen IPEDS graduate first-major completions files; catalog-only and new programs remain a known gap.,"No positive-completion row at award levels 7/17/18/19 for any configured primary or secondary CIP in C2022_A, C2023_A, or C2024_A.",https://nces.ed.gov/ipeds/datacenter/DataFiles.aspx,medium,No,2026-09-09
us:ipeds:155681,Pittsburg State University,United States,,,mechanical_program_screening,No configured primary or secondary CIP completion signal in the three frozen IPEDS graduate first-major completions files; catalog-only and new programs remain a known gap.,"No positive-completion row at award levels 7/17/18/19 for any configured primary or secondary CIP in C2022_A, C2023_A, or C2024_A.",https://nces.ed.gov/ipeds/datacenter/DataFiles.aspx,medium,No,2026-09-09
us:ipeds:155812,University of Saint Mary,United States,,,mechanical_program_screening,No configured primary or secondary CIP completion signal in the three frozen IPEDS graduate first-major completions files; catalog-only and new programs remain a known gap.,"No positive-completion row at award levels 7/17/18/19 for any configured primary or secondary CIP in C2022_A, C2023_A, or C2024_A.",https://nces.ed.gov/ipeds/datacenter/DataFiles.aspx,medium,No,2026-09-09
us:ipeds:155900,Southwestern College,United States,,,mechanical_program_screening,No configured primary or secondary CIP completion signal in the three frozen IPEDS graduate first-major completions files; catalog-only and new programs remain a known gap.,"No positive-completion row at award levels 7/17/18/19 for any configured primary or secondary CIP in C2022_A, C2023_A, or C2024_A.",https://nces.ed.gov/ipeds/datacenter/DataFiles.aspx,medium,No,2026-09-09
us:ipeds:155937,Sterling College,United States,,,mechanical_program_screening,No configured primary or secondary CIP completion signal in the three frozen IPEDS graduate first-major completions files; catalog-only and new programs remain a known gap.,"No positive-completion row at award levels 7/17/18/19 for any configured primary or secondary CIP in C2022_A, C2023_A, or C2024_A.",https://nces.ed.gov/ipeds/datacenter/DataFiles.aspx,medium,No,2026-09-09
us:ipeds:155973,Tabor College,United States,,,mechanical_program_screening,No configured primary or secondary CIP completion signal in the three frozen IPEDS graduate first-major completions files; catalog-only and new programs remain a known gap.,"No positive-completion row at award levels 7/17/18/19 for any configured primary or secondary CIP in C2022_A, C2023_A, or C2024_A.",https://nces.ed.gov/ipeds/datacenter/DataFiles.aspx,medium,No,2026-09-09
us:ipeds:156082,Washburn University,United States,,,mechanical_program_screening,No configured primary or secondary CIP completion signal in the three frozen IPEDS graduate first-major completions files; catalog-only and new programs remain a known gap.,"No positive-completion row at award levels 7/17/18/19 for any configured primary or secondary CIP in C2022_A, C2023_A, or C2024_A.",https://nces.ed.gov/ipeds/datacenter/DataFiles.aspx,medium,No,2026-09-09
us:ipeds:156213,Asbury University,United States,,,mechanical_program_screening,No configured primary or secondary CIP completion signal in the three frozen IPEDS graduate first-major completions files; catalog-only and new programs remain a known gap.,"No positive-completion row at award levels 7/17/18/19 for any configured primary or secondary CIP in C2022_A, C2023_A, or C2024_A.",https://nces.ed.gov/ipeds/datacenter/DataFiles.aspx,medium,No,2026-09-09
us:ipeds:156222,Asbury Theological Seminary,United States,,,mechanical_program_screening,No configured primary or secondary CIP completion signal in the three frozen IPEDS graduate first-major completions files; catalog-only and new programs remain a known gap.,"No positive-completion row at award levels 7/17/18/19 for any configured primary or secondary CIP in C2022_A, C2023_A, or C2024_A.",https://nces.ed.gov/ipeds/datacenter/DataFiles.aspx,medium,No,2026-09-09
us:ipeds:156286,Bellarmine University,United States,,,mechanical_program_screening,No configured primary or secondary CIP completion signal in the three frozen IPEDS graduate first-major completions files; catalog-only and new programs remain a known gap.,"No positive-completion row at award levels 7/17/18/19 for any configured primary or secondary CIP in C2022_A, C2023_A, or C2024_A.",https://nces.ed.gov/ipeds/datacenter/DataFiles.aspx,medium,No,2026-09-09
us:ipeds:156356,Brescia University,United States,,,mechanical_program_screening,No configured primary or secondary CIP completion signal in the three frozen IPEDS graduate first-major completions files; catalog-only and new programs remain a known gap.,"No positive-completion row at award levels 7/17/18/19 for any configured primary or secondary CIP in C2022_A, C2023_A, or C2024_A.",https://nces.ed.gov/ipeds/datacenter/DataFiles.aspx,medium,No,2026-09-09
us:ipeds:156417,Clear Creek Baptist Bible College,United States,,,mechanical_program_screening,No configured primary or secondary CIP completion signal in the three frozen IPEDS graduate first-major completions files; catalog-only and new programs remain a known gap.,"No positive-completion row at award levels 7/17/18/19 for any configured primary or secondary CIP in C2022_A, C2023_A, or C2024_A.",https://nces.ed.gov/ipeds/datacenter/DataFiles.aspx,medium,No,2026-09-09
us:ipeds:156471,Galen College of Nursing-Louisville,United States,,,mechanical_program_screening,No configured primary or secondary CIP completion signal in the three frozen IPEDS graduate first-major completions files; catalog-only and new programs remain a known gap.,"No positive-completion row at award levels 7/17/18/19 for any configured primary or secondary CIP in C2022_A, C2023_A, or C2024_A.",https://nces.ed.gov/ipeds/datacenter/DataFiles.aspx,medium,No,2026-09-09
us:ipeds:156727,Frontier Nursing University,United States,,,mechanical_program_screening,No configured primary or secondary CIP completion signal in the three frozen IPEDS graduate first-major completions files; catalog-only and new programs remain a known gap.,"No positive-completion row at award levels 7/17/18/19 for any configured primary or secondary CIP in C2022_A, C2023_A, or C2024_A.",https://nces.ed.gov/ipeds/datacenter/DataFiles.aspx,medium,No,2026-09-09
us:ipeds:156745,Georgetown College,United States,,,mechanical_program_screening,No configured primary or secondary CIP completion signal in the three frozen IPEDS graduate first-major completions files; catalog-only and new programs remain a known gap.,"No positive-completion row at award levels 7/17/18/19 for any configured primary or secondary CIP in C2022_A, C2023_A, or C2024_A.",https://nces.ed.gov/ipeds/datacenter/DataFiles.aspx,medium,No,2026-09-09
us:ipeds:157030,Kentucky Mountain Bible College,United States,,,mechanical_program_screening,No configured primary or secondary CIP completion signal in the three frozen IPEDS graduate first-major completions files; catalog-only and new programs remain a known gap.,"No positive-completion row at award levels 7/17/18/19 for any configured primary or secondary CIP in C2022_A, C2023_A, or C2024_A.",https://nces.ed.gov/ipeds/datacenter/DataFiles.aspx,medium,No,2026-09-09
us:ipeds:157100,Kentucky Christian University,United States,,,mechanical_program_screening,No configured primary or secondary CIP completion signal in the three frozen IPEDS graduate first-major completions files; catalog-only and new programs remain a known gap.,"No positive-completion row at award levels 7/17/18/19 for any configured primary or secondary CIP in C2022_A, C2023_A, or C2024_A.",https://nces.ed.gov/ipeds/datacenter/DataFiles.aspx,medium,No,2026-09-09
us:ipeds:157207,Lexington Theological Seminary,United States,,,mechanical_program_screening,No configured primary or secondary CIP completion signal in the three frozen IPEDS graduate first-major completions files; catalog-only and new programs remain a known gap.,"No positive-completion row at award levels 7/17/18/19 for any configured primary or secondary CIP in C2022_A, C2023_A, or C2024_A.",https://nces.ed.gov/ipeds/datacenter/DataFiles.aspx,medium,No,2026-09-09
us:ipeds:157216,Lindsey Wilson College,United States,,,mechanical_program_screening,No configured primary or secondary CIP completion signal in the three frozen IPEDS graduate first-major completions files; catalog-only and new programs remain a known gap.,"No positive-completion row at award levels 7/17/18/19 for any configured primary or secondary CIP in C2022_A, C2023_A, or C2024_A.",https://nces.ed.gov/ipeds/datacenter/DataFiles.aspx,medium,No,2026-09-09
us:ipeds:157298,Louisville Presbyterian Theological Seminary,United States,,,mechanical_program_screening,No configured primary or secondary CIP completion signal in the three frozen IPEDS graduate first-major completions files; catalog-only and new programs remain a known gap.,"No positive-completion row at award levels 7/17/18/19 for any configured primary or secondary CIP in C2022_A, C2023_A, or C2024_A.",https://nces.ed.gov/ipeds/datacenter/DataFiles.aspx,medium,No,2026-09-09
us:ipeds:157377,Midway University,United States,,,mechanical_program_screening,No configured primary or secondary CIP completion signal in the three frozen IPEDS graduate first-major completions files; catalog-only and new programs remain a known gap.,"No positive-completion row at award levels 7/17/18/19 for any configured primary or secondary CIP in C2022_A, C2023_A, or C2024_A.",https://nces.ed.gov/ipeds/datacenter/DataFiles.aspx,medium,No,2026-09-09
us:ipeds:157386,Morehead State University,United States,,,mechanical_program_screening,No configured primary or secondary CIP completion signal in the three frozen IPEDS graduate first-major completions files; catalog-only and new programs remain a known gap.,"No positive-completion row at award levels 7/17/18/19 for any configured primary or secondary CIP in C2022_A, C2023_A, or C2024_A.",https://nces.ed.gov/ipeds/datacenter/DataFiles.aspx,medium,No,2026-09-09
us:ipeds:157535,University of Pikeville,United States,,,mechanical_program_screening,No configured primary or secondary CIP completion signal in the three frozen IPEDS graduate first-major completions files; catalog-only and new programs remain a known gap.,"No positive-completion row at award levels 7/17/18/19 for any configured primary or secondary CIP in C2022_A, C2023_A, or C2024_A.",https://nces.ed.gov/ipeds/datacenter/DataFiles.aspx,medium,No,2026-09-09
us:ipeds:157748,The Southern Baptist Theological Seminary,United States,,,mechanical_program_screening,No configured primary or secondary CIP completion signal in the three frozen IPEDS graduate first-major completions files; catalog-only and new programs remain a known gap.,"No positive-completion row at award levels 7/17/18/19 for any configured primary or secondary CIP in C2022_A, C2023_A, or C2024_A.",https://nces.ed.gov/ipeds/datacenter/DataFiles.aspx,medium,No,2026-09-09
us:ipeds:157757,Spalding University,United States,,,mechanical_program_screening,No configured primary or secondary CIP completion signal in the three frozen IPEDS graduate first-major completions files; catalog-only and new programs remain a known gap.,"No positive-completion row at award levels 7/17/18/19 for any configured primary or secondary CIP in C2022_A, C2023_A, or C2024_A.",https://nces.ed.gov/ipeds/datacenter/DataFiles.aspx,medium,No,2026-09-09
us:ipeds:157793,Sullivan University,United States,,,mechanical_program_screening,No configured primary or secondary CIP completion signal in the three frozen IPEDS graduate first-major completions files; catalog-only and new programs remain a known gap.,"No positive-completion row at award levels 7/17/18/19 for any configured primary or secondary CIP in C2022_A, C2023_A, or C2024_A.",https://nces.ed.gov/ipeds/datacenter/DataFiles.aspx,medium,No,2026-09-09
us:ipeds:157809,Thomas More University,United States,,,mechanical_program_screening,No configured primary or secondary CIP completion signal in the three frozen IPEDS graduate first-major completions files; catalog-only and new programs remain a known gap.,"No positive-completion row at award levels 7/17/18/19 for any configured primary or secondary CIP in C2022_A, C2023_A, or C2024_A.",https://nces.ed.gov/ipeds/datacenter/DataFiles.aspx,medium,No,2026-09-09
us:ipeds:157863,Union Commonwealth University,United States,,,mechanical_program_screening,No configured primary or secondary CIP completion signal in the three frozen IPEDS graduate first-major completions files; catalog-only and new programs remain a known gap.,"No positive-completion row at award levels 7/17/18/19 for any configured primary or secondary CIP in C2022_A, C2023_A, or C2024_A.",https://nces.ed.gov/ipeds/datacenter/DataFiles.aspx,medium,No,2026-09-09
us:ipeds:158477,Centenary College of Louisiana,United States,,,mechanical_program_screening,No configured primary or secondary CIP completion signal in the three frozen IPEDS graduate first-major completions files; catalog-only and new programs remain a known gap.,"No positive-completion row at award levels 7/17/18/19 for any configured primary or secondary CIP in C2022_A, C2023_A, or C2024_A.",https://nces.ed.gov/ipeds/datacenter/DataFiles.aspx,medium,No,2026-09-09
us:ipeds:158802,Dillard University,United States,,,mechanical_program_screening,No configured primary or secondary CIP completion signal in the three frozen IPEDS graduate first-major completions files; catalog-only and new programs remain a known gap.,"No positive-completion row at award levels 7/17/18/19 for any configured primary or secondary CIP in C2022_A, C2023_A, or C2024_A.",https://nces.ed.gov/ipeds/datacenter/DataFiles.aspx,medium,No,2026-09-09
us:ipeds:159009,Grambling State University,United States,,,mechanical_program_screening,No configured primary or secondary CIP completion signal in the three frozen IPEDS graduate first-major completions files; catalog-only and new programs remain a known gap.,"No positive-completion row at award levels 7/17/18/19 for any configured primary or secondary CIP in C2022_A, C2023_A, or C2024_A.",https://nces.ed.gov/ipeds/datacenter/DataFiles.aspx,medium,No,2026-09-09
us:ipeds:159373,Louisiana State University Health Sciences Center-New Orleans,United States,,,mechanical_program_screening,No configured primary or secondary CIP completion signal in the three frozen IPEDS graduate first-major completions files; catalog-only and new programs remain a known gap.,"No positive-completion row at award levels 7/17/18/19 for any configured primary or secondary CIP in C2022_A, C2023_A, or C2024_A.",https://nces.ed.gov/ipeds/datacenter/DataFiles.aspx,medium,No,2026-09-09
us:ipeds:159568,Louisiana Christian University,United States,,,mechanical_program_screening,No configured primary or secondary CIP completion signal in the three frozen IPEDS graduate first-major completions files; catalog-only and new programs remain a known gap.,"No positive-completion row at award levels 7/17/18/19 for any configured primary or secondary CIP in C2022_A, C2023_A, or C2024_A.",https://nces.ed.gov/ipeds/datacenter/DataFiles.aspx,medium,No,2026-09-09
us:ipeds:159656,Loyola University New Orleans,United States,,,mechanical_program_screening,No configured primary or secondary CIP completion signal in the three frozen IPEDS graduate first-major completions files; catalog-only and new programs remain a known gap.,"No positive-completion row at award levels 7/17/18/19 for any configured primary or secondary CIP in C2022_A, C2023_A, or C2024_A.",https://nces.ed.gov/ipeds/datacenter/DataFiles.aspx,medium,No,2026-09-09
us:ipeds:159717,McNeese State University,United States,,,mechanical_program_screening,No configured primary or secondary CIP completion signal in the three frozen IPEDS graduate first-major completions files; catalog-only and new programs remain a known gap.,"No positive-completion row at award levels 7/17/18/19 for any configured primary or secondary CIP in C2022_A, C2023_A, or C2024_A.",https://nces.ed.gov/ipeds/datacenter/DataFiles.aspx,medium,No,2026-09-09
us:ipeds:159948,New Orleans Baptist Theological Seminary,United States,,,mechanical_program_screening,No configured primary or secondary CIP completion signal in the three frozen IPEDS graduate first-major completions files; catalog-only and new programs remain a known gap.,"No positive-completion row at award levels 7/17/18/19 for any configured primary or secondary CIP in C2022_A, C2023_A, or C2024_A.",https://nces.ed.gov/ipeds/datacenter/DataFiles.aspx,medium,No,2026-09-09
us:ipeds:159966,Nicholls State University,United States,,,mechanical_program_screening,No configured primary or secondary CIP completion signal in the three frozen IPEDS graduate first-major completions files; catalog-only and new programs remain a known gap.,"No positive-completion row at award levels 7/17/18/19 for any configured primary or secondary CIP in C2022_A, C2023_A, or C2024_A.",https://nces.ed.gov/ipeds/datacenter/DataFiles.aspx,medium,No,2026-09-09
us:ipeds:159993,University of Louisiana at Monroe,United States,,,mechanical_program_screening,No configured primary or secondary CIP completion signal in the three frozen IPEDS graduate first-major completions files; catalog-only and new programs remain a known gap.,"No positive-completion row at award levels 7/17/18/19 for any configured primary or secondary CIP in C2022_A, C2023_A, or C2024_A.",https://nces.ed.gov/ipeds/datacenter/DataFiles.aspx,medium,No,2026-09-09
us:ipeds:160065,University of Holy Cross,United States,,,mechanical_program_screening,No configured primary or secondary CIP completion signal in the three frozen IPEDS graduate first-major completions files; catalog-only and new programs remain a known gap.,"No positive-completion row at award levels 7/17/18/19 for any configured primary or secondary CIP in C2022_A, C2023_A, or C2024_A.",https://nces.ed.gov/ipeds/datacenter/DataFiles.aspx,medium,No,2026-09-09
us:ipeds:160074,Franciscan Missionaries of Our Lady University,United States,,,mechanical_program_screening,No configured primary or secondary CIP completion signal in the three frozen IPEDS graduate first-major completions files; catalog-only and new programs remain a known gap.,"No positive-completion row at award levels 7/17/18/19 for any configured primary or secondary CIP in C2022_A, C2023_A, or C2024_A.",https://nces.ed.gov/ipeds/datacenter/DataFiles.aspx,medium,No,2026-09-09
us:ipeds:160533,Southern University-Board and System,United States,,,mechanical_program_screening,No configured primary or secondary CIP completion signal in the three frozen IPEDS graduate first-major completions files; catalog-only and new programs remain a known gap.,"No positive-completion row at award levels 7/17/18/19 for any configured primary or secondary CIP in C2022_A, C2023_A, or C2024_A.",https://nces.ed.gov/ipeds/datacenter/DataFiles.aspx,medium,No,2026-09-09
us:ipeds:160612,Southeastern Louisiana University,United States,,,mechanical_program_screening,No configured primary or secondary CIP completion signal in the three frozen IPEDS graduate first-major completions files; catalog-only and new programs remain a known gap.,"No positive-completion row at award levels 7/17/18/19 for any configured primary or secondary CIP in C2022_A, C2023_A, or C2024_A.",https://nces.ed.gov/ipeds/datacenter/DataFiles.aspx,medium,No,2026-09-09
us:ipeds:160904,Xavier University of Louisiana,United States,,,mechanical_program_screening,No configured primary or secondary CIP completion signal in the three frozen IPEDS graduate first-major completions files; catalog-only and new programs remain a known gap.,"No positive-completion row at award levels 7/17/18/19 for any configured primary or secondary CIP in C2022_A, C2023_A, or C2024_A.",https://nces.ed.gov/ipeds/datacenter/DataFiles.aspx,medium,No,2026-09-09
us:ipeds:160959,College of the Atlantic,United States,,,mechanical_program_screening,No configured primary or secondary CIP completion signal in the three frozen IPEDS graduate first-major completions files; catalog-only and new programs remain a known gap.,"No positive-completion row at award levels 7/17/18/19 for any configured primary or secondary CIP in C2022_A, C2023_A, or C2024_A.",https://nces.ed.gov/ipeds/datacenter/DataFiles.aspx,medium,No,2026-09-09
us:ipeds:160995,Beal University,United States,,,mechanical_program_screening,No configured primary or secondary CIP completion signal in the three frozen IPEDS graduate first-major completions files; catalog-only and new programs remain a known gap.,"No positive-completion row at award levels 7/17/18/19 for any configured primary or secondary CIP in C2022_A, C2023_A, or C2024_A.",https://nces.ed.gov/ipeds/datacenter/DataFiles.aspx,medium,No,2026-09-09
us:ipeds:161226,University of Maine at Farmington,United States,,,mechanical_program_screening,No configured primary or secondary CIP completion signal in the three frozen IPEDS graduate first-major completions files; catalog-only and new programs remain a known gap.,"No positive-completion row at award levels 7/17/18/19 for any configured primary or secondary CIP in C2022_A, C2023_A, or C2024_A.",https://nces.ed.gov/ipeds/datacenter/DataFiles.aspx,medium,No,2026-09-09
us:ipeds:161235,University of Maine at Fort Kent,United States,,,mechanical_program_screening,No configured primary or secondary CIP completion signal in the three frozen IPEDS graduate first-major completions files; catalog-only and new programs remain a known gap.,"No positive-completion row at award levels 7/17/18/19 for any configured primary or secondary CIP in C2022_A, C2023_A, or C2024_A.",https://nces.ed.gov/ipeds/datacenter/DataFiles.aspx,medium,No,2026-09-09
us:ipeds:161280,University of Maine-System Central Office,United States,,,mechanical_program_screening,No configured primary or secondary CIP completion signal in the three frozen IPEDS graduate first-major completions files; catalog-only and new programs remain a known gap.,"No positive-completion row at award levels 7/17/18/19 for any configured primary or secondary CIP in C2022_A, C2023_A, or C2024_A.",https://nces.ed.gov/ipeds/datacenter/DataFiles.aspx,medium,No,2026-09-09
us:ipeds:161299,Maine Maritime Academy,United States,,,mechanical_program_screening,No configured primary or secondary CIP completion signal in the three frozen IPEDS graduate first-major completions files; catalog-only and new programs remain a known gap.,"No positive-completion row at award levels 7/17/18/19 for any configured primary or secondary CIP in C2022_A, C2023_A, or C2024_A.",https://nces.ed.gov/ipeds/datacenter/DataFiles.aspx,medium,No,2026-09-09
us:ipeds:161341,University of Maine at Presque Isle,United States,,,mechanical_program_screening,No configured primary or secondary CIP completion signal in the three frozen IPEDS graduate first-major completions files; catalog-only and new programs remain a known gap.,"No positive-completion row at award levels 7/17/18/19 for any configured primary or secondary CIP in C2022_A, C2023_A, or C2024_A.",https://nces.ed.gov/ipeds/datacenter/DataFiles.aspx,medium,No,2026-09-09
us:ipeds:161457,University of New England,United States,,,mechanical_program_screening,No configured primary or secondary CIP completion signal in the three frozen IPEDS graduate first-major completions files; catalog-only and new programs remain a known gap.,"No positive-completion row at award levels 7/17/18/19 for any configured primary or secondary CIP in C2022_A, C2023_A, or C2024_A.",https://nces.ed.gov/ipeds/datacenter/DataFiles.aspx,medium,No,2026-09-09
us:ipeds:161509,Maine College of Art & Design,United States,,,mechanical_program_screening,No configured primary or secondary CIP completion signal in the three frozen IPEDS graduate first-major completions files; catalog-only and new programs remain a known gap.,"No positive-completion row at award levels 7/17/18/19 for any configured primary or secondary CIP in C2022_A, C2023_A, or C2024_A.",https://nces.ed.gov/ipeds/datacenter/DataFiles.aspx,medium,No,2026-09-09
us:ipeds:161518,Saint Joseph's College of Maine,United States,,,mechanical_program_screening,No configured primary or secondary CIP completion signal in the three frozen IPEDS graduate first-major completions files; catalog-only and new programs remain a known gap.,"No positive-completion row at award levels 7/17/18/19 for any configured primary or secondary CIP in C2022_A, C2023_A, or C2024_A.",https://nces.ed.gov/ipeds/datacenter/DataFiles.aspx,medium,No,2026-09-09
us:ipeds:161572,Unity Environmental University,United States,,,mechanical_program_screening,No configured primary or secondary CIP completion signal in the three frozen IPEDS graduate first-major completions files; catalog-only and new programs remain a known gap.,"No positive-completion row at award levels 7/17/18/19 for any configured primary or secondary CIP in C2022_A, C2023_A, or C2024_A.",https://nces.ed.gov/ipeds/datacenter/DataFiles.aspx,medium,No,2026-09-09
us:ipeds:162210,Washington Adventist University,United States,,,mechanical_program_screening,No configured primary or secondary CIP completion signal in the three frozen IPEDS graduate first-major completions files; catalog-only and new programs remain a known gap.,"No positive-completion row at award levels 7/17/18/19 for any configured primary or secondary CIP in C2022_A, C2023_A, or C2024_A.",https://nces.ed.gov/ipeds/datacenter/DataFiles.aspx,medium,No,2026-09-09
us:ipeds:162283,Coppin State University,United States,,,mechanical_program_screening,No configured primary or secondary CIP completion signal in the three frozen IPEDS graduate first-major completions files; catalog-only and new programs remain a known gap.,"No positive-completion row at award levels 7/17/18/19 for any configured primary or secondary CIP in C2022_A, C2023_A, or C2024_A.",https://nces.ed.gov/ipeds/datacenter/DataFiles.aspx,medium,No,2026-09-09
us:ipeds:162654,Goucher College,United States,,,mechanical_program_screening,No configured primary or secondary CIP completion signal in the three frozen IPEDS graduate first-major completions files; catalog-only and new programs remain a known gap.,"No positive-completion row at award levels 7/17/18/19 for any configured primary or secondary CIP in C2022_A, C2023_A, or C2024_A.",https://nces.ed.gov/ipeds/datacenter/DataFiles.aspx,medium,No,2026-09-09
us:ipeds:163259,"University of Maryland, Baltimore",United States,,,mechanical_program_screening,No configured primary or secondary CIP completion signal in the three frozen IPEDS graduate first-major completions files; catalog-only and new programs remain a known gap.,"No positive-completion row at award levels 7/17/18/19 for any configured primary or secondary CIP in C2022_A, C2023_A, or C2024_A.",https://nces.ed.gov/ipeds/datacenter/DataFiles.aspx,medium,No,2026-09-09
us:ipeds:163295,Maryland Institute College of Art,United States,,,mechanical_program_screening,No configured primary or secondary CIP completion signal in the three frozen IPEDS graduate first-major completions files; catalog-only and new programs remain a known gap.,"No positive-completion row at award levels 7/17/18/19 for any configured primary or secondary CIP in C2022_A, C2023_A, or C2024_A.",https://nces.ed.gov/ipeds/datacenter/DataFiles.aspx,medium,No,2026-09-09
us:ipeds:163462,Mount St. Mary's University,United States,,,mechanical_program_screening,No configured primary or secondary CIP completion signal in the three frozen IPEDS graduate first-major completions files; catalog-only and new programs remain a known gap.,"No positive-completion row at award levels 7/17/18/19 for any configured primary or secondary CIP in C2022_A, C2023_A, or C2024_A.",https://nces.ed.gov/ipeds/datacenter/DataFiles.aspx,medium,No,2026-09-09
us:ipeds:163532,Ner Israel Rabbinical College,United States,,,mechanical_program_screening,No configured primary or secondary CIP completion signal in the three frozen IPEDS graduate first-major completions files; catalog-only and new programs remain a known gap.,"No positive-completion row at award levels 7/17/18/19 for any configured primary or secondary CIP in C2022_A, C2023_A, or C2024_A.",https://nces.ed.gov/ipeds/datacenter/DataFiles.aspx,medium,No,2026-09-09
us:ipeds:163851,Salisbury University,United States,,,mechanical_program_screening,No configured primary or secondary CIP completion signal in the three frozen IPEDS graduate first-major completions files; catalog-only and new programs remain a known gap.,"No positive-completion row at award levels 7/17/18/19 for any configured primary or secondary CIP in C2022_A, C2023_A, or C2024_A.",https://nces.ed.gov/ipeds/datacenter/DataFiles.aspx,medium,No,2026-09-09
us:ipeds:163912,St. Mary's College of Maryland,United States,,,mechanical_program_screening,No configured primary or secondary CIP completion signal in the three frozen IPEDS graduate first-major completions files; catalog-only and new programs remain a known gap.,"No positive-completion row at award levels 7/17/18/19 for any configured primary or secondary CIP in C2022_A, C2023_A, or C2024_A.",https://nces.ed.gov/ipeds/datacenter/DataFiles.aspx,medium,No,2026-09-09
us:ipeds:163976,St. John's College,United States,,,mechanical_program_screening,No configured primary or secondary CIP completion signal in the three frozen IPEDS graduate first-major completions files; catalog-only and new programs remain a known gap.,"No positive-completion row at award levels 7/17/18/19 for any configured primary or secondary CIP in C2022_A, C2023_A, or C2024_A.",https://nces.ed.gov/ipeds/datacenter/DataFiles.aspx,medium,No,2026-09-09
us:ipeds:164085,Maryland University of Integrative Health,United States,,,mechanical_program_screening,No configured primary or secondary CIP completion signal in the three frozen IPEDS graduate first-major completions files; catalog-only and new programs remain a known gap.,"No positive-completion row at award levels 7/17/18/19 for any configured primary or secondary CIP in C2022_A, C2023_A, or C2024_A.",https://nces.ed.gov/ipeds/datacenter/DataFiles.aspx,medium,No,2026-09-09
us:ipeds:164146,University System of Maryland,United States,,,mechanical_program_screening,No configured primary or secondary CIP completion signal in the three frozen IPEDS graduate first-major completions files; catalog-only and new programs remain a known gap.,"No positive-completion row at award levels 7/17/18/19 for any configured primary or secondary CIP in C2022_A, C2023_A, or C2024_A.",https://nces.ed.gov/ipeds/datacenter/DataFiles.aspx,medium,No,2026-09-09
us:ipeds:164270,McDaniel College,United States,,,mechanical_program_screening,No configured primary or secondary CIP completion signal in the three frozen IPEDS graduate first-major completions files; catalog-only and new programs remain a known gap.,"No positive-completion row at award levels 7/17/18/19 for any configured primary or secondary CIP in C2022_A, C2023_A, or C2024_A.",https://nces.ed.gov/ipeds/datacenter/DataFiles.aspx,medium,No,2026-09-09
us:ipeds:164368,Hult International Business School,United States,,,mechanical_program_screening,No configured primary or secondary CIP completion signal in the three frozen IPEDS graduate first-major completions files; catalog-only and new programs remain a known gap.,"No positive-completion row at award levels 7/17/18/19 for any configured primary or secondary CIP in C2022_A, C2023_A, or C2024_A.",https://nces.ed.gov/ipeds/datacenter/DataFiles.aspx,medium,No,2026-09-09
us:ipeds:164447,American International College,United States,,,mechanical_program_screening,No configured primary or secondary CIP completion signal in the three frozen IPEDS graduate first-major completions files; catalog-only and new programs remain a known gap.,"No positive-completion row at award levels 7/17/18/19 for any configured primary or secondary CIP in C2022_A, C2023_A, or C2024_A.",https://nces.ed.gov/ipeds/datacenter/DataFiles.aspx,medium,No,2026-09-09
us:ipeds:164492,Anna Maria College,United States,,,mechanical_program_screening,No configured primary or secondary CIP completion signal in the three frozen IPEDS graduate first-major completions files; catalog-only and new programs remain a known gap.,"No positive-completion row at award levels 7/17/18/19 for any configured primary or secondary CIP in C2022_A, C2023_A, or C2024_A.",https://nces.ed.gov/ipeds/datacenter/DataFiles.aspx,medium,No,2026-09-09
us:ipeds:164562,Assumption University,United States,,,mechanical_program_screening,No configured primary or secondary CIP completion signal in the three frozen IPEDS graduate first-major completions files; catalog-only and new programs remain a known gap.,"No positive-completion row at award levels 7/17/18/19 for any configured primary or secondary CIP in C2022_A, C2023_A, or C2024_A.",https://nces.ed.gov/ipeds/datacenter/DataFiles.aspx,medium,No,2026-09-09
us:ipeds:164580,Babson College,United States,,,mechanical_program_screening,No configured primary or secondary CIP completion signal in the three frozen IPEDS graduate first-major completions files; catalog-only and new programs remain a known gap.,"No positive-completion row at award levels 7/17/18/19 for any configured primary or secondary CIP in C2022_A, C2023_A, or C2024_A.",https://nces.ed.gov/ipeds/datacenter/DataFiles.aspx,medium,No,2026-09-09
us:ipeds:164632,Bay Path University,United States,,,mechanical_program_screening,No configured primary or secondary CIP completion signal in the three frozen IPEDS graduate first-major completions files; catalog-only and new programs remain a known gap.,"No positive-completion row at award levels 7/17/18/19 for any configured primary or secondary CIP in C2022_A, C2023_A, or C2024_A.",https://nces.ed.gov/ipeds/datacenter/DataFiles.aspx,medium,No,2026-09-09
us:ipeds:164748,Berklee College of Music,United States,,,mechanical_program_screening,No configured primary or secondary CIP completion signal in the three frozen IPEDS graduate first-major completions files; catalog-only and new programs remain a known gap.,"No positive-completion row at award levels 7/17/18/19 for any configured primary or secondary CIP in C2022_A, C2023_A, or C2024_A.",https://nces.ed.gov/ipeds/datacenter/DataFiles.aspx,medium,No,2026-09-09
us:ipeds:164872,Boston Architectural College,United States,,,mechanical_program_screening,No configured primary or secondary CIP completion signal in the three frozen IPEDS graduate first-major completions files; catalog-only and new programs remain a known gap.,"No positive-completion row at award levels 7/17/18/19 for any configured primary or secondary CIP in C2022_A, C2023_A, or C2024_A.",https://nces.ed.gov/ipeds/datacenter/DataFiles.aspx,medium,No,2026-09-09
us:ipeds:164915,Boston Graduate School of Psychoanalysis Inc,United States,,,mechanical_program_screening,No configured primary or secondary CIP completion signal in the three frozen IPEDS graduate first-major completions files; catalog-only and new programs remain a known gap.,"No positive-completion row at award levels 7/17/18/19 for any configured primary or secondary CIP in C2022_A, C2023_A, or C2024_A.",https://nces.ed.gov/ipeds/datacenter/DataFiles.aspx,medium,No,2026-09-09
us:ipeds:165167,Cambridge College,United States,,,mechanical_program_screening,No configured primary or secondary CIP completion signal in the three frozen IPEDS graduate first-major completions files; catalog-only and new programs remain a known gap.,"No positive-completion row at award levels 7/17/18/19 for any configured primary or secondary CIP in C2022_A, C2023_A, or C2024_A.",https://nces.ed.gov/ipeds/datacenter/DataFiles.aspx,medium,No,2026-09-09
us:ipeds:165495,Conway School of Landscape Design,United States,,,mechanical_program_screening,No configured primary or secondary CIP completion signal in the three frozen IPEDS graduate first-major completions files; catalog-only and new programs remain a known gap.,"No positive-completion row at award levels 7/17/18/19 for any configured primary or secondary CIP in C2022_A, C2023_A, or C2024_A.",https://nces.ed.gov/ipeds/datacenter/DataFiles.aspx,medium,No,2026-09-09
us:ipeds:165529,Curry College,United States,,,mechanical_program_screening,No configured primary or secondary CIP completion signal in the three frozen IPEDS graduate first-major completions files; catalog-only and new programs remain a known gap.,"No positive-completion row at award levels 7/17/18/19 for any configured primary or secondary CIP in C2022_A, C2023_A, or C2024_A.",https://nces.ed.gov/ipeds/datacenter/DataFiles.aspx,medium,No,2026-09-09
us:ipeds:165644,Eastern Nazarene College,United States,,,mechanical_program_screening,No configured primary or secondary CIP completion signal in the three frozen IPEDS graduate first-major completions files; catalog-only and new programs remain a known gap.,"No positive-completion row at award levels 7/17/18/19 for any configured primary or secondary CIP in C2022_A, C2023_A, or C2024_A.",https://nces.ed.gov/ipeds/datacenter/DataFiles.aspx,medium,No,2026-09-09
us:ipeds:165662,Emerson College,United States,,,mechanical_program_screening,No configured primary or secondary CIP completion signal in the three frozen IPEDS graduate first-major completions files; catalog-only and new programs remain a known gap.,"No positive-completion row at award levels 7/17/18/19 for any configured primary or secondary CIP in C2022_A, C2023_A, or C2024_A.",https://nces.ed.gov/ipeds/datacenter/DataFiles.aspx,medium,No,2026-09-09
us:ipeds:165671,Emmanuel College,United States,,,mechanical_program_screening,No configured primary or secondary CIP completion signal in the three frozen IPEDS graduate first-major completions files; catalog-only and new programs remain a known gap.,"No positive-completion row at award levels 7/17/18/19 for any configured primary or secondary CIP in C2022_A, C2023_A, or C2024_A.",https://nces.ed.gov/ipeds/datacenter/DataFiles.aspx,medium,No,2026-09-09
us:ipeds:165802,Fisher College,United States,,,mechanical_program_screening,No configured primary or secondary CIP completion signal in the three frozen IPEDS graduate first-major completions files; catalog-only and new programs remain a known gap.,"No positive-completion row at award levels 7/17/18/19 for any configured primary or secondary CIP in C2022_A, C2023_A, or C2024_A.",https://nces.ed.gov/ipeds/datacenter/DataFiles.aspx,medium,No,2026-09-09
us:ipeds:165866,Framingham State University,United States,,,mechanical_program_screening,No configured primary or secondary CIP completion signal in the three frozen IPEDS graduate first-major completions files; catalog-only and new programs remain a known gap.,"No positive-completion row at award levels 7/17/18/19 for any configured primary or secondary CIP in C2022_A, C2023_A, or C2024_A.",https://nces.ed.gov/ipeds/datacenter/DataFiles.aspx,medium,No,2026-09-09
us:ipeds:165936,Gordon College,United States,,,mechanical_program_screening,No configured primary or secondary CIP completion signal in the three frozen IPEDS graduate first-major completions files; catalog-only and new programs remain a known gap.,"No positive-completion row at award levels 7/17/18/19 for any configured primary or secondary CIP in C2022_A, C2023_A, or C2024_A.",https://nces.ed.gov/ipeds/datacenter/DataFiles.aspx,medium,No,2026-09-09
us:ipeds:165945,Gordon-Conwell Theological Seminary,United States,,,mechanical_program_screening,No configured primary or secondary CIP completion signal in the three frozen IPEDS graduate first-major completions files; catalog-only and new programs remain a known gap.,"No positive-completion row at award levels 7/17/18/19 for any configured primary or secondary CIP in C2022_A, C2023_A, or C2024_A.",https://nces.ed.gov/ipeds/datacenter/DataFiles.aspx,medium,No,2026-09-09
us:ipeds:166045,Hebrew College,United States,,,mechanical_program_screening,No configured primary or secondary CIP completion signal in the three frozen IPEDS graduate first-major completions files; catalog-only and new programs remain a known gap.,"No positive-completion row at award levels 7/17/18/19 for any configured primary or secondary CIP in C2022_A, C2023_A, or C2024_A.",https://nces.ed.gov/ipeds/datacenter/DataFiles.aspx,medium,No,2026-09-09
us:ipeds:166054,Hellenic College-Holy Cross Greek Orthodox School of Theology,United States,,,mechanical_program_screening,No configured primary or secondary CIP completion signal in the three frozen IPEDS graduate first-major completions files; catalog-only and new programs remain a known gap.,"No positive-completion row at award levels 7/17/18/19 for any configured primary or secondary CIP in C2022_A, C2023_A, or C2024_A.",https://nces.ed.gov/ipeds/datacenter/DataFiles.aspx,medium,No,2026-09-09
us:ipeds:166391,Lasell University,United States,,,mechanical_program_screening,No configured primary or secondary CIP completion signal in the three frozen IPEDS graduate first-major completions files; catalog-only and new programs remain a known gap.,"No positive-completion row at award levels 7/17/18/19 for any configured primary or secondary CIP in C2022_A, C2023_A, or C2024_A.",https://nces.ed.gov/ipeds/datacenter/DataFiles.aspx,medium,No,2026-09-09
us:ipeds:166452,Lesley University,United States,,,mechanical_program_screening,No configured primary or secondary CIP completion signal in the three frozen IPEDS graduate first-major completions files; catalog-only and new programs remain a known gap.,"No positive-completion row at award levels 7/17/18/19 for any configured primary or secondary CIP in C2022_A, C2023_A, or C2024_A.",https://nces.ed.gov/ipeds/datacenter/DataFiles.aspx,medium,No,2026-09-09
us:ipeds:166489,Longy School of Music of Bard College,United States,,,mechanical_program_screening,No configured primary or secondary CIP completion signal in the three frozen IPEDS graduate first-major completions files; catalog-only and new programs remain a known gap.,"No positive-completion row at award levels 7/17/18/19 for any configured primary or secondary CIP in C2022_A, C2023_A, or C2024_A.",https://nces.ed.gov/ipeds/datacenter/DataFiles.aspx,medium,No,2026-09-09
us:ipeds:166656,MCPHS University,United States,,,mechanical_program_screening,No configured primary or secondary CIP completion signal in the three frozen IPEDS graduate first-major completions files; catalog-only and new programs remain a known gap.,"No positive-completion row at award levels 7/17/18/19 for any configured primary or secondary CIP in C2022_A, C2023_A, or C2024_A.",https://nces.ed.gov/ipeds/datacenter/DataFiles.aspx,medium,No,2026-09-09
us:ipeds:166665,University of Massachusetts-Central Office,United States,,,mechanical_program_screening,No configured primary or secondary CIP completion signal in the three frozen IPEDS graduate first-major completions files; catalog-only and new programs remain a known gap.,"No positive-completion row at award levels 7/17/18/19 for any configured primary or secondary CIP in C2022_A, C2023_A, or C2024_A.",https://nces.ed.gov/ipeds/datacenter/DataFiles.aspx,medium,No,2026-09-09
us:ipeds:166674,Massachusetts College of Art and Design,United States,,,mechanical_program_screening,No configured primary or secondary CIP completion signal in the three frozen IPEDS graduate first-major completions files; catalog-only and new programs remain a known gap.,"No positive-completion row at award levels 7/17/18/19 for any configured primary or secondary CIP in C2022_A, C2023_A, or C2024_A.",https://nces.ed.gov/ipeds/datacenter/DataFiles.aspx,medium,No,2026-09-09
us:ipeds:166692,Massachusetts Maritime Academy,United States,,,mechanical_program_screening,No configured primary or secondary CIP completion signal in the three frozen IPEDS graduate first-major completions files; catalog-only and new programs remain a known gap.,"No positive-completion row at award levels 7/17/18/19 for any configured primary or secondary CIP in C2022_A, C2023_A, or C2024_A.",https://nces.ed.gov/ipeds/datacenter/DataFiles.aspx,medium,No,2026-09-09
us:ipeds:166708,University of Massachusetts Chan Medical School,United States,,,mechanical_program_screening,No configured primary or secondary CIP completion signal in the three frozen IPEDS graduate first-major completions files; catalog-only and new programs remain a known gap.,"No positive-completion row at award levels 7/17/18/19 for any configured primary or secondary CIP in C2022_A, C2023_A, or C2024_A.",https://nces.ed.gov/ipeds/datacenter/DataFiles.aspx,medium,No,2026-09-09
us:ipeds:166717,William James College,United States,,,mechanical_program_screening,No configured primary or secondary CIP completion signal in the three frozen IPEDS graduate first-major completions files; catalog-only and new programs remain a known gap.,"No positive-completion row at award levels 7/17/18/19 for any configured primary or secondary CIP in C2022_A, C2023_A, or C2024_A.",https://nces.ed.gov/ipeds/datacenter/DataFiles.aspx,medium,No,2026-09-09
us:ipeds:166939,Mount Holyoke College,United States,,,mechanical_program_screening,No configured primary or secondary CIP completion signal in the three frozen IPEDS graduate first-major completions files; catalog-only and new programs remain a known gap.,"No positive-completion row at award levels 7/17/18/19 for any configured primary or secondary CIP in C2022_A, C2023_A, or C2024_A.",https://nces.ed.gov/ipeds/datacenter/DataFiles.aspx,medium,No,2026-09-09
us:ipeds:167057,The New England Conservatory of Music,United States,,,mechanical_program_screening,No configured primary or secondary CIP completion signal in the three frozen IPEDS graduate first-major completions files; catalog-only and new programs remain a known gap.,"No positive-completion row at award levels 7/17/18/19 for any configured primary or secondary CIP in C2022_A, C2023_A, or C2024_A.",https://nces.ed.gov/ipeds/datacenter/DataFiles.aspx,medium,No,2026-09-09
us:ipeds:167093,New England College of Optometry,United States,,,mechanical_program_screening,No configured primary or secondary CIP completion signal in the three frozen IPEDS graduate first-major completions files; catalog-only and new programs remain a known gap.,"No positive-completion row at award levels 7/17/18/19 for any configured primary or secondary CIP in C2022_A, C2023_A, or C2024_A.",https://nces.ed.gov/ipeds/datacenter/DataFiles.aspx,medium,No,2026-09-09
us:ipeds:167215,New England Law-Boston,United States,,,mechanical_program_screening,No configured primary or secondary CIP completion signal in the three frozen IPEDS graduate first-major completions files; catalog-only and new programs remain a known gap.,"No positive-completion row at award levels 7/17/18/19 for any configured primary or secondary CIP in C2022_A, C2023_A, or C2024_A.",https://nces.ed.gov/ipeds/datacenter/DataFiles.aspx,medium,No,2026-09-09
us:ipeds:167260,Nichols College,United States,,,mechanical_program_screening,No configured primary or secondary CIP completion signal in the three frozen IPEDS graduate first-major completions files; catalog-only and new programs remain a known gap.,"No positive-completion row at award levels 7/17/18/19 for any configured primary or secondary CIP in C2022_A, C2023_A, or C2024_A.",https://nces.ed.gov/ipeds/datacenter/DataFiles.aspx,medium,No,2026-09-09
us:ipeds:167288,Massachusetts College of Liberal Arts,United States,,,mechanical_program_screening,No configured primary or secondary CIP completion signal in the three frozen IPEDS graduate first-major completions files; catalog-only and new programs remain a known gap.,"No positive-completion row at award levels 7/17/18/19 for any configured primary or secondary CIP in C2022_A, C2023_A, or C2024_A.",https://nces.ed.gov/ipeds/datacenter/DataFiles.aspx,medium,No,2026-09-09
us:ipeds:167394,College of Our Lady of the Elms,United States,,,mechanical_program_screening,No configured primary or secondary CIP completion signal in the three frozen IPEDS graduate first-major completions files; catalog-only and new programs remain a known gap.,"No positive-completion row at award levels 7/17/18/19 for any configured primary or secondary CIP in C2022_A, C2023_A, or C2024_A.",https://nces.ed.gov/ipeds/datacenter/DataFiles.aspx,medium,No,2026-09-09
us:ipeds:167464,Pope St John XXIII National Seminary,United States,,,mechanical_program_screening,No configured primary or secondary CIP completion signal in the three frozen IPEDS graduate first-major completions files; catalog-only and new programs remain a known gap.,"No positive-completion row at award levels 7/17/18/19 for any configured primary or secondary CIP in C2022_A, C2023_A, or C2024_A.",https://nces.ed.gov/ipeds/datacenter/DataFiles.aspx,medium,No,2026-09-09
us:ipeds:167598,Regis College,United States,,,mechanical_program_screening,No configured primary or secondary CIP completion signal in the three frozen IPEDS graduate first-major completions files; catalog-only and new programs remain a known gap.,"No positive-completion row at award levels 7/17/18/19 for any configured primary or secondary CIP in C2022_A, C2023_A, or C2024_A.",https://nces.ed.gov/ipeds/datacenter/DataFiles.aspx,medium,No,2026-09-09
us:ipeds:167677,Saint John's Seminary,United States,,,mechanical_program_screening,No configured primary or secondary CIP completion signal in the three frozen IPEDS graduate first-major completions files; catalog-only and new programs remain a known gap.,"No positive-completion row at award levels 7/17/18/19 for any configured primary or secondary CIP in C2022_A, C2023_A, or C2024_A.",https://nces.ed.gov/ipeds/datacenter/DataFiles.aspx,medium,No,2026-09-09
us:ipeds:167729,Salem State University,United States,,,mechanical_program_screening,No configured primary or secondary CIP completion signal in the three frozen IPEDS graduate first-major completions files; catalog-only and new programs remain a known gap.,"No positive-completion row at award levels 7/17/18/19 for any configured primary or secondary CIP in C2022_A, C2023_A, or C2024_A.",https://nces.ed.gov/ipeds/datacenter/DataFiles.aspx,medium,No,2026-09-09
us:ipeds:167783,Simmons University,United States,,,mechanical_program_screening,No configured primary or secondary CIP completion signal in the three frozen IPEDS graduate first-major completions files; catalog-only and new programs remain a known gap.,"No positive-completion row at award levels 7/17/18/19 for any configured primary or secondary CIP in C2022_A, C2023_A, or C2024_A.",https://nces.ed.gov/ipeds/datacenter/DataFiles.aspx,medium,No,2026-09-09
us:ipeds:167835,Smith College,United States,,,mechanical_program_screening,No configured primary or secondary CIP completion signal in the three frozen IPEDS graduate first-major completions files; catalog-only and new programs remain a known gap.,"No positive-completion row at award levels 7/17/18/19 for any configured primary or secondary CIP in C2022_A, C2023_A, or C2024_A.",https://nces.ed.gov/ipeds/datacenter/DataFiles.aspx,medium,No,2026-09-09
us:ipeds:167899,Springfield College,United States,,,mechanical_program_screening,No configured primary or secondary CIP completion signal in the three frozen IPEDS graduate first-major completions files; catalog-only and new programs remain a known gap.,"No positive-completion row at award levels 7/17/18/19 for any configured primary or secondary CIP in C2022_A, C2023_A, or C2024_A.",https://nces.ed.gov/ipeds/datacenter/DataFiles.aspx,medium,No,2026-09-09
us:ipeds:167996,Stonehill College,United States,,,mechanical_program_screening,No configured primary or secondary CIP completion signal in the three frozen IPEDS graduate first-major completions files; catalog-only and new programs remain a known gap.,"No positive-completion row at award levels 7/17/18/19 for any configured primary or secondary CIP in C2022_A, C2023_A, or C2024_A.",https://nces.ed.gov/ipeds/datacenter/DataFiles.aspx,medium,No,2026-09-09
us:ipeds:168005,Suffolk University,United States,,,mechanical_program_screening,No configured primary or secondary CIP completion signal in the three frozen IPEDS graduate first-major completions files; catalog-only and new programs remain a known gap.,"No positive-completion row at award levels 7/17/18/19 for any configured primary or secondary CIP in C2022_A, C2023_A, or C2024_A.",https://nces.ed.gov/ipeds/datacenter/DataFiles.aspx,medium,No,2026-09-09
us:ipeds:168263,Westfield State University,United States,,,mechanical_program_screening,No configured primary or secondary CIP completion signal in the three frozen IPEDS graduate first-major completions files; catalog-only and new programs remain a known gap.,"No positive-completion row at award levels 7/17/18/19 for any configured primary or secondary CIP in C2022_A, C2023_A, or C2024_A.",https://nces.ed.gov/ipeds/datacenter/DataFiles.aspx,medium,No,2026-09-09
us:ipeds:168342,Williams College,United States,,,mechanical_program_screening,No configured primary or secondary CIP completion signal in the three frozen IPEDS graduate first-major completions files; catalog-only and new programs remain a known gap.,"No positive-completion row at award levels 7/17/18/19 for any configured primary or secondary CIP in C2022_A, C2023_A, or C2024_A.",https://nces.ed.gov/ipeds/datacenter/DataFiles.aspx,medium,No,2026-09-09
us:ipeds:168430,Worcester State University,United States,,,mechanical_program_screening,No configured primary or secondary CIP completion signal in the three frozen IPEDS graduate first-major completions files; catalog-only and new programs remain a known gap.,"No positive-completion row at award levels 7/17/18/19 for any configured primary or secondary CIP in C2022_A, C2023_A, or C2024_A.",https://nces.ed.gov/ipeds/datacenter/DataFiles.aspx,medium,No,2026-09-09
us:ipeds:168528,Adrian College,United States,,,mechanical_program_screening,No configured primary or secondary CIP completion signal in the three frozen IPEDS graduate first-major completions files; catalog-only and new programs remain a known gap.,"No positive-completion row at award levels 7/17/18/19 for any configured primary or secondary CIP in C2022_A, C2023_A, or C2024_A.",https://nces.ed.gov/ipeds/datacenter/DataFiles.aspx,medium,No,2026-09-09
us:ipeds:168591,Alma College,United States,,,mechanical_program_screening,No configured primary or secondary CIP completion signal in the three frozen IPEDS graduate first-major completions files; catalog-only and new programs remain a known gap.,"No positive-completion row at award levels 7/17/18/19 for any configured primary or secondary CIP in C2022_A, C2023_A, or C2024_A.",https://nces.ed.gov/ipeds/datacenter/DataFiles.aspx,medium,No,2026-09-09
us:ipeds:168740,Andrews University,United States,,,mechanical_program_screening,No configured primary or secondary CIP completion signal in the three frozen IPEDS graduate first-major completions files; catalog-only and new programs remain a known gap.,"No positive-completion row at award levels 7/17/18/19 for any configured primary or secondary CIP in C2022_A, C2023_A, or C2024_A.",https://nces.ed.gov/ipeds/datacenter/DataFiles.aspx,medium,No,2026-09-09
us:ipeds:168786,Aquinas College,United States,,,mechanical_program_screening,No configured primary or secondary CIP completion signal in the three frozen IPEDS graduate first-major completions files; catalog-only and new programs remain a known gap.,"No positive-completion row at award levels 7/17/18/19 for any configured primary or secondary CIP in C2022_A, C2023_A, or C2024_A.",https://nces.ed.gov/ipeds/datacenter/DataFiles.aspx,medium,No,2026-09-09
us:ipeds:169080,Calvin University,United States,,,mechanical_program_screening,No configured primary or secondary CIP completion signal in the three frozen IPEDS graduate first-major completions files; catalog-only and new programs remain a known gap.,"No positive-completion row at award levels 7/17/18/19 for any configured primary or secondary CIP in C2022_A, C2023_A, or C2024_A.",https://nces.ed.gov/ipeds/datacenter/DataFiles.aspx,medium,No,2026-09-09
us:ipeds:169099,Calvin Theological Seminary,United States,,,mechanical_program_screening,No configured primary or secondary CIP completion signal in the three frozen IPEDS graduate first-major completions files; catalog-only and new programs remain a known gap.,"No positive-completion row at award levels 7/17/18/19 for any configured primary or secondary CIP in C2022_A, C2023_A, or C2024_A.",https://nces.ed.gov/ipeds/datacenter/DataFiles.aspx,medium,No,2026-09-09
us:ipeds:169220,Michigan School of Psychology,United States,,,mechanical_program_screening,No configured primary or secondary CIP completion signal in the three frozen IPEDS graduate first-major completions files; catalog-only and new programs remain a known gap.,"No positive-completion row at award levels 7/17/18/19 for any configured primary or secondary CIP in C2022_A, C2023_A, or C2024_A.",https://nces.ed.gov/ipeds/datacenter/DataFiles.aspx,medium,No,2026-09-09
us:ipeds:169327,Cleary University,United States,,,mechanical_program_screening,No configured primary or secondary CIP completion signal in the three frozen IPEDS graduate first-major completions files; catalog-only and new programs remain a known gap.,"No positive-completion row at award levels 7/17/18/19 for any configured primary or secondary CIP in C2022_A, C2023_A, or C2024_A.",https://nces.ed.gov/ipeds/datacenter/DataFiles.aspx,medium,No,2026-09-09
us:ipeds:169424,Cranbrook Academy of Art,United States,,,mechanical_program_screening,No configured primary or secondary CIP completion signal in the three frozen IPEDS graduate first-major completions files; catalog-only and new programs remain a known gap.,"No positive-completion row at award levels 7/17/18/19 for any configured primary or secondary CIP in C2022_A, C2023_A, or C2024_A.",https://nces.ed.gov/ipeds/datacenter/DataFiles.aspx,medium,No,2026-09-09
us:ipeds:169442,College for Creative Studies,United States,,,mechanical_program_screening,No configured primary or secondary CIP completion signal in the three frozen IPEDS graduate first-major completions files; catalog-only and new programs remain a known gap.,"No positive-completion row at award levels 7/17/18/19 for any configured primary or secondary CIP in C2022_A, C2023_A, or C2024_A.",https://nces.ed.gov/ipeds/datacenter/DataFiles.aspx,medium,No,2026-09-09
us:ipeds:170000,Grace Christian University,United States,,,mechanical_program_screening,No configured primary or secondary CIP completion signal in the three frozen IPEDS graduate first-major completions files; catalog-only and new programs remain a known gap.,"No positive-completion row at award levels 7/17/18/19 for any configured primary or secondary CIP in C2022_A, C2023_A, or C2024_A.",https://nces.ed.gov/ipeds/datacenter/DataFiles.aspx,medium,No,2026-09-09
us:ipeds:170037,Cornerstone University,United States,,,mechanical_program_screening,No configured primary or secondary CIP completion signal in the three frozen IPEDS graduate first-major completions files; catalog-only and new programs remain a known gap.,"No positive-completion row at award levels 7/17/18/19 for any configured primary or secondary CIP in C2022_A, C2023_A, or C2024_A.",https://nces.ed.gov/ipeds/datacenter/DataFiles.aspx,medium,No,2026-09-09
us:ipeds:170286,Hillsdale College,United States,,,mechanical_program_screening,No configured primary or secondary CIP completion signal in the three frozen IPEDS graduate first-major completions files; catalog-only and new programs remain a known gap.,"No positive-completion row at award levels 7/17/18/19 for any configured primary or secondary CIP in C2022_A, C2023_A, or C2024_A.",https://nces.ed.gov/ipeds/datacenter/DataFiles.aspx,medium,No,2026-09-09
us:ipeds:170639,Lake Superior State University,United States,,,mechanical_program_screening,No configured primary or secondary CIP completion signal in the three frozen IPEDS graduate first-major completions files; catalog-only and new programs remain a known gap.,"No positive-completion row at award levels 7/17/18/19 for any configured primary or secondary CIP in C2022_A, C2023_A, or C2024_A.",https://nces.ed.gov/ipeds/datacenter/DataFiles.aspx,medium,No,2026-09-09
us:ipeds:170806,Madonna University,United States,,,mechanical_program_screening,No configured primary or secondary CIP completion signal in the three frozen IPEDS graduate first-major completions files; catalog-only and new programs remain a known gap.,"No positive-completion row at award levels 7/17/18/19 for any configured primary or secondary CIP in C2022_A, C2023_A, or C2024_A.",https://nces.ed.gov/ipeds/datacenter/DataFiles.aspx,medium,No,2026-09-09
us:ipeds:170967,Rochester University,United States,,,mechanical_program_screening,No configured primary or secondary CIP completion signal in the three frozen IPEDS graduate first-major completions files; catalog-only and new programs remain a known gap.,"No positive-completion row at award levels 7/17/18/19 for any configured primary or secondary CIP in C2022_A, C2023_A, or C2024_A.",https://nces.ed.gov/ipeds/datacenter/DataFiles.aspx,medium,No,2026-09-09
us:ipeds:171492,Northwood University,United States,,,mechanical_program_screening,No configured primary or secondary CIP completion signal in the three frozen IPEDS graduate first-major completions files; catalog-only and new programs remain a known gap.,"No positive-completion row at award levels 7/17/18/19 for any configured primary or secondary CIP in C2022_A, C2023_A, or C2024_A.",https://nces.ed.gov/ipeds/datacenter/DataFiles.aspx,medium,No,2026-09-09
us:ipeds:171599,The University of Olivet,United States,,,mechanical_program_screening,No configured primary or secondary CIP completion signal in the three frozen IPEDS graduate first-major completions files; catalog-only and new programs remain a known gap.,"No positive-completion row at award levels 7/17/18/19 for any configured primary or secondary CIP in C2022_A, C2023_A, or C2024_A.",https://nces.ed.gov/ipeds/datacenter/DataFiles.aspx,medium,No,2026-09-09
us:ipeds:171881,Kuyper College,United States,,,mechanical_program_screening,No configured primary or secondary CIP completion signal in the three frozen IPEDS graduate first-major completions files; catalog-only and new programs remain a known gap.,"No positive-completion row at award levels 7/17/18/19 for any configured primary or secondary CIP in C2022_A, C2023_A, or C2024_A.",https://nces.ed.gov/ipeds/datacenter/DataFiles.aspx,medium,No,2026-09-09
us:ipeds:172033,Sacred Heart Major Seminary,United States,,,mechanical_program_screening,No configured primary or secondary CIP completion signal in the three frozen IPEDS graduate first-major completions files; catalog-only and new programs remain a known gap.,"No positive-completion row at award levels 7/17/18/19 for any configured primary or secondary CIP in C2022_A, C2023_A, or C2024_A.",https://nces.ed.gov/ipeds/datacenter/DataFiles.aspx,medium,No,2026-09-09
us:ipeds:172264,Siena Heights University,United States,,,mechanical_program_screening,No configured primary or secondary CIP completion signal in the three frozen IPEDS graduate first-major completions files; catalog-only and new programs remain a known gap.,"No positive-completion row at award levels 7/17/18/19 for any configured primary or secondary CIP in C2022_A, C2023_A, or C2024_A.",https://nces.ed.gov/ipeds/datacenter/DataFiles.aspx,medium,No,2026-09-09
us:ipeds:172334,Spring Arbor University,United States,,,mechanical_program_screening,No configured primary or secondary CIP completion signal in the three frozen IPEDS graduate first-major completions files; catalog-only and new programs remain a known gap.,"No positive-completion row at award levels 7/17/18/19 for any configured primary or secondary CIP in C2022_A, C2023_A, or C2024_A.",https://nces.ed.gov/ipeds/datacenter/DataFiles.aspx,medium,No,2026-09-09
us:ipeds:172477,Thomas M Cooley Law School,United States,,,mechanical_program_screening,No configured primary or secondary CIP completion signal in the three frozen IPEDS graduate first-major completions files; catalog-only and new programs remain a known gap.,"No positive-completion row at award levels 7/17/18/19 for any configured primary or secondary CIP in C2022_A, C2023_A, or C2024_A.",https://nces.ed.gov/ipeds/datacenter/DataFiles.aspx,medium,No,2026-09-09
us:ipeds:172705,Western Theological Seminary,United States,,,mechanical_program_screening,No configured primary or secondary CIP completion signal in the three frozen IPEDS graduate first-major completions files; catalog-only and new programs remain a known gap.,"No positive-completion row at award levels 7/17/18/19 for any configured primary or secondary CIP in C2022_A, C2023_A, or C2024_A.",https://nces.ed.gov/ipeds/datacenter/DataFiles.aspx,medium,No,2026-09-09
us:ipeds:173045,Augsburg University,United States,,,mechanical_program_screening,No configured primary or secondary CIP completion signal in the three frozen IPEDS graduate first-major completions files; catalog-only and new programs remain a known gap.,"No positive-completion row at award levels 7/17/18/19 for any configured primary or secondary CIP in C2022_A, C2023_A, or C2024_A.",https://nces.ed.gov/ipeds/datacenter/DataFiles.aspx,medium,No,2026-09-09
us:ipeds:173124,Bemidji State University,United States,,,mechanical_program_screening,No configured primary or secondary CIP completion signal in the three frozen IPEDS graduate first-major completions files; catalog-only and new programs remain a known gap.,"No positive-completion row at award levels 7/17/18/19 for any configured primary or secondary CIP in C2022_A, C2023_A, or C2024_A.",https://nces.ed.gov/ipeds/datacenter/DataFiles.aspx,medium,No,2026-09-09
us:ipeds:173142,Bethany Lutheran College,United States,,,mechanical_program_screening,No configured primary or secondary CIP completion signal in the three frozen IPEDS graduate first-major completions files; catalog-only and new programs remain a known gap.,"No positive-completion row at award levels 7/17/18/19 for any configured primary or secondary CIP in C2022_A, C2023_A, or C2024_A.",https://nces.ed.gov/ipeds/datacenter/DataFiles.aspx,medium,No,2026-09-09
us:ipeds:173160,Bethel University,United States,,,mechanical_program_screening,No configured primary or secondary CIP completion signal in the three frozen IPEDS graduate first-major completions files; catalog-only and new programs remain a known gap.,"No positive-completion row at award levels 7/17/18/19 for any configured primary or secondary CIP in C2022_A, C2023_A, or C2024_A.",https://nces.ed.gov/ipeds/datacenter/DataFiles.aspx,medium,No,2026-09-09
us:ipeds:173300,Concordia College at Moorhead,United States,,,mechanical_program_screening,No configured primary or secondary CIP completion signal in the three frozen IPEDS graduate first-major completions files; catalog-only and new programs remain a known gap.,"No positive-completion row at award levels 7/17/18/19 for any configured primary or secondary CIP in C2022_A, C2023_A, or C2024_A.",https://nces.ed.gov/ipeds/datacenter/DataFiles.aspx,medium,No,2026-09-09
us:ipeds:173452,Martin Luther College,United States,,,mechanical_program_screening,No configured primary or secondary CIP completion signal in the three frozen IPEDS graduate first-major completions files; catalog-only and new programs remain a known gap.,"No positive-completion row at award levels 7/17/18/19 for any configured primary or secondary CIP in C2022_A, C2023_A, or C2024_A.",https://nces.ed.gov/ipeds/datacenter/DataFiles.aspx,medium,No,2026-09-09
us:ipeds:173647,Gustavus Adolphus College,United States,,,mechanical_program_screening,No configured primary or secondary CIP completion signal in the three frozen IPEDS graduate first-major completions files; catalog-only and new programs remain a known gap.,"No positive-completion row at award levels 7/17/18/19 for any configured primary or secondary CIP in C2022_A, C2023_A, or C2024_A.",https://nces.ed.gov/ipeds/datacenter/DataFiles.aspx,medium,No,2026-09-09
us:ipeds:173665,Hamline University,United States,,,mechanical_program_screening,No configured primary or secondary CIP completion signal in the three frozen IPEDS graduate first-major completions files; catalog-only and new programs remain a known gap.,"No positive-completion row at award levels 7/17/18/19 for any configured primary or secondary CIP in C2022_A, C2023_A, or C2024_A.",https://nces.ed.gov/ipeds/datacenter/DataFiles.aspx,medium,No,2026-09-09
us:ipeds:173683,Hazelden Betty Ford Graduate School,United States,,,mechanical_program_screening,No configured primary or secondary CIP completion signal in the three frozen IPEDS graduate first-major completions files; catalog-only and new programs remain a known gap.,"No positive-completion row at award levels 7/17/18/19 for any configured primary or secondary CIP in C2022_A, C2023_A, or C2024_A.",https://nces.ed.gov/ipeds/datacenter/DataFiles.aspx,medium,No,2026-09-09
us:ipeds:173896,Luther Seminary,United States,,,mechanical_program_screening,No configured primary or secondary CIP completion signal in the three frozen IPEDS graduate first-major completions files; catalog-only and new programs remain a known gap.,"No positive-completion row at award levels 7/17/18/19 for any configured primary or secondary CIP in C2022_A, C2023_A, or C2024_A.",https://nces.ed.gov/ipeds/datacenter/DataFiles.aspx,medium,No,2026-09-09
us:ipeds:173957,Mayo Clinic College of Medicine and Science,United States,,,mechanical_program_screening,No configured primary or secondary CIP completion signal in the three frozen IPEDS graduate first-major completions files; catalog-only and new programs remain a known gap.,"No positive-completion row at award levels 7/17/18/19 for any configured primary or secondary CIP in C2022_A, C2023_A, or C2024_A.",https://nces.ed.gov/ipeds/datacenter/DataFiles.aspx,medium,No,2026-09-09
us:ipeds:174127,Minneapolis College of Art and Design,United States,,,mechanical_program_screening,No configured primary or secondary CIP completion signal in the three frozen IPEDS graduate first-major completions files; catalog-only and new programs remain a known gap.,"No positive-completion row at award levels 7/17/18/19 for any configured primary or secondary CIP in C2022_A, C2023_A, or C2024_A.",https://nces.ed.gov/ipeds/datacenter/DataFiles.aspx,medium,No,2026-09-09
us:ipeds:174154,Herzing University-Minneapolis,United States,,,mechanical_program_screening,No configured primary or secondary CIP completion signal in the three frozen IPEDS graduate first-major completions files; catalog-only and new programs remain a known gap.,"No positive-completion row at award levels 7/17/18/19 for any configured primary or secondary CIP in C2022_A, C2023_A, or C2024_A.",https://nces.ed.gov/ipeds/datacenter/DataFiles.aspx,medium,No,2026-09-09
us:ipeds:174358,Minnesota State University Moorhead,United States,,,mechanical_program_screening,No configured primary or secondary CIP completion signal in the three frozen IPEDS graduate first-major completions files; catalog-only and new programs remain a known gap.,"No positive-completion row at award levels 7/17/18/19 for any configured primary or secondary CIP in C2022_A, C2023_A, or C2024_A.",https://nces.ed.gov/ipeds/datacenter/DataFiles.aspx,medium,No,2026-09-09
us:ipeds:174437,North Central University,United States,,,mechanical_program_screening,No configured primary or secondary CIP completion signal in the three frozen IPEDS graduate first-major completions files; catalog-only and new programs remain a known gap.,"No positive-completion row at award levels 7/17/18/19 for any configured primary or secondary CIP in C2022_A, C2023_A, or C2024_A.",https://nces.ed.gov/ipeds/datacenter/DataFiles.aspx,medium,No,2026-09-09
us:ipeds:174491,University of Northwestern-St Paul,United States,,,mechanical_program_screening,No configured primary or secondary CIP completion signal in the three frozen IPEDS graduate first-major completions files; catalog-only and new programs remain a known gap.,"No positive-completion row at award levels 7/17/18/19 for any configured primary or secondary CIP in C2022_A, C2023_A, or C2024_A.",https://nces.ed.gov/ipeds/datacenter/DataFiles.aspx,medium,No,2026-09-09
us:ipeds:174507,Northwestern Health Sciences University,United States,,,mechanical_program_screening,No configured primary or secondary CIP completion signal in the three frozen IPEDS graduate first-major completions files; catalog-only and new programs remain a known gap.,"No positive-completion row at award levels 7/17/18/19 for any configured primary or secondary CIP in C2022_A, C2023_A, or C2024_A.",https://nces.ed.gov/ipeds/datacenter/DataFiles.aspx,medium,No,2026-09-09
us:ipeds:174747,College of Saint Benedict,United States,,,mechanical_program_screening,No configured primary or secondary CIP completion signal in the three frozen IPEDS graduate first-major completions files; catalog-only and new programs remain a known gap.,"No positive-completion row at award levels 7/17/18/19 for any configured primary or secondary CIP in C2022_A, C2023_A, or C2024_A.",https://nces.ed.gov/ipeds/datacenter/DataFiles.aspx,medium,No,2026-09-09
us:ipeds:174792,Saint Johns University,United States,,,mechanical_program_screening,No configured primary or secondary CIP completion signal in the three frozen IPEDS graduate first-major completions files; catalog-only and new programs remain a known gap.,"No positive-completion row at award levels 7/17/18/19 for any configured primary or secondary CIP in C2022_A, C2023_A, or C2024_A.",https://nces.ed.gov/ipeds/datacenter/DataFiles.aspx,medium,No,2026-09-09
us:ipeds:174862,Crown College,United States,,,mechanical_program_screening,No configured primary or secondary CIP completion signal in the three frozen IPEDS graduate first-major completions files; catalog-only and new programs remain a known gap.,"No positive-completion row at award levels 7/17/18/19 for any configured primary or secondary CIP in C2022_A, C2023_A, or C2024_A.",https://nces.ed.gov/ipeds/datacenter/DataFiles.aspx,medium,No,2026-09-09
us:ipeds:174899,The College of Saint Scholastica,United States,,,mechanical_program_screening,No configured primary or secondary CIP completion signal in the three frozen IPEDS graduate first-major completions files; catalog-only and new programs remain a known gap.,"No positive-completion row at award levels 7/17/18/19 for any configured primary or secondary CIP in C2022_A, C2023_A, or C2024_A.",https://nces.ed.gov/ipeds/datacenter/DataFiles.aspx,medium,No,2026-09-09
us:ipeds:175005,St Catherine University,United States,,,mechanical_program_screening,No configured primary or secondary CIP completion signal in the three frozen IPEDS graduate first-major completions files; catalog-only and new programs remain a known gap.,"No positive-completion row at award levels 7/17/18/19 for any configured primary or secondary CIP in C2022_A, C2023_A, or C2024_A.",https://nces.ed.gov/ipeds/datacenter/DataFiles.aspx,medium,No,2026-09-09
us:ipeds:175014,Rasmussen University-Minnesota,United States,,,mechanical_program_screening,No configured primary or secondary CIP completion signal in the three frozen IPEDS graduate first-major completions files; catalog-only and new programs remain a known gap.,"No positive-completion row at award levels 7/17/18/19 for any configured primary or secondary CIP in C2022_A, C2023_A, or C2024_A.",https://nces.ed.gov/ipeds/datacenter/DataFiles.aspx,medium,No,2026-09-09
us:ipeds:175078,Southwest Minnesota State University,United States,,,mechanical_program_screening,No configured primary or secondary CIP completion signal in the three frozen IPEDS graduate first-major completions files; catalog-only and new programs remain a known gap.,"No positive-completion row at award levels 7/17/18/19 for any configured primary or secondary CIP in C2022_A, C2023_A, or C2024_A.",https://nces.ed.gov/ipeds/datacenter/DataFiles.aspx,medium,No,2026-09-09
us:ipeds:175139,United Theological Seminary of the Twin Cities,United States,,,mechanical_program_screening,No configured primary or secondary CIP completion signal in the three frozen IPEDS graduate first-major completions files; catalog-only and new programs remain a known gap.,"No positive-completion row at award levels 7/17/18/19 for any configured primary or secondary CIP in C2022_A, C2023_A, or C2024_A.",https://nces.ed.gov/ipeds/datacenter/DataFiles.aspx,medium,No,2026-09-09
us:ipeds:175272,Winona State University,United States,,,mechanical_program_screening,No configured primary or secondary CIP completion signal in the three frozen IPEDS graduate first-major completions files; catalog-only and new programs remain a known gap.,"No positive-completion row at award levels 7/17/18/19 for any configured primary or secondary CIP in C2022_A, C2023_A, or C2024_A.",https://nces.ed.gov/ipeds/datacenter/DataFiles.aspx,medium,No,2026-09-09
us:ipeds:175281,Mitchell Hamline School of Law,United States,,,mechanical_program_screening,No configured primary or secondary CIP completion signal in the three frozen IPEDS graduate first-major completions files; catalog-only and new programs remain a known gap.,"No positive-completion row at award levels 7/17/18/19 for any configured primary or secondary CIP in C2022_A, C2023_A, or C2024_A.",https://nces.ed.gov/ipeds/datacenter/DataFiles.aspx,medium,No,2026-09-09
us:ipeds:175430,Blue Mountain Christian University,United States,,,mechanical_program_screening,No configured primary or secondary CIP completion signal in the three frozen IPEDS graduate first-major completions files; catalog-only and new programs remain a known gap.,"No positive-completion row at award levels 7/17/18/19 for any configured primary or secondary CIP in C2022_A, C2023_A, or C2024_A.",https://nces.ed.gov/ipeds/datacenter/DataFiles.aspx,medium,No,2026-09-09
us:ipeds:175616,Delta State University,United States,,,mechanical_program_screening,No configured primary or secondary CIP completion signal in the three frozen IPEDS graduate first-major completions files; catalog-only and new programs remain a known gap.,"No positive-completion row at award levels 7/17/18/19 for any configured primary or secondary CIP in C2022_A, C2023_A, or C2024_A.",https://nces.ed.gov/ipeds/datacenter/DataFiles.aspx,medium,No,2026-09-09
us:ipeds:175980,Millsaps College,United States,,,mechanical_program_screening,No configured primary or secondary CIP completion signal in the three frozen IPEDS graduate first-major completions files; catalog-only and new programs remain a known gap.,"No positive-completion row at award levels 7/17/18/19 for any configured primary or secondary CIP in C2022_A, C2023_A, or C2024_A.",https://nces.ed.gov/ipeds/datacenter/DataFiles.aspx,medium,No,2026-09-09
us:ipeds:175999,Board of Trustees-Mississippi State Institutions of Higher Learning,United States,,,mechanical_program_screening,No configured primary or secondary CIP completion signal in the three frozen IPEDS graduate first-major completions files; catalog-only and new programs remain a known gap.,"No positive-completion row at award levels 7/17/18/19 for any configured primary or secondary CIP in C2022_A, C2023_A, or C2024_A.",https://nces.ed.gov/ipeds/datacenter/DataFiles.aspx,medium,No,2026-09-09
us:ipeds:176035,Mississippi University for Women,United States,,,mechanical_program_screening,No configured primary or secondary CIP completion signal in the three frozen IPEDS graduate first-major completions files; catalog-only and new programs remain a known gap.,"No positive-completion row at award levels 7/17/18/19 for any configured primary or secondary CIP in C2022_A, C2023_A, or C2024_A.",https://nces.ed.gov/ipeds/datacenter/DataFiles.aspx,medium,No,2026-09-09
us:ipeds:176044,Mississippi Valley State University,United States,,,mechanical_program_screening,No configured primary or secondary CIP completion signal in the three frozen IPEDS graduate first-major completions files; catalog-only and new programs remain a known gap.,"No positive-completion row at award levels 7/17/18/19 for any configured primary or secondary CIP in C2022_A, C2023_A, or C2024_A.",https://nces.ed.gov/ipeds/datacenter/DataFiles.aspx,medium,No,2026-09-09
us:ipeds:176406,Tougaloo College,United States,,,mechanical_program_screening,No configured primary or secondary CIP completion signal in the three frozen IPEDS graduate first-major completions files; catalog-only and new programs remain a known gap.,"No positive-completion row at award levels 7/17/18/19 for any configured primary or secondary CIP in C2022_A, C2023_A, or C2024_A.",https://nces.ed.gov/ipeds/datacenter/DataFiles.aspx,medium,No,2026-09-09
us:ipeds:176451,Wesley Biblical Seminary,United States,,,mechanical_program_screening,No configured primary or secondary CIP completion signal in the three frozen IPEDS graduate first-major completions files; catalog-only and new programs remain a known gap.,"No positive-completion row at award levels 7/17/18/19 for any configured primary or secondary CIP in C2022_A, C2023_A, or C2024_A.",https://nces.ed.gov/ipeds/datacenter/DataFiles.aspx,medium,No,2026-09-09
us:ipeds:176479,William Carey University,United States,,,mechanical_program_screening,No configured primary or secondary CIP completion signal in the three frozen IPEDS graduate first-major completions files; catalog-only and new programs remain a known gap.,"No positive-completion row at award levels 7/17/18/19 for any configured primary or secondary CIP in C2022_A, C2023_A, or C2024_A.",https://nces.ed.gov/ipeds/datacenter/DataFiles.aspx,medium,No,2026-09-09
us:ipeds:176600,Aquinas Institute of Theology,United States,,,mechanical_program_screening,No configured primary or secondary CIP completion signal in the three frozen IPEDS graduate first-major completions files; catalog-only and new programs remain a known gap.,"No positive-completion row at award levels 7/17/18/19 for any configured primary or secondary CIP in C2022_A, C2023_A, or C2024_A.",https://nces.ed.gov/ipeds/datacenter/DataFiles.aspx,medium,No,2026-09-09
us:ipeds:176628,Avila University,United States,,,mechanical_program_screening,No configured primary or secondary CIP completion signal in the three frozen IPEDS graduate first-major completions files; catalog-only and new programs remain a known gap.,"No positive-completion row at award levels 7/17/18/19 for any configured primary or secondary CIP in C2022_A, C2023_A, or C2024_A.",https://nces.ed.gov/ipeds/datacenter/DataFiles.aspx,medium,No,2026-09-09
us:ipeds:176664,Mission University,United States,,,mechanical_program_screening,No configured primary or secondary CIP completion signal in the three frozen IPEDS graduate first-major completions files; catalog-only and new programs remain a known gap.,"No positive-completion row at award levels 7/17/18/19 for any configured primary or secondary CIP in C2022_A, C2023_A, or C2024_A.",https://nces.ed.gov/ipeds/datacenter/DataFiles.aspx,medium,No,2026-09-09
us:ipeds:176770,Cox College,United States,,,mechanical_program_screening,No configured primary or secondary CIP completion signal in the three frozen IPEDS graduate first-major completions files; catalog-only and new programs remain a known gap.,"No positive-completion row at award levels 7/17/18/19 for any configured primary or secondary CIP in C2022_A, C2023_A, or C2024_A.",https://nces.ed.gov/ipeds/datacenter/DataFiles.aspx,medium,No,2026-09-09
us:ipeds:176789,Calvary University,United States,,,mechanical_program_screening,No configured primary or secondary CIP completion signal in the three frozen IPEDS graduate first-major completions files; catalog-only and new programs remain a known gap.,"No positive-completion row at award levels 7/17/18/19 for any configured primary or secondary CIP in C2022_A, C2023_A, or C2024_A.",https://nces.ed.gov/ipeds/datacenter/DataFiles.aspx,medium,No,2026-09-09
us:ipeds:176910,Central Christian College of the Bible,United States,,,mechanical_program_screening,No configured primary or secondary CIP completion signal in the three frozen IPEDS graduate first-major completions files; catalog-only and new programs remain a known gap.,"No positive-completion row at award levels 7/17/18/19 for any configured primary or secondary CIP in C2022_A, C2023_A, or C2024_A.",https://nces.ed.gov/ipeds/datacenter/DataFiles.aspx,medium,No,2026-09-09
us:ipeds:177038,Cleveland University-Kansas City,United States,,,mechanical_program_screening,No configured primary or secondary CIP completion signal in the three frozen IPEDS graduate first-major completions files; catalog-only and new programs remain a known gap.,"No positive-completion row at award levels 7/17/18/19 for any configured primary or secondary CIP in C2022_A, C2023_A, or C2024_A.",https://nces.ed.gov/ipeds/datacenter/DataFiles.aspx,medium,No,2026-09-09
us:ipeds:177065,Columbia College,United States,,,mechanical_program_screening,No configured primary or secondary CIP completion signal in the three frozen IPEDS graduate first-major completions files; catalog-only and new programs remain a known gap.,"No positive-completion row at award levels 7/17/18/19 for any configured primary or secondary CIP in C2022_A, C2023_A, or C2024_A.",https://nces.ed.gov/ipeds/datacenter/DataFiles.aspx,medium,No,2026-09-09
us:ipeds:177092,Concordia Seminary,United States,,,mechanical_program_screening,No configured primary or secondary CIP completion signal in the three frozen IPEDS graduate first-major completions files; catalog-only and new programs remain a known gap.,"No positive-completion row at award levels 7/17/18/19 for any configured primary or secondary CIP in C2022_A, C2023_A, or C2024_A.",https://nces.ed.gov/ipeds/datacenter/DataFiles.aspx,medium,No,2026-09-09
us:ipeds:177126,Covenant Theological Seminary,United States,,,mechanical_program_screening,No configured primary or secondary CIP completion signal in the three frozen IPEDS graduate first-major completions files; catalog-only and new programs remain a known gap.,"No positive-completion row at award levels 7/17/18/19 for any configured primary or secondary CIP in C2022_A, C2023_A, or C2024_A.",https://nces.ed.gov/ipeds/datacenter/DataFiles.aspx,medium,No,2026-09-09
us:ipeds:177144,Culver-Stockton College,United States,,,mechanical_program_screening,No configured primary or secondary CIP completion signal in the three frozen IPEDS graduate first-major completions files; catalog-only and new programs remain a known gap.,"No positive-completion row at award levels 7/17/18/19 for any configured primary or secondary CIP in C2022_A, C2023_A, or C2024_A.",https://nces.ed.gov/ipeds/datacenter/DataFiles.aspx,medium,No,2026-09-09
us:ipeds:177214,Drury University,United States,,,mechanical_program_screening,No configured primary or secondary CIP completion signal in the three frozen IPEDS graduate first-major completions files; catalog-only and new programs remain a known gap.,"No positive-completion row at award levels 7/17/18/19 for any configured primary or secondary CIP in C2022_A, C2023_A, or C2024_A.",https://nces.ed.gov/ipeds/datacenter/DataFiles.aspx,medium,No,2026-09-09
us:ipeds:177278,Eden Theological Seminary,United States,,,mechanical_program_screening,No configured primary or secondary CIP completion signal in the three frozen IPEDS graduate first-major completions files; catalog-only and new programs remain a known gap.,"No positive-completion row at award levels 7/17/18/19 for any configured primary or secondary CIP in C2022_A, C2023_A, or C2024_A.",https://nces.ed.gov/ipeds/datacenter/DataFiles.aspx,medium,No,2026-09-09
us:ipeds:177339,Evangel University,United States,,,mechanical_program_screening,No configured primary or secondary CIP completion signal in the three frozen IPEDS graduate first-major completions files; catalog-only and new programs remain a known gap.,"No positive-completion row at award levels 7/17/18/19 for any configured primary or secondary CIP in C2022_A, C2023_A, or C2024_A.",https://nces.ed.gov/ipeds/datacenter/DataFiles.aspx,medium,No,2026-09-09
us:ipeds:177542,Hannibal-LaGrange University,United States,,,mechanical_program_screening,No configured primary or secondary CIP completion signal in the three frozen IPEDS graduate first-major completions files; catalog-only and new programs remain a known gap.,"No positive-completion row at award levels 7/17/18/19 for any configured primary or secondary CIP in C2022_A, C2023_A, or C2024_A.",https://nces.ed.gov/ipeds/datacenter/DataFiles.aspx,medium,No,2026-09-09
us:ipeds:177719,Barnes-Jewish College Goldfarb School of Nursing,United States,,,mechanical_program_screening,No configured primary or secondary CIP completion signal in the three frozen IPEDS graduate first-major completions files; catalog-only and new programs remain a known gap.,"No positive-completion row at award levels 7/17/18/19 for any configured primary or secondary CIP in C2022_A, C2023_A, or C2024_A.",https://nces.ed.gov/ipeds/datacenter/DataFiles.aspx,medium,No,2026-09-09
us:ipeds:177816,Kenrick Glennon Seminary,United States,,,mechanical_program_screening,No configured primary or secondary CIP completion signal in the three frozen IPEDS graduate first-major completions files; catalog-only and new programs remain a known gap.,"No positive-completion row at award levels 7/17/18/19 for any configured primary or secondary CIP in C2022_A, C2023_A, or C2024_A.",https://nces.ed.gov/ipeds/datacenter/DataFiles.aspx,medium,No,2026-09-09
us:ipeds:177834,A T Still University of Health Sciences,United States,,,mechanical_program_screening,No configured primary or secondary CIP completion signal in the three frozen IPEDS graduate first-major completions files; catalog-only and new programs remain a known gap.,"No positive-completion row at award levels 7/17/18/19 for any configured primary or secondary CIP in C2022_A, C2023_A, or C2024_A.",https://nces.ed.gov/ipeds/datacenter/DataFiles.aspx,medium,No,2026-09-09
us:ipeds:177940,Lincoln University,United States,,,mechanical_program_screening,No configured primary or secondary CIP completion signal in the three frozen IPEDS graduate first-major completions files; catalog-only and new programs remain a known gap.,"No positive-completion row at award levels 7/17/18/19 for any configured primary or secondary CIP in C2022_A, C2023_A, or C2024_A.",https://nces.ed.gov/ipeds/datacenter/DataFiles.aspx,medium,No,2026-09-09
us:ipeds:177986,Logan University,United States,,,mechanical_program_screening,No configured primary or secondary CIP completion signal in the three frozen IPEDS graduate first-major completions files; catalog-only and new programs remain a known gap.,"No positive-completion row at award levels 7/17/18/19 for any configured primary or secondary CIP in C2022_A, C2023_A, or C2024_A.",https://nces.ed.gov/ipeds/datacenter/DataFiles.aspx,medium,No,2026-09-09
us:ipeds:178208,Midwestern Baptist Theological Seminary,United States,,,mechanical_program_screening,No configured primary or secondary CIP completion signal in the three frozen IPEDS graduate first-major completions files; catalog-only and new programs remain a known gap.,"No positive-completion row at award levels 7/17/18/19 for any configured primary or secondary CIP in C2022_A, C2023_A, or C2024_A.",https://nces.ed.gov/ipeds/datacenter/DataFiles.aspx,medium,No,2026-09-09
us:ipeds:178244,Missouri Baptist University,United States,,,mechanical_program_screening,No configured primary or secondary CIP completion signal in the three frozen IPEDS graduate first-major completions files; catalog-only and new programs remain a known gap.,"No positive-completion row at award levels 7/17/18/19 for any configured primary or secondary CIP in C2022_A, C2023_A, or C2024_A.",https://nces.ed.gov/ipeds/datacenter/DataFiles.aspx,medium,No,2026-09-09
us:ipeds:178341,Missouri Southern State University,United States,,,mechanical_program_screening,No configured primary or secondary CIP completion signal in the three frozen IPEDS graduate first-major completions files; catalog-only and new programs remain a known gap.,"No positive-completion row at award levels 7/17/18/19 for any configured primary or secondary CIP in C2022_A, C2023_A, or C2024_A.",https://nces.ed.gov/ipeds/datacenter/DataFiles.aspx,medium,No,2026-09-09
us:ipeds:178369,Missouri Valley College,United States,,,mechanical_program_screening,No configured primary or secondary CIP completion signal in the three frozen IPEDS graduate first-major completions files; catalog-only and new programs remain a known gap.,"No positive-completion row at award levels 7/17/18/19 for any configured primary or secondary CIP in C2022_A, C2023_A, or C2024_A.",https://nces.ed.gov/ipeds/datacenter/DataFiles.aspx,medium,No,2026-09-09
us:ipeds:178439,University of Missouri-System Office,United States,,,mechanical_program_screening,No configured primary or secondary CIP completion signal in the three frozen IPEDS graduate first-major completions files; catalog-only and new programs remain a known gap.,"No positive-completion row at award levels 7/17/18/19 for any configured primary or secondary CIP in C2022_A, C2023_A, or C2024_A.",https://nces.ed.gov/ipeds/datacenter/DataFiles.aspx,medium,No,2026-09-09
us:ipeds:178518,Nazarene Theological Seminary,United States,,,mechanical_program_screening,No configured primary or secondary CIP completion signal in the three frozen IPEDS graduate first-major completions files; catalog-only and new programs remain a known gap.,"No positive-completion row at award levels 7/17/18/19 for any configured primary or secondary CIP in C2022_A, C2023_A, or C2024_A.",https://nces.ed.gov/ipeds/datacenter/DataFiles.aspx,medium,No,2026-09-09
us:ipeds:178679,Ozark Christian College,United States,,,mechanical_program_screening,No configured primary or secondary CIP completion signal in the three frozen IPEDS graduate first-major completions files; catalog-only and new programs remain a known gap.,"No positive-completion row at award levels 7/17/18/19 for any configured primary or secondary CIP in C2022_A, C2023_A, or C2024_A.",https://nces.ed.gov/ipeds/datacenter/DataFiles.aspx,medium,No,2026-09-09
us:ipeds:178989,Research College of Nursing,United States,,,mechanical_program_screening,No configured primary or secondary CIP completion signal in the three frozen IPEDS graduate first-major completions files; catalog-only and new programs remain a known gap.,"No positive-completion row at award levels 7/17/18/19 for any configured primary or secondary CIP in C2022_A, C2023_A, or C2024_A.",https://nces.ed.gov/ipeds/datacenter/DataFiles.aspx,medium,No,2026-09-09
us:ipeds:179043,Rockhurst University,United States,,,mechanical_program_screening,No configured primary or secondary CIP completion signal in the three frozen IPEDS graduate first-major completions files; catalog-only and new programs remain a known gap.,"No positive-completion row at award levels 7/17/18/19 for any configured primary or secondary CIP in C2022_A, C2023_A, or C2024_A.",https://nces.ed.gov/ipeds/datacenter/DataFiles.aspx,medium,No,2026-09-09
us:ipeds:179265,University of Health Sciences and Pharmacy in St. Louis,United States,,,mechanical_program_screening,No configured primary or secondary CIP completion signal in the three frozen IPEDS graduate first-major completions files; catalog-only and new programs remain a known gap.,"No positive-completion row at award levels 7/17/18/19 for any configured primary or secondary CIP in C2022_A, C2023_A, or C2024_A.",https://nces.ed.gov/ipeds/datacenter/DataFiles.aspx,medium,No,2026-09-09
us:ipeds:179317,Saint Paul School of Theology,United States,,,mechanical_program_screening,No configured primary or secondary CIP completion signal in the three frozen IPEDS graduate first-major completions files; catalog-only and new programs remain a known gap.,"No positive-completion row at award levels 7/17/18/19 for any configured primary or secondary CIP in C2022_A, C2023_A, or C2024_A.",https://nces.ed.gov/ipeds/datacenter/DataFiles.aspx,medium,No,2026-09-09
us:ipeds:179326,Southwest Baptist University,United States,,,mechanical_program_screening,No configured primary or secondary CIP completion signal in the three frozen IPEDS graduate first-major completions files; catalog-only and new programs remain a known gap.,"No positive-completion row at award levels 7/17/18/19 for any configured primary or secondary CIP in C2022_A, C2023_A, or C2024_A.",https://nces.ed.gov/ipeds/datacenter/DataFiles.aspx,medium,No,2026-09-09
us:ipeds:179548,Stephens College,United States,,,mechanical_program_screening,No configured primary or secondary CIP completion signal in the three frozen IPEDS graduate first-major completions files; catalog-only and new programs remain a known gap.,"No positive-completion row at award levels 7/17/18/19 for any configured primary or secondary CIP in C2022_A, C2023_A, or C2024_A.",https://nces.ed.gov/ipeds/datacenter/DataFiles.aspx,medium,No,2026-09-09
us:ipeds:179812,Kansas City University,United States,,,mechanical_program_screening,No configured primary or secondary CIP completion signal in the three frozen IPEDS graduate first-major completions files; catalog-only and new programs remain a known gap.,"No positive-completion row at award levels 7/17/18/19 for any configured primary or secondary CIP in C2022_A, C2023_A, or C2024_A.",https://nces.ed.gov/ipeds/datacenter/DataFiles.aspx,medium,No,2026-09-09
us:ipeds:179955,William Jewell College,United States,,,mechanical_program_screening,No configured primary or secondary CIP completion signal in the three frozen IPEDS graduate first-major completions files; catalog-only and new programs remain a known gap.,"No positive-completion row at award levels 7/17/18/19 for any configured primary or secondary CIP in C2022_A, C2023_A, or C2024_A.",https://nces.ed.gov/ipeds/datacenter/DataFiles.aspx,medium,No,2026-09-09
us:ipeds:179964,William Woods University,United States,,,mechanical_program_screening,No configured primary or secondary CIP completion signal in the three frozen IPEDS graduate first-major completions files; catalog-only and new programs remain a known gap.,"No positive-completion row at award levels 7/17/18/19 for any configured primary or secondary CIP in C2022_A, C2023_A, or C2024_A.",https://nces.ed.gov/ipeds/datacenter/DataFiles.aspx,medium,No,2026-09-09
us:ipeds:180106,Carroll College,United States,,,mechanical_program_screening,No configured primary or secondary CIP completion signal in the three frozen IPEDS graduate first-major completions files; catalog-only and new programs remain a known gap.,"No positive-completion row at award levels 7/17/18/19 for any configured primary or secondary CIP in C2022_A, C2023_A, or C2024_A.",https://nces.ed.gov/ipeds/datacenter/DataFiles.aspx,medium,No,2026-09-09
us:ipeds:180179,Montana State University Billings,United States,,,mechanical_program_screening,No configured primary or secondary CIP completion signal in the three frozen IPEDS graduate first-major completions files; catalog-only and new programs remain a known gap.,"No positive-completion row at award levels 7/17/18/19 for any configured primary or secondary CIP in C2022_A, C2023_A, or C2024_A.",https://nces.ed.gov/ipeds/datacenter/DataFiles.aspx,medium,No,2026-09-09
us:ipeds:180258,University of Providence,United States,,,mechanical_program_screening,No configured primary or secondary CIP completion signal in the three frozen IPEDS graduate first-major completions files; catalog-only and new programs remain a known gap.,"No positive-completion row at award levels 7/17/18/19 for any configured primary or secondary CIP in C2022_A, C2023_A, or C2024_A.",https://nces.ed.gov/ipeds/datacenter/DataFiles.aspx,medium,No,2026-09-09
us:ipeds:180522,Montana State University-Northern,United States,,,mechanical_program_screening,No configured primary or secondary CIP completion signal in the three frozen IPEDS graduate first-major completions files; catalog-only and new programs remain a known gap.,"No positive-completion row at award levels 7/17/18/19 for any configured primary or secondary CIP in C2022_A, C2023_A, or C2024_A.",https://nces.ed.gov/ipeds/datacenter/DataFiles.aspx,medium,No,2026-09-09
us:ipeds:180595,Rocky Mountain College,United States,,,mechanical_program_screening,No configured primary or secondary CIP completion signal in the three frozen IPEDS graduate first-major completions files; catalog-only and new programs remain a known gap.,"No positive-completion row at award levels 7/17/18/19 for any configured primary or secondary CIP in C2022_A, C2023_A, or C2024_A.",https://nces.ed.gov/ipeds/datacenter/DataFiles.aspx,medium,No,2026-09-09
us:ipeds:180647,Salish Kootenai College,United States,,,mechanical_program_screening,No configured primary or secondary CIP completion signal in the three frozen IPEDS graduate first-major completions files; catalog-only and new programs remain a known gap.,"No positive-completion row at award levels 7/17/18/19 for any configured primary or secondary CIP in C2022_A, C2023_A, or C2024_A.",https://nces.ed.gov/ipeds/datacenter/DataFiles.aspx,medium,No,2026-09-09
us:ipeds:180832,Clarkson College,United States,,,mechanical_program_screening,No configured primary or secondary CIP completion signal in the three frozen IPEDS graduate first-major completions files; catalog-only and new programs remain a known gap.,"No positive-completion row at award levels 7/17/18/19 for any configured primary or secondary CIP in C2022_A, C2023_A, or C2024_A.",https://nces.ed.gov/ipeds/datacenter/DataFiles.aspx,medium,No,2026-09-09
us:ipeds:180878,Bryan College of Health Sciences,United States,,,mechanical_program_screening,No configured primary or secondary CIP completion signal in the three frozen IPEDS graduate first-major completions files; catalog-only and new programs remain a known gap.,"No positive-completion row at award levels 7/17/18/19 for any configured primary or secondary CIP in C2022_A, C2023_A, or C2024_A.",https://nces.ed.gov/ipeds/datacenter/DataFiles.aspx,medium,No,2026-09-09
us:ipeds:180948,Chadron State College,United States,,,mechanical_program_screening,No configured primary or secondary CIP completion signal in the three frozen IPEDS graduate first-major completions files; catalog-only and new programs remain a known gap.,"No positive-completion row at award levels 7/17/18/19 for any configured primary or secondary CIP in C2022_A, C2023_A, or C2024_A.",https://nces.ed.gov/ipeds/datacenter/DataFiles.aspx,medium,No,2026-09-09
us:ipeds:180984,Concordia University-Nebraska,United States,,,mechanical_program_screening,No configured primary or secondary CIP completion signal in the three frozen IPEDS graduate first-major completions files; catalog-only and new programs remain a known gap.,"No positive-completion row at award levels 7/17/18/19 for any configured primary or secondary CIP in C2022_A, C2023_A, or C2024_A.",https://nces.ed.gov/ipeds/datacenter/DataFiles.aspx,medium,No,2026-09-09
us:ipeds:181002,Creighton University,United States,,,mechanical_program_screening,No configured primary or secondary CIP completion signal in the three frozen IPEDS graduate first-major completions files; catalog-only and new programs remain a known gap.,"No positive-completion row at award levels 7/17/18/19 for any configured primary or secondary CIP in C2022_A, C2023_A, or C2024_A.",https://nces.ed.gov/ipeds/datacenter/DataFiles.aspx,medium,No,2026-09-09
us:ipeds:181020,Doane University,United States,,,mechanical_program_screening,No configured primary or secondary CIP completion signal in the three frozen IPEDS graduate first-major completions files; catalog-only and new programs remain a known gap.,"No positive-completion row at award levels 7/17/18/19 for any configured primary or secondary CIP in C2022_A, C2023_A, or C2024_A.",https://nces.ed.gov/ipeds/datacenter/DataFiles.aspx,medium,No,2026-09-09
us:ipeds:181127,Hastings College,United States,,,mechanical_program_screening,No configured primary or secondary CIP completion signal in the three frozen IPEDS graduate first-major completions files; catalog-only and new programs remain a known gap.,"No positive-completion row at award levels 7/17/18/19 for any configured primary or secondary CIP in C2022_A, C2023_A, or C2024_A.",https://nces.ed.gov/ipeds/datacenter/DataFiles.aspx,medium,No,2026-09-09
us:ipeds:181215,University of Nebraska at Kearney,United States,,,mechanical_program_screening,No configured primary or secondary CIP completion signal in the three frozen IPEDS graduate first-major completions files; catalog-only and new programs remain a known gap.,"No positive-completion row at award levels 7/17/18/19 for any configured primary or secondary CIP in C2022_A, C2023_A, or C2024_A.",https://nces.ed.gov/ipeds/datacenter/DataFiles.aspx,medium,No,2026-09-09
us:ipeds:181297,Nebraska Methodist College of Nursing & Allied Health,United States,,,mechanical_program_screening,No configured primary or secondary CIP completion signal in the three frozen IPEDS graduate first-major completions files; catalog-only and new programs remain a known gap.,"No positive-completion row at award levels 7/17/18/19 for any configured primary or secondary CIP in C2022_A, C2023_A, or C2024_A.",https://nces.ed.gov/ipeds/datacenter/DataFiles.aspx,medium,No,2026-09-09
us:ipeds:181330,Midland University,United States,,,mechanical_program_screening,No configured primary or secondary CIP completion signal in the three frozen IPEDS graduate first-major completions files; catalog-only and new programs remain a known gap.,"No positive-completion row at award levels 7/17/18/19 for any configured primary or secondary CIP in C2022_A, C2023_A, or C2024_A.",https://nces.ed.gov/ipeds/datacenter/DataFiles.aspx,medium,No,2026-09-09
us:ipeds:181428,University of Nebraska Medical Center,United States,,,mechanical_program_screening,No configured primary or secondary CIP completion signal in the three frozen IPEDS graduate first-major completions files; catalog-only and new programs remain a known gap.,"No positive-completion row at award levels 7/17/18/19 for any configured primary or secondary CIP in C2022_A, C2023_A, or C2024_A.",https://nces.ed.gov/ipeds/datacenter/DataFiles.aspx,medium,No,2026-09-09
us:ipeds:181446,Nebraska Wesleyan University,United States,,,mechanical_program_screening,No configured primary or secondary CIP completion signal in the three frozen IPEDS graduate first-major completions files; catalog-only and new programs remain a known gap.,"No positive-completion row at award levels 7/17/18/19 for any configured primary or secondary CIP in C2022_A, C2023_A, or C2024_A.",https://nces.ed.gov/ipeds/datacenter/DataFiles.aspx,medium,No,2026-09-09
us:ipeds:181534,Peru State College,United States,,,mechanical_program_screening,No configured primary or secondary CIP completion signal in the three frozen IPEDS graduate first-major completions files; catalog-only and new programs remain a known gap.,"No positive-completion row at award levels 7/17/18/19 for any configured primary or secondary CIP in C2022_A, C2023_A, or C2024_A.",https://nces.ed.gov/ipeds/datacenter/DataFiles.aspx,medium,No,2026-09-09
us:ipeds:181604,College of Saint Mary,United States,,,mechanical_program_screening,No configured primary or secondary CIP completion signal in the three frozen IPEDS graduate first-major completions files; catalog-only and new programs remain a known gap.,"No positive-completion row at award levels 7/17/18/19 for any configured primary or secondary CIP in C2022_A, C2023_A, or C2024_A.",https://nces.ed.gov/ipeds/datacenter/DataFiles.aspx,medium,No,2026-09-09
us:ipeds:181738,Union Adventist University,United States,,,mechanical_program_screening,No configured primary or secondary CIP completion signal in the three frozen IPEDS graduate first-major completions files; catalog-only and new programs remain a known gap.,"No positive-completion row at award levels 7/17/18/19 for any configured primary or secondary CIP in C2022_A, C2023_A, or C2024_A.",https://nces.ed.gov/ipeds/datacenter/DataFiles.aspx,medium,No,2026-09-09
us:ipeds:181747,University of Nebraska-Central Administration System Office,United States,,,mechanical_program_screening,No configured primary or secondary CIP completion signal in the three frozen IPEDS graduate first-major completions files; catalog-only and new programs remain a known gap.,"No positive-completion row at award levels 7/17/18/19 for any configured primary or secondary CIP in C2022_A, C2023_A, or C2024_A.",https://nces.ed.gov/ipeds/datacenter/DataFiles.aspx,medium,No,2026-09-09
us:ipeds:181783,Wayne State College,United States,,,mechanical_program_screening,No configured primary or secondary CIP completion signal in the three frozen IPEDS graduate first-major completions files; catalog-only and new programs remain a known gap.,"No positive-completion row at award levels 7/17/18/19 for any configured primary or secondary CIP in C2022_A, C2023_A, or C2024_A.",https://nces.ed.gov/ipeds/datacenter/DataFiles.aspx,medium,No,2026-09-09
us:ipeds:181853,York University,United States,,,mechanical_program_screening,No configured primary or secondary CIP completion signal in the three frozen IPEDS graduate first-major completions files; catalog-only and new programs remain a known gap.,"No positive-completion row at award levels 7/17/18/19 for any configured primary or secondary CIP in C2022_A, C2023_A, or C2024_A.",https://nces.ed.gov/ipeds/datacenter/DataFiles.aspx,medium,No,2026-09-09
us:ipeds:182519,Nevada System of Higher Education-System Office,United States,,,mechanical_program_screening,No configured primary or secondary CIP completion signal in the three frozen IPEDS graduate first-major completions files; catalog-only and new programs remain a known gap.,"No positive-completion row at award levels 7/17/18/19 for any configured primary or secondary CIP in C2022_A, C2023_A, or C2024_A.",https://nces.ed.gov/ipeds/datacenter/DataFiles.aspx,medium,No,2026-09-09
us:ipeds:182634,Colby-Sawyer College,United States,,,mechanical_program_screening,No configured primary or secondary CIP completion signal in the three frozen IPEDS graduate first-major completions files; catalog-only and new programs remain a known gap.,"No positive-completion row at award levels 7/17/18/19 for any configured primary or secondary CIP in C2022_A, C2023_A, or C2024_A.",https://nces.ed.gov/ipeds/datacenter/DataFiles.aspx,medium,No,2026-09-09
us:ipeds:182795,Franklin Pierce University,United States,,,mechanical_program_screening,No configured primary or secondary CIP completion signal in the three frozen IPEDS graduate first-major completions files; catalog-only and new programs remain a known gap.,"No positive-completion row at award levels 7/17/18/19 for any configured primary or secondary CIP in C2022_A, C2023_A, or C2024_A.",https://nces.ed.gov/ipeds/datacenter/DataFiles.aspx,medium,No,2026-09-09
us:ipeds:182829,University of New Hampshire-Franklin Pierce School of Law,United States,,,mechanical_program_screening,No configured primary or secondary CIP completion signal in the three frozen IPEDS graduate first-major completions files; catalog-only and new programs remain a known gap.,"No positive-completion row at award levels 7/17/18/19 for any configured primary or secondary CIP in C2022_A, C2023_A, or C2024_A.",https://nces.ed.gov/ipeds/datacenter/DataFiles.aspx,medium,No,2026-09-09
us:ipeds:183062,Keene State College,United States,,,mechanical_program_screening,No configured primary or secondary CIP completion signal in the three frozen IPEDS graduate first-major completions files; catalog-only and new programs remain a known gap.,"No positive-completion row at award levels 7/17/18/19 for any configured primary or secondary CIP in C2022_A, C2023_A, or C2024_A.",https://nces.ed.gov/ipeds/datacenter/DataFiles.aspx,medium,No,2026-09-09
us:ipeds:183080,Plymouth State University,United States,,,mechanical_program_screening,No configured primary or secondary CIP completion signal in the three frozen IPEDS graduate first-major completions files; catalog-only and new programs remain a known gap.,"No positive-completion row at award levels 7/17/18/19 for any configured primary or secondary CIP in C2022_A, C2023_A, or C2024_A.",https://nces.ed.gov/ipeds/datacenter/DataFiles.aspx,medium,No,2026-09-09
us:ipeds:183239,Saint Anselm College,United States,,,mechanical_program_screening,No configured primary or secondary CIP completion signal in the three frozen IPEDS graduate first-major completions files; catalog-only and new programs remain a known gap.,"No positive-completion row at award levels 7/17/18/19 for any configured primary or secondary CIP in C2022_A, C2023_A, or C2024_A.",https://nces.ed.gov/ipeds/datacenter/DataFiles.aspx,medium,No,2026-09-09
us:ipeds:183257,University of New Hampshire College of Professional Studies Online,United States,,,mechanical_program_screening,No configured primary or secondary CIP completion signal in the three frozen IPEDS graduate first-major completions files; catalog-only and new programs remain a known gap.,"No positive-completion row at award levels 7/17/18/19 for any configured primary or secondary CIP in C2022_A, C2023_A, or C2024_A.",https://nces.ed.gov/ipeds/datacenter/DataFiles.aspx,medium,No,2026-09-09
us:ipeds:183327,University System of New Hampshire System Office,United States,,,mechanical_program_screening,No configured primary or secondary CIP completion signal in the three frozen IPEDS graduate first-major completions files; catalog-only and new programs remain a known gap.,"No positive-completion row at award levels 7/17/18/19 for any configured primary or secondary CIP in C2022_A, C2023_A, or C2024_A.",https://nces.ed.gov/ipeds/datacenter/DataFiles.aspx,medium,No,2026-09-09
us:ipeds:183789,Berkeley College-Woodland Park,United States,,,mechanical_program_screening,No configured primary or secondary CIP completion signal in the three frozen IPEDS graduate first-major completions files; catalog-only and new programs remain a known gap.,"No positive-completion row at award levels 7/17/18/19 for any configured primary or secondary CIP in C2022_A, C2023_A, or C2024_A.",https://nces.ed.gov/ipeds/datacenter/DataFiles.aspx,medium,No,2026-09-09
us:ipeds:183804,Beth Medrash Govoha,United States,,,mechanical_program_screening,No configured primary or secondary CIP completion signal in the three frozen IPEDS graduate first-major completions files; catalog-only and new programs remain a known gap.,"No positive-completion row at award levels 7/17/18/19 for any configured primary or secondary CIP in C2022_A, C2023_A, or C2024_A.",https://nces.ed.gov/ipeds/datacenter/DataFiles.aspx,medium,No,2026-09-09
us:ipeds:183822,Bloomfield College of Montclair State University,United States,,,mechanical_program_screening,No configured primary or secondary CIP completion signal in the three frozen IPEDS graduate first-major completions files; catalog-only and new programs remain a known gap.,"No positive-completion row at award levels 7/17/18/19 for any configured primary or secondary CIP in C2022_A, C2023_A, or C2024_A.",https://nces.ed.gov/ipeds/datacenter/DataFiles.aspx,medium,No,2026-09-09
us:ipeds:183910,Caldwell University,United States,,,mechanical_program_screening,No configured primary or secondary CIP completion signal in the three frozen IPEDS graduate first-major completions files; catalog-only and new programs remain a known gap.,"No positive-completion row at award levels 7/17/18/19 for any configured primary or secondary CIP in C2022_A, C2023_A, or C2024_A.",https://nces.ed.gov/ipeds/datacenter/DataFiles.aspx,medium,No,2026-09-09
us:ipeds:183974,Centenary University,United States,,,mechanical_program_screening,No configured primary or secondary CIP completion signal in the three frozen IPEDS graduate first-major completions files; catalog-only and new programs remain a known gap.,"No positive-completion row at award levels 7/17/18/19 for any configured primary or secondary CIP in C2022_A, C2023_A, or C2024_A.",https://nces.ed.gov/ipeds/datacenter/DataFiles.aspx,medium,No,2026-09-09
us:ipeds:184348,Drew University,United States,,,mechanical_program_screening,No configured primary or secondary CIP completion signal in the three frozen IPEDS graduate first-major completions files; catalog-only and new programs remain a known gap.,"No positive-completion row at award levels 7/17/18/19 for any configured primary or secondary CIP in C2022_A, C2023_A, or C2024_A.",https://nces.ed.gov/ipeds/datacenter/DataFiles.aspx,medium,No,2026-09-09
us:ipeds:184773,Georgian Court University,United States,,,mechanical_program_screening,No configured primary or secondary CIP completion signal in the three frozen IPEDS graduate first-major completions files; catalog-only and new programs remain a known gap.,"No positive-completion row at award levels 7/17/18/19 for any configured primary or secondary CIP in C2022_A, C2023_A, or C2024_A.",https://nces.ed.gov/ipeds/datacenter/DataFiles.aspx,medium,No,2026-09-09
us:ipeds:185758,New Brunswick Theological Seminary,United States,,,mechanical_program_screening,No configured primary or secondary CIP completion signal in the three frozen IPEDS graduate first-major completions files; catalog-only and new programs remain a known gap.,"No positive-completion row at award levels 7/17/18/19 for any configured primary or secondary CIP in C2022_A, C2023_A, or C2024_A.",https://nces.ed.gov/ipeds/datacenter/DataFiles.aspx,medium,No,2026-09-09
us:ipeds:186122,Princeton Theological Seminary,United States,,,mechanical_program_screening,No configured primary or secondary CIP completion signal in the three frozen IPEDS graduate first-major completions files; catalog-only and new programs remain a known gap.,"No positive-completion row at award levels 7/17/18/19 for any configured primary or secondary CIP in C2022_A, C2023_A, or C2024_A.",https://nces.ed.gov/ipeds/datacenter/DataFiles.aspx,medium,No,2026-09-09
us:ipeds:186186,Rabbinical College of America,United States,,,mechanical_program_screening,No configured primary or secondary CIP completion signal in the three frozen IPEDS graduate first-major completions files; catalog-only and new programs remain a known gap.,"No positive-completion row at award levels 7/17/18/19 for any configured primary or secondary CIP in C2022_A, C2023_A, or C2024_A.",https://nces.ed.gov/ipeds/datacenter/DataFiles.aspx,medium,No,2026-09-09
us:ipeds:186876,Stockton University,United States,,,mechanical_program_screening,No configured primary or secondary CIP completion signal in the three frozen IPEDS graduate first-major completions files; catalog-only and new programs remain a known gap.,"No positive-completion row at award levels 7/17/18/19 for any configured primary or secondary CIP in C2022_A, C2023_A, or C2024_A.",https://nces.ed.gov/ipeds/datacenter/DataFiles.aspx,medium,No,2026-09-09
us:ipeds:187134,The College of New Jersey,United States,,,mechanical_program_screening,No configured primary or secondary CIP completion signal in the three frozen IPEDS graduate first-major completions files; catalog-only and new programs remain a known gap.,"No positive-completion row at award levels 7/17/18/19 for any configured primary or secondary CIP in C2022_A, C2023_A, or C2024_A.",https://nces.ed.gov/ipeds/datacenter/DataFiles.aspx,medium,No,2026-09-09
us:ipeds:187444,William Paterson University of New Jersey,United States,,,mechanical_program_screening,No configured primary or secondary CIP completion signal in the three frozen IPEDS graduate first-major completions files; catalog-only and new programs remain a known gap.,"No positive-completion row at award levels 7/17/18/19 for any configured primary or secondary CIP in C2022_A, C2023_A, or C2024_A.",https://nces.ed.gov/ipeds/datacenter/DataFiles.aspx,medium,No,2026-09-09
us:ipeds:187596,Navajo Technical University,United States,,,mechanical_program_screening,No configured primary or secondary CIP completion signal in the three frozen IPEDS graduate first-major completions files; catalog-only and new programs remain a known gap.,"No positive-completion row at award levels 7/17/18/19 for any configured primary or secondary CIP in C2022_A, C2023_A, or C2024_A.",https://nces.ed.gov/ipeds/datacenter/DataFiles.aspx,medium,No,2026-09-09
us:ipeds:187648,Eastern New Mexico University-Main Campus,United States,,,mechanical_program_screening,No configured primary or secondary CIP completion signal in the three frozen IPEDS graduate first-major completions files; catalog-only and new programs remain a known gap.,"No positive-completion row at award levels 7/17/18/19 for any configured primary or secondary CIP in C2022_A, C2023_A, or C2024_A.",https://nces.ed.gov/ipeds/datacenter/DataFiles.aspx,medium,No,2026-09-09
us:ipeds:187745,Institute of American Indian and Alaska Native Culture and Arts Development,United States,,,mechanical_program_screening,No configured primary or secondary CIP completion signal in the three frozen IPEDS graduate first-major completions files; catalog-only and new programs remain a known gap.,"No positive-completion row at award levels 7/17/18/19 for any configured primary or secondary CIP in C2022_A, C2023_A, or C2024_A.",https://nces.ed.gov/ipeds/datacenter/DataFiles.aspx,medium,No,2026-09-09
us:ipeds:188182,University of the Southwest,United States,,,mechanical_program_screening,No configured primary or secondary CIP completion signal in the three frozen IPEDS graduate first-major completions files; catalog-only and new programs remain a known gap.,"No positive-completion row at award levels 7/17/18/19 for any configured primary or secondary CIP in C2022_A, C2023_A, or C2024_A.",https://nces.ed.gov/ipeds/datacenter/DataFiles.aspx,medium,No,2026-09-09
us:ipeds:188207,Southwestern College,United States,,,mechanical_program_screening,No configured primary or secondary CIP completion signal in the three frozen IPEDS graduate first-major completions files; catalog-only and new programs remain a known gap.,"No positive-completion row at award levels 7/17/18/19 for any configured primary or secondary CIP in C2022_A, C2023_A, or C2024_A.",https://nces.ed.gov/ipeds/datacenter/DataFiles.aspx,medium,No,2026-09-09
us:ipeds:188304,Western New Mexico University,United States,,,mechanical_program_screening,No configured primary or secondary CIP completion signal in the three frozen IPEDS graduate first-major completions files; catalog-only and new programs remain a known gap.,"No positive-completion row at award levels 7/17/18/19 for any configured primary or secondary CIP in C2022_A, C2023_A, or C2024_A.",https://nces.ed.gov/ipeds/datacenter/DataFiles.aspx,medium,No,2026-09-09
us:ipeds:188340,Vaughn College of Aeronautics and Technology,United States,,,mechanical_program_screening,No configured primary or secondary CIP completion signal in the three frozen IPEDS graduate first-major completions files; catalog-only and new programs remain a known gap.,"No positive-completion row at award levels 7/17/18/19 for any configured primary or secondary CIP in C2022_A, C2023_A, or C2024_A.",https://nces.ed.gov/ipeds/datacenter/DataFiles.aspx,medium,No,2026-09-09
us:ipeds:188526,Albany College of Pharmacy and Health Sciences,United States,,,mechanical_program_screening,No configured primary or secondary CIP completion signal in the three frozen IPEDS graduate first-major completions files; catalog-only and new programs remain a known gap.,"No positive-completion row at award levels 7/17/18/19 for any configured primary or secondary CIP in C2022_A, C2023_A, or C2024_A.",https://nces.ed.gov/ipeds/datacenter/DataFiles.aspx,medium,No,2026-09-09
us:ipeds:188535,Albany Law School,United States,,,mechanical_program_screening,No configured primary or secondary CIP completion signal in the three frozen IPEDS graduate first-major completions files; catalog-only and new programs remain a known gap.,"No positive-completion row at award levels 7/17/18/19 for any configured primary or secondary CIP in C2022_A, C2023_A, or C2024_A.",https://nces.ed.gov/ipeds/datacenter/DataFiles.aspx,medium,No,2026-09-09
us:ipeds:188580,Albany Medical College,United States,,,mechanical_program_screening,No configured primary or secondary CIP completion signal in the three frozen IPEDS graduate first-major completions files; catalog-only and new programs remain a known gap.,"No positive-completion row at award levels 7/17/18/19 for any configured primary or secondary CIP in C2022_A, C2023_A, or C2024_A.",https://nces.ed.gov/ipeds/datacenter/DataFiles.aspx,medium,No,2026-09-09
us:ipeds:188854,American Musical and Dramatic Academy,United States,,,mechanical_program_screening,No configured primary or secondary CIP completion signal in the three frozen IPEDS graduate first-major completions files; catalog-only and new programs remain a known gap.,"No positive-completion row at award levels 7/17/18/19 for any configured primary or secondary CIP in C2022_A, C2023_A, or C2024_A.",https://nces.ed.gov/ipeds/datacenter/DataFiles.aspx,medium,No,2026-09-09
us:ipeds:189015,Bank Street College of Education,United States,,,mechanical_program_screening,No configured primary or secondary CIP completion signal in the three frozen IPEDS graduate first-major completions files; catalog-only and new programs remain a known gap.,"No positive-completion row at award levels 7/17/18/19 for any configured primary or secondary CIP in C2022_A, C2023_A, or C2024_A.",https://nces.ed.gov/ipeds/datacenter/DataFiles.aspx,medium,No,2026-09-09
us:ipeds:189088,Bard College,United States,,,mechanical_program_screening,No configured primary or secondary CIP completion signal in the three frozen IPEDS graduate first-major completions files; catalog-only and new programs remain a known gap.,"No positive-completion row at award levels 7/17/18/19 for any configured primary or secondary CIP in C2022_A, C2023_A, or C2024_A.",https://nces.ed.gov/ipeds/datacenter/DataFiles.aspx,medium,No,2026-09-09
us:ipeds:189228,Berkeley College-New York,United States,,,mechanical_program_screening,No configured primary or secondary CIP completion signal in the three frozen IPEDS graduate first-major completions files; catalog-only and new programs remain a known gap.,"No positive-completion row at award levels 7/17/18/19 for any configured primary or secondary CIP in C2022_A, C2023_A, or C2024_A.",https://nces.ed.gov/ipeds/datacenter/DataFiles.aspx,medium,No,2026-09-09
us:ipeds:189413,Boricua College,United States,,,mechanical_program_screening,No configured primary or secondary CIP completion signal in the three frozen IPEDS graduate first-major completions files; catalog-only and new programs remain a known gap.,"No positive-completion row at award levels 7/17/18/19 for any configured primary or secondary CIP in C2022_A, C2023_A, or C2024_A.",https://nces.ed.gov/ipeds/datacenter/DataFiles.aspx,medium,No,2026-09-09
us:ipeds:189501,Brooklyn Law School,United States,,,mechanical_program_screening,No configured primary or secondary CIP completion signal in the three frozen IPEDS graduate first-major completions files; catalog-only and new programs remain a known gap.,"No positive-completion row at award levels 7/17/18/19 for any configured primary or secondary CIP in C2022_A, C2023_A, or C2024_A.",https://nces.ed.gov/ipeds/datacenter/DataFiles.aspx,medium,No,2026-09-09
us:ipeds:189705,Canisius University,United States,,,mechanical_program_screening,No configured primary or secondary CIP completion signal in the three frozen IPEDS graduate first-major completions files; catalog-only and new programs remain a known gap.,"No positive-completion row at award levels 7/17/18/19 for any configured primary or secondary CIP in C2022_A, C2023_A, or C2024_A.",https://nces.ed.gov/ipeds/datacenter/DataFiles.aspx,medium,No,2026-09-09
us:ipeds:189857,Central Yeshiva Tomchei Tmimim Lubavitz,United States,,,mechanical_program_screening,No configured primary or secondary CIP completion signal in the three frozen IPEDS graduate first-major completions files; catalog-only and new programs remain a known gap.,"No positive-completion row at award levels 7/17/18/19 for any configured primary or secondary CIP in C2022_A, C2023_A, or C2024_A.",https://nces.ed.gov/ipeds/datacenter/DataFiles.aspx,medium,No,2026-09-09
us:ipeds:190035,CUNY System Office,United States,,,mechanical_program_screening,No configured primary or secondary CIP completion signal in the three frozen IPEDS graduate first-major completions files; catalog-only and new programs remain a known gap.,"No positive-completion row at award levels 7/17/18/19 for any configured primary or secondary CIP in C2022_A, C2023_A, or C2024_A.",https://nces.ed.gov/ipeds/datacenter/DataFiles.aspx,medium,No,2026-09-09
us:ipeds:190080,Colgate Rochester Crozer Divinity School,United States,,,mechanical_program_screening,No configured primary or secondary CIP completion signal in the three frozen IPEDS graduate first-major completions files; catalog-only and new programs remain a known gap.,"No positive-completion row at award levels 7/17/18/19 for any configured primary or secondary CIP in C2022_A, C2023_A, or C2024_A.",https://nces.ed.gov/ipeds/datacenter/DataFiles.aspx,medium,No,2026-09-09
us:ipeds:190099,Colgate University,United States,,,mechanical_program_screening,No configured primary or secondary CIP completion signal in the three frozen IPEDS graduate first-major completions files; catalog-only and new programs remain a known gap.,"No positive-completion row at award levels 7/17/18/19 for any configured primary or secondary CIP in C2022_A, C2023_A, or C2024_A.",https://nces.ed.gov/ipeds/datacenter/DataFiles.aspx,medium,No,2026-09-09
us:ipeds:190114,Metropolitan College of New York,United States,,,mechanical_program_screening,No configured primary or secondary CIP completion signal in the three frozen IPEDS graduate first-major completions files; catalog-only and new programs remain a known gap.,"No positive-completion row at award levels 7/17/18/19 for any configured primary or secondary CIP in C2022_A, C2023_A, or C2024_A.",https://nces.ed.gov/ipeds/datacenter/DataFiles.aspx,medium,No,2026-09-09
us:ipeds:190424,Weill Medical College of Cornell University,United States,,,mechanical_program_screening,No configured primary or secondary CIP completion signal in the three frozen IPEDS graduate first-major completions files; catalog-only and new programs remain a known gap.,"No positive-completion row at award levels 7/17/18/19 for any configured primary or secondary CIP in C2022_A, C2023_A, or C2024_A.",https://nces.ed.gov/ipeds/datacenter/DataFiles.aspx,medium,No,2026-09-09
us:ipeds:190503,Culinary Institute of America,United States,,,mechanical_program_screening,No configured primary or secondary CIP completion signal in the three frozen IPEDS graduate first-major completions files; catalog-only and new programs remain a known gap.,"No positive-completion row at award levels 7/17/18/19 for any configured primary or secondary CIP in C2022_A, C2023_A, or C2024_A.",https://nces.ed.gov/ipeds/datacenter/DataFiles.aspx,medium,No,2026-09-09
us:ipeds:190682,CUNY School of Law,United States,,,mechanical_program_screening,No configured primary or secondary CIP completion signal in the three frozen IPEDS graduate first-major completions files; catalog-only and new programs remain a known gap.,"No positive-completion row at award levels 7/17/18/19 for any configured primary or secondary CIP in C2022_A, C2023_A, or C2024_A.",https://nces.ed.gov/ipeds/datacenter/DataFiles.aspx,medium,No,2026-09-09
us:ipeds:190691,CUNY York College,United States,,,mechanical_program_screening,No configured primary or secondary CIP completion signal in the three frozen IPEDS graduate first-major completions files; catalog-only and new programs remain a known gap.,"No positive-completion row at award levels 7/17/18/19 for any configured primary or secondary CIP in C2022_A, C2023_A, or C2024_A.",https://nces.ed.gov/ipeds/datacenter/DataFiles.aspx,medium,No,2026-09-09
us:ipeds:190716,D'Youville  University,United States,,,mechanical_program_screening,No configured primary or secondary CIP completion signal in the three frozen IPEDS graduate first-major completions files; catalog-only and new programs remain a known gap.,"No positive-completion row at award levels 7/17/18/19 for any configured primary or secondary CIP in C2022_A, C2023_A, or C2024_A.",https://nces.ed.gov/ipeds/datacenter/DataFiles.aspx,medium,No,2026-09-09
us:ipeds:190725,Daemen University,United States,,,mechanical_program_screening,No configured primary or secondary CIP completion signal in the three frozen IPEDS graduate first-major completions files; catalog-only and new programs remain a known gap.,"No positive-completion row at award levels 7/17/18/19 for any configured primary or secondary CIP in C2022_A, C2023_A, or C2024_A.",https://nces.ed.gov/ipeds/datacenter/DataFiles.aspx,medium,No,2026-09-09
us:ipeds:190761,Dominican University New York,United States,,,mechanical_program_screening,No configured primary or secondary CIP completion signal in the three frozen IPEDS graduate first-major completions files; catalog-only and new programs remain a known gap.,"No positive-completion row at award levels 7/17/18/19 for any configured primary or secondary CIP in C2022_A, C2023_A, or C2024_A.",https://nces.ed.gov/ipeds/datacenter/DataFiles.aspx,medium,No,2026-09-09
us:ipeds:190983,Elmira College,United States,,,mechanical_program_screening,No configured primary or secondary CIP completion signal in the three frozen IPEDS graduate first-major completions files; catalog-only and new programs remain a known gap.,"No positive-completion row at award levels 7/17/18/19 for any configured primary or secondary CIP in C2022_A, C2023_A, or C2024_A.",https://nces.ed.gov/ipeds/datacenter/DataFiles.aspx,medium,No,2026-09-09
us:ipeds:191126,Fashion Institute of Technology,United States,,,mechanical_program_screening,No configured primary or secondary CIP completion signal in the three frozen IPEDS graduate first-major completions files; catalog-only and new programs remain a known gap.,"No positive-completion row at award levels 7/17/18/19 for any configured primary or secondary CIP in C2022_A, C2023_A, or C2024_A.",https://nces.ed.gov/ipeds/datacenter/DataFiles.aspx,medium,No,2026-09-09
us:ipeds:191205,Five Towns College,United States,,,mechanical_program_screening,No configured primary or secondary CIP completion signal in the three frozen IPEDS graduate first-major completions files; catalog-only and new programs remain a known gap.,"No positive-completion row at award levels 7/17/18/19 for any configured primary or secondary CIP in C2022_A, C2023_A, or C2024_A.",https://nces.ed.gov/ipeds/datacenter/DataFiles.aspx,medium,No,2026-09-09
us:ipeds:191533,Hartwick College,United States,,,mechanical_program_screening,No configured primary or secondary CIP completion signal in the three frozen IPEDS graduate first-major completions files; catalog-only and new programs remain a known gap.,"No positive-completion row at award levels 7/17/18/19 for any configured primary or secondary CIP in C2022_A, C2023_A, or C2024_A.",https://nces.ed.gov/ipeds/datacenter/DataFiles.aspx,medium,No,2026-09-09
us:ipeds:191621,Hilbert College,United States,,,mechanical_program_screening,No configured primary or secondary CIP completion signal in the three frozen IPEDS graduate first-major completions files; catalog-only and new programs remain a known gap.,"No positive-completion row at award levels 7/17/18/19 for any configured primary or secondary CIP in C2022_A, C2023_A, or C2024_A.",https://nces.ed.gov/ipeds/datacenter/DataFiles.aspx,medium,No,2026-09-09
us:ipeds:191630,Hobart William Smith Colleges,United States,,,mechanical_program_screening,No configured primary or secondary CIP completion signal in the three frozen IPEDS graduate first-major completions files; catalog-only and new programs remain a known gap.,"No positive-completion row at award levels 7/17/18/19 for any configured primary or secondary CIP in C2022_A, C2023_A, or C2024_A.",https://nces.ed.gov/ipeds/datacenter/DataFiles.aspx,medium,No,2026-09-09
us:ipeds:191676,Houghton University,United States,,,mechanical_program_screening,No configured primary or secondary CIP completion signal in the three frozen IPEDS graduate first-major completions files; catalog-only and new programs remain a known gap.,"No positive-completion row at award levels 7/17/18/19 for any configured primary or secondary CIP in C2022_A, C2023_A, or C2024_A.",https://nces.ed.gov/ipeds/datacenter/DataFiles.aspx,medium,No,2026-09-09
us:ipeds:191968,Ithaca College,United States,,,mechanical_program_screening,No configured primary or secondary CIP completion signal in the three frozen IPEDS graduate first-major completions files; catalog-only and new programs remain a known gap.,"No positive-completion row at award levels 7/17/18/19 for any configured primary or secondary CIP in C2022_A, C2023_A, or C2024_A.",https://nces.ed.gov/ipeds/datacenter/DataFiles.aspx,medium,No,2026-09-09
us:ipeds:192040,Jewish Theological Seminary of America,United States,,,mechanical_program_screening,No configured primary or secondary CIP completion signal in the three frozen IPEDS graduate first-major completions files; catalog-only and new programs remain a known gap.,"No positive-completion row at award levels 7/17/18/19 for any configured primary or secondary CIP in C2022_A, C2023_A, or C2024_A.",https://nces.ed.gov/ipeds/datacenter/DataFiles.aspx,medium,No,2026-09-09
us:ipeds:192110,The Juilliard School,United States,,,mechanical_program_screening,No configured primary or secondary CIP completion signal in the three frozen IPEDS graduate first-major completions files; catalog-only and new programs remain a known gap.,"No positive-completion row at award levels 7/17/18/19 for any configured primary or secondary CIP in C2022_A, C2023_A, or C2024_A.",https://nces.ed.gov/ipeds/datacenter/DataFiles.aspx,medium,No,2026-09-09
us:ipeds:192192,Keuka College,United States,,,mechanical_program_screening,No configured primary or secondary CIP completion signal in the three frozen IPEDS graduate first-major completions files; catalog-only and new programs remain a known gap.,"No positive-completion row at award levels 7/17/18/19 for any configured primary or secondary CIP in C2022_A, C2023_A, or C2024_A.",https://nces.ed.gov/ipeds/datacenter/DataFiles.aspx,medium,No,2026-09-09
us:ipeds:192271,LIM College,United States,,,mechanical_program_screening,No configured primary or secondary CIP completion signal in the three frozen IPEDS graduate first-major completions files; catalog-only and new programs remain a known gap.,"No positive-completion row at award levels 7/17/18/19 for any configured primary or secondary CIP in C2022_A, C2023_A, or C2024_A.",https://nces.ed.gov/ipeds/datacenter/DataFiles.aspx,medium,No,2026-09-09
us:ipeds:192712,Manhattan School of Music,United States,,,mechanical_program_screening,No configured primary or secondary CIP completion signal in the three frozen IPEDS graduate first-major completions files; catalog-only and new programs remain a known gap.,"No positive-completion row at award levels 7/17/18/19 for any configured primary or secondary CIP in C2022_A, C2023_A, or C2024_A.",https://nces.ed.gov/ipeds/datacenter/DataFiles.aspx,medium,No,2026-09-09
us:ipeds:192749,Manhattanville University,United States,,,mechanical_program_screening,No configured primary or secondary CIP completion signal in the three frozen IPEDS graduate first-major completions files; catalog-only and new programs remain a known gap.,"No positive-completion row at award levels 7/17/18/19 for any configured primary or secondary CIP in C2022_A, C2023_A, or C2024_A.",https://nces.ed.gov/ipeds/datacenter/DataFiles.aspx,medium,No,2026-09-09
us:ipeds:192785,Maria College of Albany,United States,,,mechanical_program_screening,No configured primary or secondary CIP completion signal in the three frozen IPEDS graduate first-major completions files; catalog-only and new programs remain a known gap.,"No positive-completion row at award levels 7/17/18/19 for any configured primary or secondary CIP in C2022_A, C2023_A, or C2024_A.",https://nces.ed.gov/ipeds/datacenter/DataFiles.aspx,medium,No,2026-09-09
us:ipeds:193070,Mesivtha Tifereth Jerusalem of America,United States,,,mechanical_program_screening,No configured primary or secondary CIP completion signal in the three frozen IPEDS graduate first-major completions files; catalog-only and new programs remain a known gap.,"No positive-completion row at award levels 7/17/18/19 for any configured primary or secondary CIP in C2022_A, C2023_A, or C2024_A.",https://nces.ed.gov/ipeds/datacenter/DataFiles.aspx,medium,No,2026-09-09
us:ipeds:193247,Mirrer Yeshiva Cent Institute,United States,,,mechanical_program_screening,No configured primary or secondary CIP completion signal in the three frozen IPEDS graduate first-major completions files; catalog-only and new programs remain a known gap.,"No positive-completion row at award levels 7/17/18/19 for any configured primary or secondary CIP in C2022_A, C2023_A, or C2024_A.",https://nces.ed.gov/ipeds/datacenter/DataFiles.aspx,medium,No,2026-09-09
us:ipeds:193292,Molloy University,United States,,,mechanical_program_screening,No configured primary or secondary CIP completion signal in the three frozen IPEDS graduate first-major completions files; catalog-only and new programs remain a known gap.,"No positive-completion row at award levels 7/17/18/19 for any configured primary or secondary CIP in C2022_A, C2023_A, or C2024_A.",https://nces.ed.gov/ipeds/datacenter/DataFiles.aspx,medium,No,2026-09-09
us:ipeds:193353,Mount Saint Mary College,United States,,,mechanical_program_screening,No configured primary or secondary CIP completion signal in the three frozen IPEDS graduate first-major completions files; catalog-only and new programs remain a known gap.,"No positive-completion row at award levels 7/17/18/19 for any configured primary or secondary CIP in C2022_A, C2023_A, or C2024_A.",https://nces.ed.gov/ipeds/datacenter/DataFiles.aspx,medium,No,2026-09-09
us:ipeds:193399,University of Mount Saint Vincent,United States,,,mechanical_program_screening,No configured primary or secondary CIP completion signal in the three frozen IPEDS graduate first-major completions files; catalog-only and new programs remain a known gap.,"No positive-completion row at award levels 7/17/18/19 for any configured primary or secondary CIP in C2022_A, C2023_A, or C2024_A.",https://nces.ed.gov/ipeds/datacenter/DataFiles.aspx,medium,No,2026-09-09
us:ipeds:193405,Icahn School of Medicine at Mount Sinai,United States,,,mechanical_program_screening,No configured primary or secondary CIP completion signal in the three frozen IPEDS graduate first-major completions files; catalog-only and new programs remain a known gap.,"No positive-completion row at award levels 7/17/18/19 for any configured primary or secondary CIP in C2022_A, C2023_A, or C2024_A.",https://nces.ed.gov/ipeds/datacenter/DataFiles.aspx,medium,No,2026-09-09
us:ipeds:193584,Nazareth University,United States,,,mechanical_program_screening,No configured primary or secondary CIP completion signal in the three frozen IPEDS graduate first-major completions files; catalog-only and new programs remain a known gap.,"No positive-completion row at award levels 7/17/18/19 for any configured primary or secondary CIP in C2022_A, C2023_A, or C2024_A.",https://nces.ed.gov/ipeds/datacenter/DataFiles.aspx,medium,No,2026-09-09
us:ipeds:193654,The New School,United States,,,mechanical_program_screening,No configured primary or secondary CIP completion signal in the three frozen IPEDS graduate first-major completions files; catalog-only and new programs remain a known gap.,"No positive-completion row at award levels 7/17/18/19 for any configured primary or secondary CIP in C2022_A, C2023_A, or C2024_A.",https://nces.ed.gov/ipeds/datacenter/DataFiles.aspx,medium,No,2026-09-09
us:ipeds:193751,Northeast College of Health Sciences,United States,,,mechanical_program_screening,No configured primary or secondary CIP completion signal in the three frozen IPEDS graduate first-major completions files; catalog-only and new programs remain a known gap.,"No positive-completion row at award levels 7/17/18/19 for any configured primary or secondary CIP in C2022_A, C2023_A, or C2024_A.",https://nces.ed.gov/ipeds/datacenter/DataFiles.aspx,medium,No,2026-09-09
us:ipeds:193821,New York Law School,United States,,,mechanical_program_screening,No configured primary or secondary CIP completion signal in the three frozen IPEDS graduate first-major completions files; catalog-only and new programs remain a known gap.,"No positive-completion row at award levels 7/17/18/19 for any configured primary or secondary CIP in C2022_A, C2023_A, or C2024_A.",https://nces.ed.gov/ipeds/datacenter/DataFiles.aspx,medium,No,2026-09-09
us:ipeds:193830,New York Medical College,United States,,,mechanical_program_screening,No configured primary or secondary CIP completion signal in the three frozen IPEDS graduate first-major completions files; catalog-only and new programs remain a known gap.,"No positive-completion row at award levels 7/17/18/19 for any configured primary or secondary CIP in C2022_A, C2023_A, or C2024_A.",https://nces.ed.gov/ipeds/datacenter/DataFiles.aspx,medium,No,2026-09-09
us:ipeds:193894,New York Theological Seminary,United States,,,mechanical_program_screening,No configured primary or secondary CIP completion signal in the three frozen IPEDS graduate first-major completions files; catalog-only and new programs remain a known gap.,"No positive-completion row at award levels 7/17/18/19 for any configured primary or secondary CIP in C2022_A, C2023_A, or C2024_A.",https://nces.ed.gov/ipeds/datacenter/DataFiles.aspx,medium,No,2026-09-09
us:ipeds:194073,New York College of Podiatric Medicine,United States,,,mechanical_program_screening,No configured primary or secondary CIP completion signal in the three frozen IPEDS graduate first-major completions files; catalog-only and new programs remain a known gap.,"No positive-completion row at award levels 7/17/18/19 for any configured primary or secondary CIP in C2022_A, C2023_A, or C2024_A.",https://nces.ed.gov/ipeds/datacenter/DataFiles.aspx,medium,No,2026-09-09
us:ipeds:194116,New York School of Interior Design,United States,,,mechanical_program_screening,No configured primary or secondary CIP completion signal in the three frozen IPEDS graduate first-major completions files; catalog-only and new programs remain a known gap.,"No positive-completion row at award levels 7/17/18/19 for any configured primary or secondary CIP in C2022_A, C2023_A, or C2024_A.",https://nces.ed.gov/ipeds/datacenter/DataFiles.aspx,medium,No,2026-09-09
us:ipeds:194392,Paul Smiths College of Arts and Science,United States,,,mechanical_program_screening,No configured primary or secondary CIP completion signal in the three frozen IPEDS graduate first-major completions files; catalog-only and new programs remain a known gap.,"No positive-completion row at award levels 7/17/18/19 for any configured primary or secondary CIP in C2022_A, C2023_A, or C2024_A.",https://nces.ed.gov/ipeds/datacenter/DataFiles.aspx,medium,No,2026-09-09
us:ipeds:194499,Plaza College,United States,,,mechanical_program_screening,No configured primary or secondary CIP completion signal in the three frozen IPEDS graduate first-major completions files; catalog-only and new programs remain a known gap.,"No positive-completion row at award levels 7/17/18/19 for any configured primary or secondary CIP in C2022_A, C2023_A, or C2024_A.",https://nces.ed.gov/ipeds/datacenter/DataFiles.aspx,medium,No,2026-09-09
us:ipeds:194657,Rabbinical Academy Mesivta Rabbi Chaim Berlin,United States,,,mechanical_program_screening,No configured primary or secondary CIP completion signal in the three frozen IPEDS graduate first-major completions files; catalog-only and new programs remain a known gap.,"No positive-completion row at award levels 7/17/18/19 for any configured primary or secondary CIP in C2022_A, C2023_A, or C2024_A.",https://nces.ed.gov/ipeds/datacenter/DataFiles.aspx,medium,No,2026-09-09
us:ipeds:194666,Rabbinical College Bobover Yeshiva Bnei Zion,United States,,,mechanical_program_screening,No configured primary or secondary CIP completion signal in the three frozen IPEDS graduate first-major completions files; catalog-only and new programs remain a known gap.,"No positive-completion row at award levels 7/17/18/19 for any configured primary or secondary CIP in C2022_A, C2023_A, or C2024_A.",https://nces.ed.gov/ipeds/datacenter/DataFiles.aspx,medium,No,2026-09-09
us:ipeds:194763,Rabbinical Seminary of America,United States,,,mechanical_program_screening,No configured primary or secondary CIP completion signal in the three frozen IPEDS graduate first-major completions files; catalog-only and new programs remain a known gap.,"No positive-completion row at award levels 7/17/18/19 for any configured primary or secondary CIP in C2022_A, C2023_A, or C2024_A.",https://nces.ed.gov/ipeds/datacenter/DataFiles.aspx,medium,No,2026-09-09
us:ipeds:194958,Roberts Wesleyan University,United States,,,mechanical_program_screening,No configured primary or secondary CIP completion signal in the three frozen IPEDS graduate first-major completions files; catalog-only and new programs remain a known gap.,"No positive-completion row at award levels 7/17/18/19 for any configured primary or secondary CIP in C2022_A, C2023_A, or C2024_A.",https://nces.ed.gov/ipeds/datacenter/DataFiles.aspx,medium,No,2026-09-09
us:ipeds:195049,The Rockefeller University,United States,,,mechanical_program_screening,No configured primary or secondary CIP completion signal in the three frozen IPEDS graduate first-major completions files; catalog-only and new programs remain a known gap.,"No positive-completion row at award levels 7/17/18/19 for any configured primary or secondary CIP in C2022_A, C2023_A, or C2024_A.",https://nces.ed.gov/ipeds/datacenter/DataFiles.aspx,medium,No,2026-09-09
us:ipeds:195128,Russell Sage College,United States,,,mechanical_program_screening,No configured primary or secondary CIP completion signal in the three frozen IPEDS graduate first-major completions files; catalog-only and new programs remain a known gap.,"No positive-completion row at award levels 7/17/18/19 for any configured primary or secondary CIP in C2022_A, C2023_A, or C2024_A.",https://nces.ed.gov/ipeds/datacenter/DataFiles.aspx,medium,No,2026-09-09
us:ipeds:195155,St Bernard's School of Theology and Ministry,United States,,,mechanical_program_screening,No configured primary or secondary CIP completion signal in the three frozen IPEDS graduate first-major completions files; catalog-only and new programs remain a known gap.,"No positive-completion row at award levels 7/17/18/19 for any configured primary or secondary CIP in C2022_A, C2023_A, or C2024_A.",https://nces.ed.gov/ipeds/datacenter/DataFiles.aspx,medium,No,2026-09-09
us:ipeds:195173,St. Francis College,United States,,,mechanical_program_screening,No configured primary or secondary CIP completion signal in the three frozen IPEDS graduate first-major completions files; catalog-only and new programs remain a known gap.,"No positive-completion row at award levels 7/17/18/19 for any configured primary or secondary CIP in C2022_A, C2023_A, or C2024_A.",https://nces.ed.gov/ipeds/datacenter/DataFiles.aspx,medium,No,2026-09-09
us:ipeds:195216,St Lawrence University,United States,,,mechanical_program_screening,No configured primary or secondary CIP completion signal in the three frozen IPEDS graduate first-major completions files; catalog-only and new programs remain a known gap.,"No positive-completion row at award levels 7/17/18/19 for any configured primary or secondary CIP in C2022_A, C2023_A, or C2024_A.",https://nces.ed.gov/ipeds/datacenter/DataFiles.aspx,medium,No,2026-09-09
us:ipeds:195243,St. Thomas Aquinas College,United States,,,mechanical_program_screening,No configured primary or secondary CIP completion signal in the three frozen IPEDS graduate first-major completions files; catalog-only and new programs remain a known gap.,"No positive-completion row at award levels 7/17/18/19 for any configured primary or secondary CIP in C2022_A, C2023_A, or C2024_A.",https://nces.ed.gov/ipeds/datacenter/DataFiles.aspx,medium,No,2026-09-09
us:ipeds:195304,Sarah Lawrence College,United States,,,mechanical_program_screening,No configured primary or secondary CIP completion signal in the three frozen IPEDS graduate first-major completions files; catalog-only and new programs remain a known gap.,"No positive-completion row at award levels 7/17/18/19 for any configured primary or secondary CIP in C2022_A, C2023_A, or C2024_A.",https://nces.ed.gov/ipeds/datacenter/DataFiles.aspx,medium,No,2026-09-09
us:ipeds:195474,Siena College,United States,,,mechanical_program_screening,No configured primary or secondary CIP completion signal in the three frozen IPEDS graduate first-major completions files; catalog-only and new programs remain a known gap.,"No positive-completion row at award levels 7/17/18/19 for any configured primary or secondary CIP in C2022_A, C2023_A, or C2024_A.",https://nces.ed.gov/ipeds/datacenter/DataFiles.aspx,medium,No,2026-09-09
us:ipeds:195580,Saint Vladimirs Orthodox Theological Seminary,United States,,,mechanical_program_screening,No configured primary or secondary CIP completion signal in the three frozen IPEDS graduate first-major completions files; catalog-only and new programs remain a known gap.,"No positive-completion row at award levels 7/17/18/19 for any configured primary or secondary CIP in C2022_A, C2023_A, or C2024_A.",https://nces.ed.gov/ipeds/datacenter/DataFiles.aspx,medium,No,2026-09-09
us:ipeds:195720,St. John Fisher University,United States,,,mechanical_program_screening,No configured primary or secondary CIP completion signal in the three frozen IPEDS graduate first-major completions files; catalog-only and new programs remain a known gap.,"No positive-completion row at award levels 7/17/18/19 for any configured primary or secondary CIP in C2022_A, C2023_A, or C2024_A.",https://nces.ed.gov/ipeds/datacenter/DataFiles.aspx,medium,No,2026-09-09
us:ipeds:195827,SUNY-System Office,United States,,,mechanical_program_screening,No configured primary or secondary CIP completion signal in the three frozen IPEDS graduate first-major completions files; catalog-only and new programs remain a known gap.,"No positive-completion row at award levels 7/17/18/19 for any configured primary or secondary CIP in C2022_A, C2023_A, or C2024_A.",https://nces.ed.gov/ipeds/datacenter/DataFiles.aspx,medium,No,2026-09-09
us:ipeds:196024,SUNY College of Technology at Delhi,United States,,,mechanical_program_screening,No configured primary or secondary CIP completion signal in the three frozen IPEDS graduate first-major completions files; catalog-only and new programs remain a known gap.,"No positive-completion row at award levels 7/17/18/19 for any configured primary or secondary CIP in C2022_A, C2023_A, or C2024_A.",https://nces.ed.gov/ipeds/datacenter/DataFiles.aspx,medium,No,2026-09-09
us:ipeds:196042,Farmingdale State College,United States,,,mechanical_program_screening,No configured primary or secondary CIP completion signal in the three frozen IPEDS graduate first-major completions files; catalog-only and new programs remain a known gap.,"No positive-completion row at award levels 7/17/18/19 for any configured primary or secondary CIP in C2022_A, C2023_A, or C2024_A.",https://nces.ed.gov/ipeds/datacenter/DataFiles.aspx,medium,No,2026-09-09
us:ipeds:196051,SUNY Morrisville,United States,,,mechanical_program_screening,No configured primary or secondary CIP completion signal in the three frozen IPEDS graduate first-major completions files; catalog-only and new programs remain a known gap.,"No positive-completion row at award levels 7/17/18/19 for any configured primary or secondary CIP in C2022_A, C2023_A, or C2024_A.",https://nces.ed.gov/ipeds/datacenter/DataFiles.aspx,medium,No,2026-09-09
us:ipeds:196103,SUNY College of Environmental Science and Forestry,United States,,,mechanical_program_screening,No configured primary or secondary CIP completion signal in the three frozen IPEDS graduate first-major completions files; catalog-only and new programs remain a known gap.,"No positive-completion row at award levels 7/17/18/19 for any configured primary or secondary CIP in C2022_A, C2023_A, or C2024_A.",https://nces.ed.gov/ipeds/datacenter/DataFiles.aspx,medium,No,2026-09-09
us:ipeds:196121,SUNY Brockport,United States,,,mechanical_program_screening,No configured primary or secondary CIP completion signal in the three frozen IPEDS graduate first-major completions files; catalog-only and new programs remain a known gap.,"No positive-completion row at award levels 7/17/18/19 for any configured primary or secondary CIP in C2022_A, C2023_A, or C2024_A.",https://nces.ed.gov/ipeds/datacenter/DataFiles.aspx,medium,No,2026-09-09
us:ipeds:196149,State University of New York at Cortland,United States,,,mechanical_program_screening,No configured primary or secondary CIP completion signal in the three frozen IPEDS graduate first-major completions files; catalog-only and new programs remain a known gap.,"No positive-completion row at award levels 7/17/18/19 for any configured primary or secondary CIP in C2022_A, C2023_A, or C2024_A.",https://nces.ed.gov/ipeds/datacenter/DataFiles.aspx,medium,No,2026-09-09
us:ipeds:196158,SUNY at Fredonia,United States,,,mechanical_program_screening,No configured primary or secondary CIP completion signal in the three frozen IPEDS graduate first-major completions files; catalog-only and new programs remain a known gap.,"No positive-completion row at award levels 7/17/18/19 for any configured primary or secondary CIP in C2022_A, C2023_A, or C2024_A.",https://nces.ed.gov/ipeds/datacenter/DataFiles.aspx,medium,No,2026-09-09
us:ipeds:196167,SUNY College at Geneseo,United States,,,mechanical_program_screening,No configured primary or secondary CIP completion signal in the three frozen IPEDS graduate first-major completions files; catalog-only and new programs remain a known gap.,"No positive-completion row at award levels 7/17/18/19 for any configured primary or secondary CIP in C2022_A, C2023_A, or C2024_A.",https://nces.ed.gov/ipeds/datacenter/DataFiles.aspx,medium,No,2026-09-09
us:ipeds:196185,SUNY Oneonta,United States,,,mechanical_program_screening,No configured primary or secondary CIP completion signal in the three frozen IPEDS graduate first-major completions files; catalog-only and new programs remain a known gap.,"No positive-completion row at award levels 7/17/18/19 for any configured primary or secondary CIP in C2022_A, C2023_A, or C2024_A.",https://nces.ed.gov/ipeds/datacenter/DataFiles.aspx,medium,No,2026-09-09
us:ipeds:196194,State University of New York at Oswego,United States,,,mechanical_program_screening,No configured primary or secondary CIP completion signal in the three frozen IPEDS graduate first-major completions files; catalog-only and new programs remain a known gap.,"No positive-completion row at award levels 7/17/18/19 for any configured primary or secondary CIP in C2022_A, C2023_A, or C2024_A.",https://nces.ed.gov/ipeds/datacenter/DataFiles.aspx,medium,No,2026-09-09
us:ipeds:196200,SUNY College at Potsdam,United States,,,mechanical_program_screening,No configured primary or secondary CIP completion signal in the three frozen IPEDS graduate first-major completions files; catalog-only and new programs remain a known gap.,"No positive-completion row at award levels 7/17/18/19 for any configured primary or secondary CIP in C2022_A, C2023_A, or C2024_A.",https://nces.ed.gov/ipeds/datacenter/DataFiles.aspx,medium,No,2026-09-09
us:ipeds:196219,SUNY at Purchase College,United States,,,mechanical_program_screening,No configured primary or secondary CIP completion signal in the three frozen IPEDS graduate first-major completions files; catalog-only and new programs remain a known gap.,"No positive-completion row at award levels 7/17/18/19 for any configured primary or secondary CIP in C2022_A, C2023_A, or C2024_A.",https://nces.ed.gov/ipeds/datacenter/DataFiles.aspx,medium,No,2026-09-09
us:ipeds:196228,SUNY College of Optometry,United States,,,mechanical_program_screening,No configured primary or secondary CIP completion signal in the three frozen IPEDS graduate first-major completions files; catalog-only and new programs remain a known gap.,"No positive-completion row at award levels 7/17/18/19 for any configured primary or secondary CIP in C2022_A, C2023_A, or C2024_A.",https://nces.ed.gov/ipeds/datacenter/DataFiles.aspx,medium,No,2026-09-09
us:ipeds:196255,SUNY Downstate Health Sciences University,United States,,,mechanical_program_screening,No configured primary or secondary CIP completion signal in the three frozen IPEDS graduate first-major completions files; catalog-only and new programs remain a known gap.,"No positive-completion row at award levels 7/17/18/19 for any configured primary or secondary CIP in C2022_A, C2023_A, or C2024_A.",https://nces.ed.gov/ipeds/datacenter/DataFiles.aspx,medium,No,2026-09-09
us:ipeds:196291,SUNY Maritime College,United States,,,mechanical_program_screening,No configured primary or secondary CIP completion signal in the three frozen IPEDS graduate first-major completions files; catalog-only and new programs remain a known gap.,"No positive-completion row at award levels 7/17/18/19 for any configured primary or secondary CIP in C2022_A, C2023_A, or C2024_A.",https://nces.ed.gov/ipeds/datacenter/DataFiles.aspx,medium,No,2026-09-09
us:ipeds:196307,Upstate Medical University,United States,,,mechanical_program_screening,No configured primary or secondary CIP completion signal in the three frozen IPEDS graduate first-major completions files; catalog-only and new programs remain a known gap.,"No positive-completion row at award levels 7/17/18/19 for any configured primary or secondary CIP in C2022_A, C2023_A, or C2024_A.",https://nces.ed.gov/ipeds/datacenter/DataFiles.aspx,medium,No,2026-09-09
us:ipeds:196440,Talmudical Institute of Upstate New York,United States,,,mechanical_program_screening,No configured primary or secondary CIP completion signal in the three frozen IPEDS graduate first-major completions files; catalog-only and new programs remain a known gap.,"No positive-completion row at award levels 7/17/18/19 for any configured primary or secondary CIP in C2022_A, C2023_A, or C2024_A.",https://nces.ed.gov/ipeds/datacenter/DataFiles.aspx,medium,No,2026-09-09
us:ipeds:196468,Teachers College at Columbia University,United States,,,mechanical_program_screening,No configured primary or secondary CIP completion signal in the three frozen IPEDS graduate first-major completions files; catalog-only and new programs remain a known gap.,"No positive-completion row at award levels 7/17/18/19 for any configured primary or secondary CIP in C2022_A, C2023_A, or C2024_A.",https://nces.ed.gov/ipeds/datacenter/DataFiles.aspx,medium,No,2026-09-09
us:ipeds:196884,Union Theological Seminary in the City of New York,United States,,,mechanical_program_screening,No configured primary or secondary CIP completion signal in the three frozen IPEDS graduate first-major completions files; catalog-only and new programs remain a known gap.,"No positive-completion row at award levels 7/17/18/19 for any configured primary or secondary CIP in C2022_A, C2023_A, or C2024_A.",https://nces.ed.gov/ipeds/datacenter/DataFiles.aspx,medium,No,2026-09-09
us:ipeds:197027,United States Merchant Marine Academy,United States,,,mechanical_program_screening,No configured primary or secondary CIP completion signal in the three frozen IPEDS graduate first-major completions files; catalog-only and new programs remain a known gap.,"No positive-completion row at award levels 7/17/18/19 for any configured primary or secondary CIP in C2022_A, C2023_A, or C2024_A.",https://nces.ed.gov/ipeds/datacenter/DataFiles.aspx,medium,No,2026-09-09
us:ipeds:197151,School of Visual Arts,United States,,,mechanical_program_screening,No configured primary or secondary CIP completion signal in the three frozen IPEDS graduate first-major completions files; catalog-only and new programs remain a known gap.,"No positive-completion row at award levels 7/17/18/19 for any configured primary or secondary CIP in C2022_A, C2023_A, or C2024_A.",https://nces.ed.gov/ipeds/datacenter/DataFiles.aspx,medium,No,2026-09-09
us:ipeds:197197,Wagner College,United States,,,mechanical_program_screening,No configured primary or secondary CIP completion signal in the three frozen IPEDS graduate first-major completions files; catalog-only and new programs remain a known gap.,"No positive-completion row at award levels 7/17/18/19 for any configured primary or secondary CIP in C2022_A, C2023_A, or C2024_A.",https://nces.ed.gov/ipeds/datacenter/DataFiles.aspx,medium,No,2026-09-09
us:ipeds:197647,Yeshiva Derech Chaim,United States,,,mechanical_program_screening,No configured primary or secondary CIP completion signal in the three frozen IPEDS graduate first-major completions files; catalog-only and new programs remain a known gap.,"No positive-completion row at award levels 7/17/18/19 for any configured primary or secondary CIP in C2022_A, C2023_A, or C2024_A.",https://nces.ed.gov/ipeds/datacenter/DataFiles.aspx,medium,No,2026-09-09
us:ipeds:197692,Yeshivath Shaar Hatorah,United States,,,mechanical_program_screening,No configured primary or secondary CIP completion signal in the three frozen IPEDS graduate first-major completions files; catalog-only and new programs remain a known gap.,"No positive-completion row at award levels 7/17/18/19 for any configured primary or secondary CIP in C2022_A, C2023_A, or C2024_A.",https://nces.ed.gov/ipeds/datacenter/DataFiles.aspx,medium,No,2026-09-09
us:ipeds:197735,Yeshivath Viznitz,United States,,,mechanical_program_screening,No configured primary or secondary CIP completion signal in the three frozen IPEDS graduate first-major completions files; catalog-only and new programs remain a known gap.,"No positive-completion row at award levels 7/17/18/19 for any configured primary or secondary CIP in C2022_A, C2023_A, or C2024_A.",https://nces.ed.gov/ipeds/datacenter/DataFiles.aspx,medium,No,2026-09-09
us:ipeds:197911,Barton College,United States,,,mechanical_program_screening,No configured primary or secondary CIP completion signal in the three frozen IPEDS graduate first-major completions files; catalog-only and new programs remain a known gap.,"No positive-completion row at award levels 7/17/18/19 for any configured primary or secondary CIP in C2022_A, C2023_A, or C2024_A.",https://nces.ed.gov/ipeds/datacenter/DataFiles.aspx,medium,No,2026-09-09
us:ipeds:197984,Belmont Abbey College,United States,,,mechanical_program_screening,No configured primary or secondary CIP completion signal in the three frozen IPEDS graduate first-major completions files; catalog-only and new programs remain a known gap.,"No positive-completion row at award levels 7/17/18/19 for any configured primary or secondary CIP in C2022_A, C2023_A, or C2024_A.",https://nces.ed.gov/ipeds/datacenter/DataFiles.aspx,medium,No,2026-09-09
us:ipeds:198066,Brevard College,United States,,,mechanical_program_screening,No configured primary or secondary CIP completion signal in the three frozen IPEDS graduate first-major completions files; catalog-only and new programs remain a known gap.,"No positive-completion row at award levels 7/17/18/19 for any configured primary or secondary CIP in C2022_A, C2023_A, or C2024_A.",https://nces.ed.gov/ipeds/datacenter/DataFiles.aspx,medium,No,2026-09-09
us:ipeds:198109,Cabarrus College of Health Sciences,United States,,,mechanical_program_screening,No configured primary or secondary CIP completion signal in the three frozen IPEDS graduate first-major completions files; catalog-only and new programs remain a known gap.,"No positive-completion row at award levels 7/17/18/19 for any configured primary or secondary CIP in C2022_A, C2023_A, or C2024_A.",https://nces.ed.gov/ipeds/datacenter/DataFiles.aspx,medium,No,2026-09-09
us:ipeds:198136,Campbell University,United States,,,mechanical_program_screening,No configured primary or secondary CIP completion signal in the three frozen IPEDS graduate first-major completions files; catalog-only and new programs remain a known gap.,"No positive-completion row at award levels 7/17/18/19 for any configured primary or secondary CIP in C2022_A, C2023_A, or C2024_A.",https://nces.ed.gov/ipeds/datacenter/DataFiles.aspx,medium,No,2026-09-09
us:ipeds:198215,Catawba College,United States,,,mechanical_program_screening,No configured primary or secondary CIP completion signal in the three frozen IPEDS graduate first-major completions files; catalog-only and new programs remain a known gap.,"No positive-completion row at award levels 7/17/18/19 for any configured primary or secondary CIP in C2022_A, C2023_A, or C2024_A.",https://nces.ed.gov/ipeds/datacenter/DataFiles.aspx,medium,No,2026-09-09
us:ipeds:198303,Chowan University,United States,,,mechanical_program_screening,No configured primary or secondary CIP completion signal in the three frozen IPEDS graduate first-major completions files; catalog-only and new programs remain a known gap.,"No positive-completion row at award levels 7/17/18/19 for any configured primary or secondary CIP in C2022_A, C2023_A, or C2024_A.",https://nces.ed.gov/ipeds/datacenter/DataFiles.aspx,medium,No,2026-09-09
us:ipeds:198507,Elizabeth City State University,United States,,,mechanical_program_screening,No configured primary or secondary CIP completion signal in the three frozen IPEDS graduate first-major completions files; catalog-only and new programs remain a known gap.,"No positive-completion row at award levels 7/17/18/19 for any configured primary or secondary CIP in C2022_A, C2023_A, or C2024_A.",https://nces.ed.gov/ipeds/datacenter/DataFiles.aspx,medium,No,2026-09-09
us:ipeds:198516,Elon University,United States,,,mechanical_program_screening,No configured primary or secondary CIP completion signal in the three frozen IPEDS graduate first-major completions files; catalog-only and new programs remain a known gap.,"No positive-completion row at award levels 7/17/18/19 for any configured primary or secondary CIP in C2022_A, C2023_A, or C2024_A.",https://nces.ed.gov/ipeds/datacenter/DataFiles.aspx,medium,No,2026-09-09
us:ipeds:198543,Fayetteville State University,United States,,,mechanical_program_screening,No configured primary or secondary CIP completion signal in the three frozen IPEDS graduate first-major completions files; catalog-only and new programs remain a known gap.,"No positive-completion row at award levels 7/17/18/19 for any configured primary or secondary CIP in C2022_A, C2023_A, or C2024_A.",https://nces.ed.gov/ipeds/datacenter/DataFiles.aspx,medium,No,2026-09-09
us:ipeds:198561,Gardner-Webb University,United States,,,mechanical_program_screening,No configured primary or secondary CIP completion signal in the three frozen IPEDS graduate first-major completions files; catalog-only and new programs remain a known gap.,"No positive-completion row at award levels 7/17/18/19 for any configured primary or secondary CIP in C2022_A, C2023_A, or C2024_A.",https://nces.ed.gov/ipeds/datacenter/DataFiles.aspx,medium,No,2026-09-09
us:ipeds:198598,Greensboro College,United States,,,mechanical_program_screening,No configured primary or secondary CIP completion signal in the three frozen IPEDS graduate first-major completions files; catalog-only and new programs remain a known gap.,"No positive-completion row at award levels 7/17/18/19 for any configured primary or secondary CIP in C2022_A, C2023_A, or C2024_A.",https://nces.ed.gov/ipeds/datacenter/DataFiles.aspx,medium,No,2026-09-09
us:ipeds:198613,Guilford College,United States,,,mechanical_program_screening,No configured primary or secondary CIP completion signal in the three frozen IPEDS graduate first-major completions files; catalog-only and new programs remain a known gap.,"No positive-completion row at award levels 7/17/18/19 for any configured primary or secondary CIP in C2022_A, C2023_A, or C2024_A.",https://nces.ed.gov/ipeds/datacenter/DataFiles.aspx,medium,No,2026-09-09
us:ipeds:198677,Heritage Bible College,United States,,,mechanical_program_screening,No configured primary or secondary CIP completion signal in the three frozen IPEDS graduate first-major completions files; catalog-only and new programs remain a known gap.,"No positive-completion row at award levels 7/17/18/19 for any configured primary or secondary CIP in C2022_A, C2023_A, or C2024_A.",https://nces.ed.gov/ipeds/datacenter/DataFiles.aspx,medium,No,2026-09-09
us:ipeds:198695,High Point University,United States,,,mechanical_program_screening,No configured primary or secondary CIP completion signal in the three frozen IPEDS graduate first-major completions files; catalog-only and new programs remain a known gap.,"No positive-completion row at award levels 7/17/18/19 for any configured primary or secondary CIP in C2022_A, C2023_A, or C2024_A.",https://nces.ed.gov/ipeds/datacenter/DataFiles.aspx,medium,No,2026-09-09
us:ipeds:198756,Johnson C Smith University,United States,,,mechanical_program_screening,No configured primary or secondary CIP completion signal in the three frozen IPEDS graduate first-major completions files; catalog-only and new programs remain a known gap.,"No positive-completion row at award levels 7/17/18/19 for any configured primary or secondary CIP in C2022_A, C2023_A, or C2024_A.",https://nces.ed.gov/ipeds/datacenter/DataFiles.aspx,medium,No,2026-09-09
us:ipeds:198808,Lees-McRae College,United States,,,mechanical_program_screening,No configured primary or secondary CIP completion signal in the three frozen IPEDS graduate first-major completions files; catalog-only and new programs remain a known gap.,"No positive-completion row at award levels 7/17/18/19 for any configured primary or secondary CIP in C2022_A, C2023_A, or C2024_A.",https://nces.ed.gov/ipeds/datacenter/DataFiles.aspx,medium,No,2026-09-09
us:ipeds:198835,Lenoir-Rhyne University,United States,,,mechanical_program_screening,No configured primary or secondary CIP completion signal in the three frozen IPEDS graduate first-major completions files; catalog-only and new programs remain a known gap.,"No positive-completion row at award levels 7/17/18/19 for any configured primary or secondary CIP in C2022_A, C2023_A, or C2024_A.",https://nces.ed.gov/ipeds/datacenter/DataFiles.aspx,medium,No,2026-09-09
us:ipeds:198862,Livingstone College,United States,,,mechanical_program_screening,No configured primary or secondary CIP completion signal in the three frozen IPEDS graduate first-major completions files; catalog-only and new programs remain a known gap.,"No positive-completion row at award levels 7/17/18/19 for any configured primary or secondary CIP in C2022_A, C2023_A, or C2024_A.",https://nces.ed.gov/ipeds/datacenter/DataFiles.aspx,medium,No,2026-09-09
us:ipeds:198899,Mars Hill University,United States,,,mechanical_program_screening,No configured primary or secondary CIP completion signal in the three frozen IPEDS graduate first-major completions files; catalog-only and new programs remain a known gap.,"No positive-completion row at award levels 7/17/18/19 for any configured primary or secondary CIP in C2022_A, C2023_A, or C2024_A.",https://nces.ed.gov/ipeds/datacenter/DataFiles.aspx,medium,No,2026-09-09
us:ipeds:198950,Meredith College,United States,,,mechanical_program_screening,No configured primary or secondary CIP completion signal in the three frozen IPEDS graduate first-major completions files; catalog-only and new programs remain a known gap.,"No positive-completion row at award levels 7/17/18/19 for any configured primary or secondary CIP in C2022_A, C2023_A, or C2024_A.",https://nces.ed.gov/ipeds/datacenter/DataFiles.aspx,medium,No,2026-09-09
us:ipeds:198969,Methodist University,United States,,,mechanical_program_screening,No configured primary or secondary CIP completion signal in the three frozen IPEDS graduate first-major completions files; catalog-only and new programs remain a known gap.,"No positive-completion row at award levels 7/17/18/19 for any configured primary or secondary CIP in C2022_A, C2023_A, or C2024_A.",https://nces.ed.gov/ipeds/datacenter/DataFiles.aspx,medium,No,2026-09-09
us:ipeds:199032,Montreat College,United States,,,mechanical_program_screening,No configured primary or secondary CIP completion signal in the three frozen IPEDS graduate first-major completions files; catalog-only and new programs remain a known gap.,"No positive-completion row at award levels 7/17/18/19 for any configured primary or secondary CIP in C2022_A, C2023_A, or C2024_A.",https://nces.ed.gov/ipeds/datacenter/DataFiles.aspx,medium,No,2026-09-09
us:ipeds:199069,University of Mount Olive,United States,,,mechanical_program_screening,No configured primary or secondary CIP completion signal in the three frozen IPEDS graduate first-major completions files; catalog-only and new programs remain a known gap.,"No positive-completion row at award levels 7/17/18/19 for any configured primary or secondary CIP in C2022_A, C2023_A, or C2024_A.",https://nces.ed.gov/ipeds/datacenter/DataFiles.aspx,medium,No,2026-09-09
us:ipeds:199111,University of North Carolina Asheville,United States,,,mechanical_program_screening,No configured primary or secondary CIP completion signal in the three frozen IPEDS graduate first-major completions files; catalog-only and new programs remain a known gap.,"No positive-completion row at award levels 7/17/18/19 for any configured primary or secondary CIP in C2022_A, C2023_A, or C2024_A.",https://nces.ed.gov/ipeds/datacenter/DataFiles.aspx,medium,No,2026-09-09
us:ipeds:199175,University of North Carolina System,United States,,,mechanical_program_screening,No configured primary or secondary CIP completion signal in the three frozen IPEDS graduate first-major completions files; catalog-only and new programs remain a known gap.,"No positive-completion row at award levels 7/17/18/19 for any configured primary or secondary CIP in C2022_A, C2023_A, or C2024_A.",https://nces.ed.gov/ipeds/datacenter/DataFiles.aspx,medium,No,2026-09-09
us:ipeds:199184,University of North Carolina School of the Arts,United States,,,mechanical_program_screening,No configured primary or secondary CIP completion signal in the three frozen IPEDS graduate first-major completions files; catalog-only and new programs remain a known gap.,"No positive-completion row at award levels 7/17/18/19 for any configured primary or secondary CIP in C2022_A, C2023_A, or C2024_A.",https://nces.ed.gov/ipeds/datacenter/DataFiles.aspx,medium,No,2026-09-09
us:ipeds:199209,North Carolina Wesleyan University,United States,,,mechanical_program_screening,No configured primary or secondary CIP completion signal in the three frozen IPEDS graduate first-major completions files; catalog-only and new programs remain a known gap.,"No positive-completion row at award levels 7/17/18/19 for any configured primary or secondary CIP in C2022_A, C2023_A, or C2024_A.",https://nces.ed.gov/ipeds/datacenter/DataFiles.aspx,medium,No,2026-09-09
us:ipeds:199281,University of North Carolina at Pembroke,United States,,,mechanical_program_screening,No configured primary or secondary CIP completion signal in the three frozen IPEDS graduate first-major completions files; catalog-only and new programs remain a known gap.,"No positive-completion row at award levels 7/17/18/19 for any configured primary or secondary CIP in C2022_A, C2023_A, or C2024_A.",https://nces.ed.gov/ipeds/datacenter/DataFiles.aspx,medium,No,2026-09-09
us:ipeds:199306,Pfeiffer University,United States,,,mechanical_program_screening,No configured primary or secondary CIP completion signal in the three frozen IPEDS graduate first-major completions files; catalog-only and new programs remain a known gap.,"No positive-completion row at award levels 7/17/18/19 for any configured primary or secondary CIP in C2022_A, C2023_A, or C2024_A.",https://nces.ed.gov/ipeds/datacenter/DataFiles.aspx,medium,No,2026-09-09
us:ipeds:199412,Queens University of Charlotte,United States,,,mechanical_program_screening,No configured primary or secondary CIP completion signal in the three frozen IPEDS graduate first-major completions files; catalog-only and new programs remain a known gap.,"No positive-completion row at award levels 7/17/18/19 for any configured primary or secondary CIP in C2022_A, C2023_A, or C2024_A.",https://nces.ed.gov/ipeds/datacenter/DataFiles.aspx,medium,No,2026-09-09
us:ipeds:199582,Saint Augustine's University,United States,,,mechanical_program_screening,No configured primary or secondary CIP completion signal in the three frozen IPEDS graduate first-major completions files; catalog-only and new programs remain a known gap.,"No positive-completion row at award levels 7/17/18/19 for any configured primary or secondary CIP in C2022_A, C2023_A, or C2024_A.",https://nces.ed.gov/ipeds/datacenter/DataFiles.aspx,medium,No,2026-09-09
us:ipeds:199607,Salem College,United States,,,mechanical_program_screening,No configured primary or secondary CIP completion signal in the three frozen IPEDS graduate first-major completions files; catalog-only and new programs remain a known gap.,"No positive-completion row at award levels 7/17/18/19 for any configured primary or secondary CIP in C2022_A, C2023_A, or C2024_A.",https://nces.ed.gov/ipeds/datacenter/DataFiles.aspx,medium,No,2026-09-09
us:ipeds:199643,Shaw University,United States,,,mechanical_program_screening,No configured primary or secondary CIP completion signal in the three frozen IPEDS graduate first-major completions files; catalog-only and new programs remain a known gap.,"No positive-completion row at award levels 7/17/18/19 for any configured primary or secondary CIP in C2022_A, C2023_A, or C2024_A.",https://nces.ed.gov/ipeds/datacenter/DataFiles.aspx,medium,No,2026-09-09
us:ipeds:199698,St. Andrews University,United States,,,mechanical_program_screening,No configured primary or secondary CIP completion signal in the three frozen IPEDS graduate first-major completions files; catalog-only and new programs remain a known gap.,"No positive-completion row at award levels 7/17/18/19 for any configured primary or secondary CIP in C2022_A, C2023_A, or C2024_A.",https://nces.ed.gov/ipeds/datacenter/DataFiles.aspx,medium,No,2026-09-09
us:ipeds:199759,Southeastern Baptist Theological Seminary,United States,,,mechanical_program_screening,No configured primary or secondary CIP completion signal in the three frozen IPEDS graduate first-major completions files; catalog-only and new programs remain a known gap.,"No positive-completion row at award levels 7/17/18/19 for any configured primary or secondary CIP in C2022_A, C2023_A, or C2024_A.",https://nces.ed.gov/ipeds/datacenter/DataFiles.aspx,medium,No,2026-09-09
us:ipeds:199865,Warren Wilson College,United States,,,mechanical_program_screening,No configured primary or secondary CIP completion signal in the three frozen IPEDS graduate first-major completions files; catalog-only and new programs remain a known gap.,"No positive-completion row at award levels 7/17/18/19 for any configured primary or secondary CIP in C2022_A, C2023_A, or C2024_A.",https://nces.ed.gov/ipeds/datacenter/DataFiles.aspx,medium,No,2026-09-09
us:ipeds:199962,Wingate University,United States,,,mechanical_program_screening,No configured primary or secondary CIP completion signal in the three frozen IPEDS graduate first-major completions files; catalog-only and new programs remain a known gap.,"No positive-completion row at award levels 7/17/18/19 for any configured primary or secondary CIP in C2022_A, C2023_A, or C2024_A.",https://nces.ed.gov/ipeds/datacenter/DataFiles.aspx,medium,No,2026-09-09
us:ipeds:199971,Carolina Christian College,United States,,,mechanical_program_screening,No configured primary or secondary CIP completion signal in the three frozen IPEDS graduate first-major completions files; catalog-only and new programs remain a known gap.,"No positive-completion row at award levels 7/17/18/19 for any configured primary or secondary CIP in C2022_A, C2023_A, or C2024_A.",https://nces.ed.gov/ipeds/datacenter/DataFiles.aspx,medium,No,2026-09-09
us:ipeds:200004,Western Carolina University,United States,,,mechanical_program_screening,No configured primary or secondary CIP completion signal in the three frozen IPEDS graduate first-major completions files; catalog-only and new programs remain a known gap.,"No positive-completion row at award levels 7/17/18/19 for any configured primary or secondary CIP in C2022_A, C2023_A, or C2024_A.",https://nces.ed.gov/ipeds/datacenter/DataFiles.aspx,medium,No,2026-09-09
us:ipeds:200059,Dickinson State University,United States,,,mechanical_program_screening,No configured primary or secondary CIP completion signal in the three frozen IPEDS graduate first-major completions files; catalog-only and new programs remain a known gap.,"No positive-completion row at award levels 7/17/18/19 for any configured primary or secondary CIP in C2022_A, C2023_A, or C2024_A.",https://nces.ed.gov/ipeds/datacenter/DataFiles.aspx,medium,No,2026-09-09
us:ipeds:200156,University of Jamestown,United States,,,mechanical_program_screening,No configured primary or secondary CIP completion signal in the three frozen IPEDS graduate first-major completions files; catalog-only and new programs remain a known gap.,"No positive-completion row at award levels 7/17/18/19 for any configured primary or secondary CIP in C2022_A, C2023_A, or C2024_A.",https://nces.ed.gov/ipeds/datacenter/DataFiles.aspx,medium,No,2026-09-09
us:ipeds:200217,University of Mary,United States,,,mechanical_program_screening,No configured primary or secondary CIP completion signal in the three frozen IPEDS graduate first-major completions files; catalog-only and new programs remain a known gap.,"No positive-completion row at award levels 7/17/18/19 for any configured primary or secondary CIP in C2022_A, C2023_A, or C2024_A.",https://nces.ed.gov/ipeds/datacenter/DataFiles.aspx,medium,No,2026-09-09
us:ipeds:200226,Mayville State University,United States,,,mechanical_program_screening,No configured primary or secondary CIP completion signal in the three frozen IPEDS graduate first-major completions files; catalog-only and new programs remain a known gap.,"No positive-completion row at award levels 7/17/18/19 for any configured primary or secondary CIP in C2022_A, C2023_A, or C2024_A.",https://nces.ed.gov/ipeds/datacenter/DataFiles.aspx,medium,No,2026-09-09
us:ipeds:200253,Minot State University,United States,,,mechanical_program_screening,No configured primary or secondary CIP completion signal in the three frozen IPEDS graduate first-major completions files; catalog-only and new programs remain a known gap.,"No positive-completion row at award levels 7/17/18/19 for any configured primary or secondary CIP in C2022_A, C2023_A, or C2024_A.",https://nces.ed.gov/ipeds/datacenter/DataFiles.aspx,medium,No,2026-09-09
us:ipeds:200466,Sitting Bull College,United States,,,mechanical_program_screening,No configured primary or secondary CIP completion signal in the three frozen IPEDS graduate first-major completions files; catalog-only and new programs remain a known gap.,"No positive-completion row at award levels 7/17/18/19 for any configured primary or secondary CIP in C2022_A, C2023_A, or C2024_A.",https://nces.ed.gov/ipeds/datacenter/DataFiles.aspx,medium,No,2026-09-09
us:ipeds:200484,Trinity Bible College and Graduate School,United States,,,mechanical_program_screening,No configured primary or secondary CIP completion signal in the three frozen IPEDS graduate first-major completions files; catalog-only and new programs remain a known gap.,"No positive-completion row at award levels 7/17/18/19 for any configured primary or secondary CIP in C2022_A, C2023_A, or C2024_A.",https://nces.ed.gov/ipeds/datacenter/DataFiles.aspx,medium,No,2026-09-09
us:ipeds:200527,Turtle Mountain Community College,United States,,,mechanical_program_screening,No configured primary or secondary CIP completion signal in the three frozen IPEDS graduate first-major completions files; catalog-only and new programs remain a known gap.,"No positive-completion row at award levels 7/17/18/19 for any configured primary or secondary CIP in C2022_A, C2023_A, or C2024_A.",https://nces.ed.gov/ipeds/datacenter/DataFiles.aspx,medium,No,2026-09-09
us:ipeds:200572,Valley City State University,United States,,,mechanical_program_screening,No configured primary or secondary CIP completion signal in the three frozen IPEDS graduate first-major completions files; catalog-only and new programs remain a known gap.,"No positive-completion row at award levels 7/17/18/19 for any configured primary or secondary CIP in C2022_A, C2023_A, or C2024_A.",https://nces.ed.gov/ipeds/datacenter/DataFiles.aspx,medium,No,2026-09-09
us:ipeds:201061,Art Academy of Cincinnati,United States,,,mechanical_program_screening,No configured primary or secondary CIP completion signal in the three frozen IPEDS graduate first-major completions files; catalog-only and new programs remain a known gap.,"No positive-completion row at award levels 7/17/18/19 for any configured primary or secondary CIP in C2022_A, C2023_A, or C2024_A.",https://nces.ed.gov/ipeds/datacenter/DataFiles.aspx,medium,No,2026-09-09
us:ipeds:201104,Ashland University,United States,,,mechanical_program_screening,No configured primary or secondary CIP completion signal in the three frozen IPEDS graduate first-major completions files; catalog-only and new programs remain a known gap.,"No positive-completion row at award levels 7/17/18/19 for any configured primary or secondary CIP in C2022_A, C2023_A, or C2024_A.",https://nces.ed.gov/ipeds/datacenter/DataFiles.aspx,medium,No,2026-09-09
us:ipeds:201140,Athenaeum of Ohio,United States,,,mechanical_program_screening,No configured primary or secondary CIP completion signal in the three frozen IPEDS graduate first-major completions files; catalog-only and new programs remain a known gap.,"No positive-completion row at award levels 7/17/18/19 for any configured primary or secondary CIP in C2022_A, C2023_A, or C2024_A.",https://nces.ed.gov/ipeds/datacenter/DataFiles.aspx,medium,No,2026-09-09
us:ipeds:201195,Baldwin Wallace University,United States,,,mechanical_program_screening,No configured primary or secondary CIP completion signal in the three frozen IPEDS graduate first-major completions files; catalog-only and new programs remain a known gap.,"No positive-completion row at award levels 7/17/18/19 for any configured primary or secondary CIP in C2022_A, C2023_A, or C2024_A.",https://nces.ed.gov/ipeds/datacenter/DataFiles.aspx,medium,No,2026-09-09
us:ipeds:201371,Bluffton University,United States,,,mechanical_program_screening,No configured primary or secondary CIP completion signal in the three frozen IPEDS graduate first-major completions files; catalog-only and new programs remain a known gap.,"No positive-completion row at award levels 7/17/18/19 for any configured primary or secondary CIP in C2022_A, C2023_A, or C2024_A.",https://nces.ed.gov/ipeds/datacenter/DataFiles.aspx,medium,No,2026-09-09
us:ipeds:201548,Capital University,United States,,,mechanical_program_screening,No configured primary or secondary CIP completion signal in the three frozen IPEDS graduate first-major completions files; catalog-only and new programs remain a known gap.,"No positive-completion row at award levels 7/17/18/19 for any configured primary or secondary CIP in C2022_A, C2023_A, or C2024_A.",https://nces.ed.gov/ipeds/datacenter/DataFiles.aspx,medium,No,2026-09-09
us:ipeds:201654,Cedarville University,United States,,,mechanical_program_screening,No configured primary or secondary CIP completion signal in the three frozen IPEDS graduate first-major completions files; catalog-only and new programs remain a known gap.,"No positive-completion row at award levels 7/17/18/19 for any configured primary or secondary CIP in C2022_A, C2023_A, or C2024_A.",https://nces.ed.gov/ipeds/datacenter/DataFiles.aspx,medium,No,2026-09-09
us:ipeds:201690,Central State University,United States,,,mechanical_program_screening,No configured primary or secondary CIP completion signal in the three frozen IPEDS graduate first-major completions files; catalog-only and new programs remain a known gap.,"No positive-completion row at award levels 7/17/18/19 for any configured primary or secondary CIP in C2022_A, C2023_A, or C2024_A.",https://nces.ed.gov/ipeds/datacenter/DataFiles.aspx,medium,No,2026-09-09
us:ipeds:201964,Ohio Christian University,United States,,,mechanical_program_screening,No configured primary or secondary CIP completion signal in the three frozen IPEDS graduate first-major completions files; catalog-only and new programs remain a known gap.,"No positive-completion row at award levels 7/17/18/19 for any configured primary or secondary CIP in C2022_A, C2023_A, or C2024_A.",https://nces.ed.gov/ipeds/datacenter/DataFiles.aspx,medium,No,2026-09-09
us:ipeds:202073,Cleveland Institute of Music,United States,,,mechanical_program_screening,No configured primary or secondary CIP completion signal in the three frozen IPEDS graduate first-major completions files; catalog-only and new programs remain a known gap.,"No positive-completion row at award levels 7/17/18/19 for any configured primary or secondary CIP in C2022_A, C2023_A, or C2024_A.",https://nces.ed.gov/ipeds/datacenter/DataFiles.aspx,medium,No,2026-09-09
us:ipeds:202170,Columbus College of Art & Design,United States,,,mechanical_program_screening,No configured primary or secondary CIP completion signal in the three frozen IPEDS graduate first-major completions files; catalog-only and new programs remain a known gap.,"No positive-completion row at award levels 7/17/18/19 for any configured primary or secondary CIP in C2022_A, C2023_A, or C2024_A.",https://nces.ed.gov/ipeds/datacenter/DataFiles.aspx,medium,No,2026-09-09
us:ipeds:202514,Defiance College,United States,,,mechanical_program_screening,No configured primary or secondary CIP completion signal in the three frozen IPEDS graduate first-major completions files; catalog-only and new programs remain a known gap.,"No positive-completion row at award levels 7/17/18/19 for any configured primary or secondary CIP in C2022_A, C2023_A, or C2024_A.",https://nces.ed.gov/ipeds/datacenter/DataFiles.aspx,medium,No,2026-09-09
us:ipeds:202903,Gods Bible School and College,United States,,,mechanical_program_screening,No configured primary or secondary CIP completion signal in the three frozen IPEDS graduate first-major completions files; catalog-only and new programs remain a known gap.,"No positive-completion row at award levels 7/17/18/19 for any configured primary or secondary CIP in C2022_A, C2023_A, or C2024_A.",https://nces.ed.gov/ipeds/datacenter/DataFiles.aspx,medium,No,2026-09-09
us:ipeds:203067,Hebrew Union College-Jewish Institute of Religion,United States,,,mechanical_program_screening,No configured primary or secondary CIP completion signal in the three frozen IPEDS graduate first-major completions files; catalog-only and new programs remain a known gap.,"No positive-completion row at award levels 7/17/18/19 for any configured primary or secondary CIP in C2022_A, C2023_A, or C2024_A.",https://nces.ed.gov/ipeds/datacenter/DataFiles.aspx,medium,No,2026-09-09
us:ipeds:203085,Heidelberg University,United States,,,mechanical_program_screening,No configured primary or secondary CIP completion signal in the three frozen IPEDS graduate first-major completions files; catalog-only and new programs remain a known gap.,"No positive-completion row at award levels 7/17/18/19 for any configured primary or secondary CIP in C2022_A, C2023_A, or C2024_A.",https://nces.ed.gov/ipeds/datacenter/DataFiles.aspx,medium,No,2026-09-09
us:ipeds:203128,Hiram College,United States,,,mechanical_program_screening,No configured primary or secondary CIP completion signal in the three frozen IPEDS graduate first-major completions files; catalog-only and new programs remain a known gap.,"No positive-completion row at award levels 7/17/18/19 for any configured primary or secondary CIP in C2022_A, C2023_A, or C2024_A.",https://nces.ed.gov/ipeds/datacenter/DataFiles.aspx,medium,No,2026-09-09
us:ipeds:203368,John Carroll University,United States,,,mechanical_program_screening,No configured primary or secondary CIP completion signal in the three frozen IPEDS graduate first-major completions files; catalog-only and new programs remain a known gap.,"No positive-completion row at award levels 7/17/18/19 for any configured primary or secondary CIP in C2022_A, C2023_A, or C2024_A.",https://nces.ed.gov/ipeds/datacenter/DataFiles.aspx,medium,No,2026-09-09
us:ipeds:203465,Kent State University at Stark,United States,,,mechanical_program_screening,No configured primary or secondary CIP completion signal in the three frozen IPEDS graduate first-major completions files; catalog-only and new programs remain a known gap.,"No positive-completion row at award levels 7/17/18/19 for any configured primary or secondary CIP in C2022_A, C2023_A, or C2024_A.",https://nces.ed.gov/ipeds/datacenter/DataFiles.aspx,medium,No,2026-09-09
us:ipeds:203526,Kent State University at Geauga,United States,,,mechanical_program_screening,No configured primary or secondary CIP completion signal in the three frozen IPEDS graduate first-major completions files; catalog-only and new programs remain a known gap.,"No positive-completion row at award levels 7/17/18/19 for any configured primary or secondary CIP in C2022_A, C2023_A, or C2024_A.",https://nces.ed.gov/ipeds/datacenter/DataFiles.aspx,medium,No,2026-09-09
us:ipeds:203544,Kettering College,United States,,,mechanical_program_screening,No configured primary or secondary CIP completion signal in the three frozen IPEDS graduate first-major completions files; catalog-only and new programs remain a known gap.,"No positive-completion row at award levels 7/17/18/19 for any configured primary or secondary CIP in C2022_A, C2023_A, or C2024_A.",https://nces.ed.gov/ipeds/datacenter/DataFiles.aspx,medium,No,2026-09-09
us:ipeds:203580,Lake Erie College,United States,,,mechanical_program_screening,No configured primary or secondary CIP completion signal in the three frozen IPEDS graduate first-major completions files; catalog-only and new programs remain a known gap.,"No positive-completion row at award levels 7/17/18/19 for any configured primary or secondary CIP in C2022_A, C2023_A, or C2024_A.",https://nces.ed.gov/ipeds/datacenter/DataFiles.aspx,medium,No,2026-09-09
us:ipeds:203757,Lourdes University,United States,,,mechanical_program_screening,No configured primary or secondary CIP completion signal in the three frozen IPEDS graduate first-major completions files; catalog-only and new programs remain a known gap.,"No positive-completion row at award levels 7/17/18/19 for any configured primary or secondary CIP in C2022_A, C2023_A, or C2024_A.",https://nces.ed.gov/ipeds/datacenter/DataFiles.aspx,medium,No,2026-09-09
us:ipeds:203775,Malone University,United States,,,mechanical_program_screening,No configured primary or secondary CIP completion signal in the three frozen IPEDS graduate first-major completions files; catalog-only and new programs remain a known gap.,"No positive-completion row at award levels 7/17/18/19 for any configured primary or secondary CIP in C2022_A, C2023_A, or C2024_A.",https://nces.ed.gov/ipeds/datacenter/DataFiles.aspx,medium,No,2026-09-09
us:ipeds:203845,Marietta College,United States,,,mechanical_program_screening,No configured primary or secondary CIP completion signal in the three frozen IPEDS graduate first-major completions files; catalog-only and new programs remain a known gap.,"No positive-completion row at award levels 7/17/18/19 for any configured primary or secondary CIP in C2022_A, C2023_A, or C2024_A.",https://nces.ed.gov/ipeds/datacenter/DataFiles.aspx,medium,No,2026-09-09
us:ipeds:203960,Mercy College of Ohio,United States,,,mechanical_program_screening,No configured primary or secondary CIP completion signal in the three frozen IPEDS graduate first-major completions files; catalog-only and new programs remain a known gap.,"No positive-completion row at award levels 7/17/18/19 for any configured primary or secondary CIP in C2022_A, C2023_A, or C2024_A.",https://nces.ed.gov/ipeds/datacenter/DataFiles.aspx,medium,No,2026-09-09
us:ipeds:203997,Methodist Theological School in Ohio,United States,,,mechanical_program_screening,No configured primary or secondary CIP completion signal in the three frozen IPEDS graduate first-major completions files; catalog-only and new programs remain a known gap.,"No positive-completion row at award levels 7/17/18/19 for any configured primary or secondary CIP in C2022_A, C2023_A, or C2024_A.",https://nces.ed.gov/ipeds/datacenter/DataFiles.aspx,medium,No,2026-09-09
us:ipeds:204006,Miami University-Hamilton,United States,,,mechanical_program_screening,No configured primary or secondary CIP completion signal in the three frozen IPEDS graduate first-major completions files; catalog-only and new programs remain a known gap.,"No positive-completion row at award levels 7/17/18/19 for any configured primary or secondary CIP in C2022_A, C2023_A, or C2024_A.",https://nces.ed.gov/ipeds/datacenter/DataFiles.aspx,medium,No,2026-09-09
us:ipeds:204176,Mount Carmel College of Nursing,United States,,,mechanical_program_screening,No configured primary or secondary CIP completion signal in the three frozen IPEDS graduate first-major completions files; catalog-only and new programs remain a known gap.,"No positive-completion row at award levels 7/17/18/19 for any configured primary or secondary CIP in C2022_A, C2023_A, or C2024_A.",https://nces.ed.gov/ipeds/datacenter/DataFiles.aspx,medium,No,2026-09-09
us:ipeds:204185,University of Mount Union,United States,,,mechanical_program_screening,No configured primary or secondary CIP completion signal in the three frozen IPEDS graduate first-major completions files; catalog-only and new programs remain a known gap.,"No positive-completion row at award levels 7/17/18/19 for any configured primary or secondary CIP in C2022_A, C2023_A, or C2024_A.",https://nces.ed.gov/ipeds/datacenter/DataFiles.aspx,medium,No,2026-09-09
us:ipeds:204194,Mount Vernon Nazarene University,United States,,,mechanical_program_screening,No configured primary or secondary CIP completion signal in the three frozen IPEDS graduate first-major completions files; catalog-only and new programs remain a known gap.,"No positive-completion row at award levels 7/17/18/19 for any configured primary or secondary CIP in C2022_A, C2023_A, or C2024_A.",https://nces.ed.gov/ipeds/datacenter/DataFiles.aspx,medium,No,2026-09-09
us:ipeds:204200,Mount St. Joseph University,United States,,,mechanical_program_screening,No configured primary or secondary CIP completion signal in the three frozen IPEDS graduate first-major completions files; catalog-only and new programs remain a known gap.,"No positive-completion row at award levels 7/17/18/19 for any configured primary or secondary CIP in C2022_A, C2023_A, or C2024_A.",https://nces.ed.gov/ipeds/datacenter/DataFiles.aspx,medium,No,2026-09-09
us:ipeds:204264,Muskingum University,United States,,,mechanical_program_screening,No configured primary or secondary CIP completion signal in the three frozen IPEDS graduate first-major completions files; catalog-only and new programs remain a known gap.,"No positive-completion row at award levels 7/17/18/19 for any configured primary or secondary CIP in C2022_A, C2023_A, or C2024_A.",https://nces.ed.gov/ipeds/datacenter/DataFiles.aspx,medium,No,2026-09-09
us:ipeds:204477,Northeast Ohio Medical University,United States,,,mechanical_program_screening,No configured primary or secondary CIP completion signal in the three frozen IPEDS graduate first-major completions files; catalog-only and new programs remain a known gap.,"No positive-completion row at award levels 7/17/18/19 for any configured primary or secondary CIP in C2022_A, C2023_A, or C2024_A.",https://nces.ed.gov/ipeds/datacenter/DataFiles.aspx,medium,No,2026-09-09
us:ipeds:204486,University of Northwestern Ohio,United States,,,mechanical_program_screening,No configured primary or secondary CIP completion signal in the three frozen IPEDS graduate first-major completions files; catalog-only and new programs remain a known gap.,"No positive-completion row at award levels 7/17/18/19 for any configured primary or secondary CIP in C2022_A, C2023_A, or C2024_A.",https://nces.ed.gov/ipeds/datacenter/DataFiles.aspx,medium,No,2026-09-09
us:ipeds:204501,Oberlin College,United States,,,mechanical_program_screening,No configured primary or secondary CIP completion signal in the three frozen IPEDS graduate first-major completions files; catalog-only and new programs remain a known gap.,"No positive-completion row at award levels 7/17/18/19 for any configured primary or secondary CIP in C2022_A, C2023_A, or C2024_A.",https://nces.ed.gov/ipeds/datacenter/DataFiles.aspx,medium,No,2026-09-09
us:ipeds:204617,Ohio Dominican University,United States,,,mechanical_program_screening,No configured primary or secondary CIP completion signal in the three frozen IPEDS graduate first-major completions files; catalog-only and new programs remain a known gap.,"No positive-completion row at award levels 7/17/18/19 for any configured primary or secondary CIP in C2022_A, C2023_A, or C2024_A.",https://nces.ed.gov/ipeds/datacenter/DataFiles.aspx,medium,No,2026-09-09
us:ipeds:204635,Ohio Northern University,United States,,,mechanical_program_screening,No configured primary or secondary CIP completion signal in the three frozen IPEDS graduate first-major completions files; catalog-only and new programs remain a known gap.,"No positive-completion row at award levels 7/17/18/19 for any configured primary or secondary CIP in C2022_A, C2023_A, or C2024_A.",https://nces.ed.gov/ipeds/datacenter/DataFiles.aspx,medium,No,2026-09-09
us:ipeds:204936,Otterbein University,United States,,,mechanical_program_screening,No configured primary or secondary CIP completion signal in the three frozen IPEDS graduate first-major completions files; catalog-only and new programs remain a known gap.,"No positive-completion row at award levels 7/17/18/19 for any configured primary or secondary CIP in C2022_A, C2023_A, or C2024_A.",https://nces.ed.gov/ipeds/datacenter/DataFiles.aspx,medium,No,2026-09-09
us:ipeds:204990,Payne Theological Seminary,United States,,,mechanical_program_screening,No configured primary or secondary CIP completion signal in the three frozen IPEDS graduate first-major completions files; catalog-only and new programs remain a known gap.,"No positive-completion row at award levels 7/17/18/19 for any configured primary or secondary CIP in C2022_A, C2023_A, or C2024_A.",https://nces.ed.gov/ipeds/datacenter/DataFiles.aspx,medium,No,2026-09-09
us:ipeds:205027,Pontifical College Josephinum,United States,,,mechanical_program_screening,No configured primary or secondary CIP completion signal in the three frozen IPEDS graduate first-major completions files; catalog-only and new programs remain a known gap.,"No positive-completion row at award levels 7/17/18/19 for any configured primary or secondary CIP in C2022_A, C2023_A, or C2024_A.",https://nces.ed.gov/ipeds/datacenter/DataFiles.aspx,medium,No,2026-09-09
us:ipeds:205124,Rabbinical College Telshe,United States,,,mechanical_program_screening,No configured primary or secondary CIP completion signal in the three frozen IPEDS graduate first-major completions files; catalog-only and new programs remain a known gap.,"No positive-completion row at award levels 7/17/18/19 for any configured primary or secondary CIP in C2022_A, C2023_A, or C2024_A.",https://nces.ed.gov/ipeds/datacenter/DataFiles.aspx,medium,No,2026-09-09
us:ipeds:205203,University of Rio Grande,United States,,,mechanical_program_screening,No configured primary or secondary CIP completion signal in the three frozen IPEDS graduate first-major completions files; catalog-only and new programs remain a known gap.,"No positive-completion row at award levels 7/17/18/19 for any configured primary or secondary CIP in C2022_A, C2023_A, or C2024_A.",https://nces.ed.gov/ipeds/datacenter/DataFiles.aspx,medium,No,2026-09-09
us:ipeds:205443,Shawnee State University,United States,,,mechanical_program_screening,No configured primary or secondary CIP completion signal in the three frozen IPEDS graduate first-major completions files; catalog-only and new programs remain a known gap.,"No positive-completion row at award levels 7/17/18/19 for any configured primary or secondary CIP in C2022_A, C2023_A, or C2024_A.",https://nces.ed.gov/ipeds/datacenter/DataFiles.aspx,medium,No,2026-09-09
us:ipeds:205957,Franciscan University of Steubenville,United States,,,mechanical_program_screening,No configured primary or secondary CIP completion signal in the three frozen IPEDS graduate first-major completions files; catalog-only and new programs remain a known gap.,"No positive-completion row at award levels 7/17/18/19 for any configured primary or secondary CIP in C2022_A, C2023_A, or C2024_A.",https://nces.ed.gov/ipeds/datacenter/DataFiles.aspx,medium,No,2026-09-09
us:ipeds:206048,Tiffin University,United States,,,mechanical_program_screening,No configured primary or secondary CIP completion signal in the three frozen IPEDS graduate first-major completions files; catalog-only and new programs remain a known gap.,"No positive-completion row at award levels 7/17/18/19 for any configured primary or secondary CIP in C2022_A, C2023_A, or C2024_A.",https://nces.ed.gov/ipeds/datacenter/DataFiles.aspx,medium,No,2026-09-09
us:ipeds:206154,Tri-State Bible College,United States,,,mechanical_program_screening,No configured primary or secondary CIP completion signal in the three frozen IPEDS graduate first-major completions files; catalog-only and new programs remain a known gap.,"No positive-completion row at award levels 7/17/18/19 for any configured primary or secondary CIP in C2022_A, C2023_A, or C2024_A.",https://nces.ed.gov/ipeds/datacenter/DataFiles.aspx,medium,No,2026-09-09
us:ipeds:206288,United Theological Seminary,United States,,,mechanical_program_screening,No configured primary or secondary CIP completion signal in the three frozen IPEDS graduate first-major completions files; catalog-only and new programs remain a known gap.,"No positive-completion row at award levels 7/17/18/19 for any configured primary or secondary CIP in C2022_A, C2023_A, or C2024_A.",https://nces.ed.gov/ipeds/datacenter/DataFiles.aspx,medium,No,2026-09-09
us:ipeds:206349,Ursuline College,United States,,,mechanical_program_screening,No configured primary or secondary CIP completion signal in the three frozen IPEDS graduate first-major completions files; catalog-only and new programs remain a known gap.,"No positive-completion row at award levels 7/17/18/19 for any configured primary or secondary CIP in C2022_A, C2023_A, or C2024_A.",https://nces.ed.gov/ipeds/datacenter/DataFiles.aspx,medium,No,2026-09-09
us:ipeds:206437,Walsh University,United States,,,mechanical_program_screening,No configured primary or secondary CIP completion signal in the three frozen IPEDS graduate first-major completions files; catalog-only and new programs remain a known gap.,"No positive-completion row at award levels 7/17/18/19 for any configured primary or secondary CIP in C2022_A, C2023_A, or C2024_A.",https://nces.ed.gov/ipeds/datacenter/DataFiles.aspx,medium,No,2026-09-09
us:ipeds:206491,Wilberforce University,United States,,,mechanical_program_screening,No configured primary or secondary CIP completion signal in the three frozen IPEDS graduate first-major completions files; catalog-only and new programs remain a known gap.,"No positive-completion row at award levels 7/17/18/19 for any configured primary or secondary CIP in C2022_A, C2023_A, or C2024_A.",https://nces.ed.gov/ipeds/datacenter/DataFiles.aspx,medium,No,2026-09-09
us:ipeds:206507,Wilmington College,United States,,,mechanical_program_screening,No configured primary or secondary CIP completion signal in the three frozen IPEDS graduate first-major completions files; catalog-only and new programs remain a known gap.,"No positive-completion row at award levels 7/17/18/19 for any configured primary or secondary CIP in C2022_A, C2023_A, or C2024_A.",https://nces.ed.gov/ipeds/datacenter/DataFiles.aspx,medium,No,2026-09-09
us:ipeds:206516,Winebrenner Theological Seminary,United States,,,mechanical_program_screening,No configured primary or secondary CIP completion signal in the three frozen IPEDS graduate first-major completions files; catalog-only and new programs remain a known gap.,"No positive-completion row at award levels 7/17/18/19 for any configured primary or secondary CIP in C2022_A, C2023_A, or C2024_A.",https://nces.ed.gov/ipeds/datacenter/DataFiles.aspx,medium,No,2026-09-09
us:ipeds:206525,Wittenberg University,United States,,,mechanical_program_screening,No configured primary or secondary CIP completion signal in the three frozen IPEDS graduate first-major completions files; catalog-only and new programs remain a known gap.,"No positive-completion row at award levels 7/17/18/19 for any configured primary or secondary CIP in C2022_A, C2023_A, or C2024_A.",https://nces.ed.gov/ipeds/datacenter/DataFiles.aspx,medium,No,2026-09-09
us:ipeds:206622,Xavier University,United States,,,mechanical_program_screening,No configured primary or secondary CIP completion signal in the three frozen IPEDS graduate first-major completions files; catalog-only and new programs remain a known gap.,"No positive-completion row at award levels 7/17/18/19 for any configured primary or secondary CIP in C2022_A, C2023_A, or C2024_A.",https://nces.ed.gov/ipeds/datacenter/DataFiles.aspx,medium,No,2026-09-09
us:ipeds:206835,Oklahoma Wesleyan University,United States,,,mechanical_program_screening,No configured primary or secondary CIP completion signal in the three frozen IPEDS graduate first-major completions files; catalog-only and new programs remain a known gap.,"No positive-completion row at award levels 7/17/18/19 for any configured primary or secondary CIP in C2022_A, C2023_A, or C2024_A.",https://nces.ed.gov/ipeds/datacenter/DataFiles.aspx,medium,No,2026-09-09
us:ipeds:206862,Southern Nazarene University,United States,,,mechanical_program_screening,No configured primary or secondary CIP completion signal in the three frozen IPEDS graduate first-major completions files; catalog-only and new programs remain a known gap.,"No positive-completion row at award levels 7/17/18/19 for any configured primary or secondary CIP in C2022_A, C2023_A, or C2024_A.",https://nces.ed.gov/ipeds/datacenter/DataFiles.aspx,medium,No,2026-09-09
us:ipeds:206914,Cameron University,United States,,,mechanical_program_screening,No configured primary or secondary CIP completion signal in the three frozen IPEDS graduate first-major completions files; catalog-only and new programs remain a known gap.,"No positive-completion row at award levels 7/17/18/19 for any configured primary or secondary CIP in C2022_A, C2023_A, or C2024_A.",https://nces.ed.gov/ipeds/datacenter/DataFiles.aspx,medium,No,2026-09-09
us:ipeds:207041,East Central University,United States,,,mechanical_program_screening,No configured primary or secondary CIP completion signal in the three frozen IPEDS graduate first-major completions files; catalog-only and new programs remain a known gap.,"No positive-completion row at award levels 7/17/18/19 for any configured primary or secondary CIP in C2022_A, C2023_A, or C2024_A.",https://nces.ed.gov/ipeds/datacenter/DataFiles.aspx,medium,No,2026-09-09
us:ipeds:207157,Randall University,United States,,,mechanical_program_screening,No configured primary or secondary CIP completion signal in the three frozen IPEDS graduate first-major completions files; catalog-only and new programs remain a known gap.,"No positive-completion row at award levels 7/17/18/19 for any configured primary or secondary CIP in C2022_A, C2023_A, or C2024_A.",https://nces.ed.gov/ipeds/datacenter/DataFiles.aspx,medium,No,2026-09-09
us:ipeds:207209,Langston University,United States,,,mechanical_program_screening,No configured primary or secondary CIP completion signal in the three frozen IPEDS graduate first-major completions files; catalog-only and new programs remain a known gap.,"No positive-completion row at award levels 7/17/18/19 for any configured primary or secondary CIP in C2022_A, C2023_A, or C2024_A.",https://nces.ed.gov/ipeds/datacenter/DataFiles.aspx,medium,No,2026-09-09
us:ipeds:207263,Northeastern State University,United States,,,mechanical_program_screening,No configured primary or secondary CIP completion signal in the three frozen IPEDS graduate first-major completions files; catalog-only and new programs remain a known gap.,"No positive-completion row at award levels 7/17/18/19 for any configured primary or secondary CIP in C2022_A, C2023_A, or C2024_A.",https://nces.ed.gov/ipeds/datacenter/DataFiles.aspx,medium,No,2026-09-09
us:ipeds:207306,Northwestern Oklahoma State University,United States,,,mechanical_program_screening,No configured primary or secondary CIP completion signal in the three frozen IPEDS graduate first-major completions files; catalog-only and new programs remain a known gap.,"No positive-completion row at award levels 7/17/18/19 for any configured primary or secondary CIP in C2022_A, C2023_A, or C2024_A.",https://nces.ed.gov/ipeds/datacenter/DataFiles.aspx,medium,No,2026-09-09
us:ipeds:207315,Oklahoma State University Center for Health Sciences,United States,,,mechanical_program_screening,No configured primary or secondary CIP completion signal in the three frozen IPEDS graduate first-major completions files; catalog-only and new programs remain a known gap.,"No positive-completion row at award levels 7/17/18/19 for any configured primary or secondary CIP in C2022_A, C2023_A, or C2024_A.",https://nces.ed.gov/ipeds/datacenter/DataFiles.aspx,medium,No,2026-09-09
us:ipeds:207342,University of Oklahoma-Health Sciences Center,United States,,,mechanical_program_screening,No configured primary or secondary CIP completion signal in the three frozen IPEDS graduate first-major completions files; catalog-only and new programs remain a known gap.,"No positive-completion row at award levels 7/17/18/19 for any configured primary or secondary CIP in C2022_A, C2023_A, or C2024_A.",https://nces.ed.gov/ipeds/datacenter/DataFiles.aspx,medium,No,2026-09-09
us:ipeds:207403,Oklahoma Baptist University,United States,,,mechanical_program_screening,No configured primary or secondary CIP completion signal in the three frozen IPEDS graduate first-major completions files; catalog-only and new programs remain a known gap.,"No positive-completion row at award levels 7/17/18/19 for any configured primary or secondary CIP in C2022_A, C2023_A, or C2024_A.",https://nces.ed.gov/ipeds/datacenter/DataFiles.aspx,medium,No,2026-09-09
us:ipeds:207661,Rogers State University,United States,,,mechanical_program_screening,No configured primary or secondary CIP completion signal in the three frozen IPEDS graduate first-major completions files; catalog-only and new programs remain a known gap.,"No positive-completion row at award levels 7/17/18/19 for any configured primary or secondary CIP in C2022_A, C2023_A, or C2024_A.",https://nces.ed.gov/ipeds/datacenter/DataFiles.aspx,medium,No,2026-09-09
us:ipeds:207847,Southeastern Oklahoma State University,United States,,,mechanical_program_screening,No configured primary or secondary CIP completion signal in the three frozen IPEDS graduate first-major completions files; catalog-only and new programs remain a known gap.,"No positive-completion row at award levels 7/17/18/19 for any configured primary or secondary CIP in C2022_A, C2023_A, or C2024_A.",https://nces.ed.gov/ipeds/datacenter/DataFiles.aspx,medium,No,2026-09-09
us:ipeds:207856,Southwestern Christian University,United States,,,mechanical_program_screening,No configured primary or secondary CIP completion signal in the three frozen IPEDS graduate first-major completions files; catalog-only and new programs remain a known gap.,"No positive-completion row at award levels 7/17/18/19 for any configured primary or secondary CIP in C2022_A, C2023_A, or C2024_A.",https://nces.ed.gov/ipeds/datacenter/DataFiles.aspx,medium,No,2026-09-09
us:ipeds:207865,Southwestern Oklahoma State University,United States,,,mechanical_program_screening,No configured primary or secondary CIP completion signal in the three frozen IPEDS graduate first-major completions files; catalog-only and new programs remain a known gap.,"No positive-completion row at award levels 7/17/18/19 for any configured primary or secondary CIP in C2022_A, C2023_A, or C2024_A.",https://nces.ed.gov/ipeds/datacenter/DataFiles.aspx,medium,No,2026-09-09
us:ipeds:208646,Eastern Oregon University,United States,,,mechanical_program_screening,No configured primary or secondary CIP completion signal in the three frozen IPEDS graduate first-major completions files; catalog-only and new programs remain a known gap.,"No positive-completion row at award levels 7/17/18/19 for any configured primary or secondary CIP in C2022_A, C2023_A, or C2024_A.",https://nces.ed.gov/ipeds/datacenter/DataFiles.aspx,medium,No,2026-09-09
us:ipeds:208822,George Fox University,United States,,,mechanical_program_screening,No configured primary or secondary CIP completion signal in the three frozen IPEDS graduate first-major completions files; catalog-only and new programs remain a known gap.,"No positive-completion row at award levels 7/17/18/19 for any configured primary or secondary CIP in C2022_A, C2023_A, or C2024_A.",https://nces.ed.gov/ipeds/datacenter/DataFiles.aspx,medium,No,2026-09-09
us:ipeds:209056,Lewis & Clark College,United States,,,mechanical_program_screening,No configured primary or secondary CIP completion signal in the three frozen IPEDS graduate first-major completions files; catalog-only and new programs remain a known gap.,"No positive-completion row at award levels 7/17/18/19 for any configured primary or secondary CIP in C2022_A, C2023_A, or C2024_A.",https://nces.ed.gov/ipeds/datacenter/DataFiles.aspx,medium,No,2026-09-09
us:ipeds:209065,Linfield University,United States,,,mechanical_program_screening,No configured primary or secondary CIP completion signal in the three frozen IPEDS graduate first-major completions files; catalog-only and new programs remain a known gap.,"No positive-completion row at award levels 7/17/18/19 for any configured primary or secondary CIP in C2022_A, C2023_A, or C2024_A.",https://nces.ed.gov/ipeds/datacenter/DataFiles.aspx,medium,No,2026-09-09
us:ipeds:209241,Mount Angel Seminary,United States,,,mechanical_program_screening,No configured primary or secondary CIP completion signal in the three frozen IPEDS graduate first-major completions files; catalog-only and new programs remain a known gap.,"No positive-completion row at award levels 7/17/18/19 for any configured primary or secondary CIP in C2022_A, C2023_A, or C2024_A.",https://nces.ed.gov/ipeds/datacenter/DataFiles.aspx,medium,No,2026-09-09
us:ipeds:209296,National University of Natural Medicine,United States,,,mechanical_program_screening,No configured primary or secondary CIP completion signal in the three frozen IPEDS graduate first-major completions files; catalog-only and new programs remain a known gap.,"No positive-completion row at award levels 7/17/18/19 for any configured primary or secondary CIP in C2022_A, C2023_A, or C2024_A.",https://nces.ed.gov/ipeds/datacenter/DataFiles.aspx,medium,No,2026-09-09
us:ipeds:209409,Bushnell University,United States,,,mechanical_program_screening,No configured primary or secondary CIP completion signal in the three frozen IPEDS graduate first-major completions files; catalog-only and new programs remain a known gap.,"No positive-completion row at award levels 7/17/18/19 for any configured primary or secondary CIP in C2022_A, C2023_A, or C2024_A.",https://nces.ed.gov/ipeds/datacenter/DataFiles.aspx,medium,No,2026-09-09
us:ipeds:209506,Oregon Institute of Technology,United States,,,mechanical_program_screening,No configured primary or secondary CIP completion signal in the three frozen IPEDS graduate first-major completions files; catalog-only and new programs remain a known gap.,"No positive-completion row at award levels 7/17/18/19 for any configured primary or secondary CIP in C2022_A, C2023_A, or C2024_A.",https://nces.ed.gov/ipeds/datacenter/DataFiles.aspx,medium,No,2026-09-09
us:ipeds:209603,Pacific Northwest College of Art,United States,,,mechanical_program_screening,No configured primary or secondary CIP completion signal in the three frozen IPEDS graduate first-major completions files; catalog-only and new programs remain a known gap.,"No positive-completion row at award levels 7/17/18/19 for any configured primary or secondary CIP in C2022_A, C2023_A, or C2024_A.",https://nces.ed.gov/ipeds/datacenter/DataFiles.aspx,medium,No,2026-09-09
us:ipeds:209612,Pacific University,United States,,,mechanical_program_screening,No configured primary or secondary CIP completion signal in the three frozen IPEDS graduate first-major completions files; catalog-only and new programs remain a known gap.,"No positive-completion row at award levels 7/17/18/19 for any configured primary or secondary CIP in C2022_A, C2023_A, or C2024_A.",https://nces.ed.gov/ipeds/datacenter/DataFiles.aspx,medium,No,2026-09-09
us:ipeds:209825,University of Portland,United States,,,mechanical_program_screening,No configured primary or secondary CIP completion signal in the three frozen IPEDS graduate first-major completions files; catalog-only and new programs remain a known gap.,"No positive-completion row at award levels 7/17/18/19 for any configured primary or secondary CIP in C2022_A, C2023_A, or C2024_A.",https://nces.ed.gov/ipeds/datacenter/DataFiles.aspx,medium,No,2026-09-09
us:ipeds:209922,Reed College,United States,,,mechanical_program_screening,No configured primary or secondary CIP completion signal in the three frozen IPEDS graduate first-major completions files; catalog-only and new programs remain a known gap.,"No positive-completion row at award levels 7/17/18/19 for any configured primary or secondary CIP in C2022_A, C2023_A, or C2024_A.",https://nces.ed.gov/ipeds/datacenter/DataFiles.aspx,medium,No,2026-09-09
us:ipeds:210146,Southern Oregon University,United States,,,mechanical_program_screening,No configured primary or secondary CIP completion signal in the three frozen IPEDS graduate first-major completions files; catalog-only and new programs remain a known gap.,"No positive-completion row at award levels 7/17/18/19 for any configured primary or secondary CIP in C2022_A, C2023_A, or C2024_A.",https://nces.ed.gov/ipeds/datacenter/DataFiles.aspx,medium,No,2026-09-09
us:ipeds:210331,Corban University,United States,,,mechanical_program_screening,No configured primary or secondary CIP completion signal in the three frozen IPEDS graduate first-major completions files; catalog-only and new programs remain a known gap.,"No positive-completion row at award levels 7/17/18/19 for any configured primary or secondary CIP in C2022_A, C2023_A, or C2024_A.",https://nces.ed.gov/ipeds/datacenter/DataFiles.aspx,medium,No,2026-09-09
us:ipeds:210368,Western Seminary,United States,,,mechanical_program_screening,No configured primary or secondary CIP completion signal in the three frozen IPEDS graduate first-major completions files; catalog-only and new programs remain a known gap.,"No positive-completion row at award levels 7/17/18/19 for any configured primary or secondary CIP in C2022_A, C2023_A, or C2024_A.",https://nces.ed.gov/ipeds/datacenter/DataFiles.aspx,medium,No,2026-09-09
us:ipeds:210429,Western Oregon University,United States,,,mechanical_program_screening,No configured primary or secondary CIP completion signal in the three frozen IPEDS graduate first-major completions files; catalog-only and new programs remain a known gap.,"No positive-completion row at award levels 7/17/18/19 for any configured primary or secondary CIP in C2022_A, C2023_A, or C2024_A.",https://nces.ed.gov/ipeds/datacenter/DataFiles.aspx,medium,No,2026-09-09
us:ipeds:210438,University of Western States,United States,,,mechanical_program_screening,No configured primary or secondary CIP completion signal in the three frozen IPEDS graduate first-major completions files; catalog-only and new programs remain a known gap.,"No positive-completion row at award levels 7/17/18/19 for any configured primary or secondary CIP in C2022_A, C2023_A, or C2024_A.",https://nces.ed.gov/ipeds/datacenter/DataFiles.aspx,medium,No,2026-09-09
us:ipeds:210492,Bryn Athyn College of the New Church,United States,,,mechanical_program_screening,No configured primary or secondary CIP completion signal in the three frozen IPEDS graduate first-major completions files; catalog-only and new programs remain a known gap.,"No positive-completion row at award levels 7/17/18/19 for any configured primary or secondary CIP in C2022_A, C2023_A, or C2024_A.",https://nces.ed.gov/ipeds/datacenter/DataFiles.aspx,medium,No,2026-09-09
us:ipeds:210571,Albright College,United States,,,mechanical_program_screening,No configured primary or secondary CIP completion signal in the three frozen IPEDS graduate first-major completions files; catalog-only and new programs remain a known gap.,"No positive-completion row at award levels 7/17/18/19 for any configured primary or secondary CIP in C2022_A, C2023_A, or C2024_A.",https://nces.ed.gov/ipeds/datacenter/DataFiles.aspx,medium,No,2026-09-09
us:ipeds:210775,Alvernia University,United States,,,mechanical_program_screening,No configured primary or secondary CIP completion signal in the three frozen IPEDS graduate first-major completions files; catalog-only and new programs remain a known gap.,"No positive-completion row at award levels 7/17/18/19 for any configured primary or secondary CIP in C2022_A, C2023_A, or C2024_A.",https://nces.ed.gov/ipeds/datacenter/DataFiles.aspx,medium,No,2026-09-09
us:ipeds:210809,American College of Financial Services,United States,,,mechanical_program_screening,No configured primary or secondary CIP completion signal in the three frozen IPEDS graduate first-major completions files; catalog-only and new programs remain a known gap.,"No positive-completion row at award levels 7/17/18/19 for any configured primary or secondary CIP in C2022_A, C2023_A, or C2024_A.",https://nces.ed.gov/ipeds/datacenter/DataFiles.aspx,medium,No,2026-09-09
us:ipeds:211088,Arcadia University,United States,,,mechanical_program_screening,No configured primary or secondary CIP completion signal in the three frozen IPEDS graduate first-major completions files; catalog-only and new programs remain a known gap.,"No positive-completion row at award levels 7/17/18/19 for any configured primary or secondary CIP in C2022_A, C2023_A, or C2024_A.",https://nces.ed.gov/ipeds/datacenter/DataFiles.aspx,medium,No,2026-09-09
us:ipeds:211130,Missio Theological Seminary,United States,,,mechanical_program_screening,No configured primary or secondary CIP completion signal in the three frozen IPEDS graduate first-major completions files; catalog-only and new programs remain a known gap.,"No positive-completion row at award levels 7/17/18/19 for any configured primary or secondary CIP in C2022_A, C2023_A, or C2024_A.",https://nces.ed.gov/ipeds/datacenter/DataFiles.aspx,medium,No,2026-09-09
us:ipeds:211273,Bryn Mawr College,United States,,,mechanical_program_screening,No configured primary or secondary CIP completion signal in the three frozen IPEDS graduate first-major completions files; catalog-only and new programs remain a known gap.,"No positive-completion row at award levels 7/17/18/19 for any configured primary or secondary CIP in C2022_A, C2023_A, or C2024_A.",https://nces.ed.gov/ipeds/datacenter/DataFiles.aspx,medium,No,2026-09-09
us:ipeds:211431,Carlow University,United States,,,mechanical_program_screening,No configured primary or secondary CIP completion signal in the three frozen IPEDS graduate first-major completions files; catalog-only and new programs remain a known gap.,"No positive-completion row at award levels 7/17/18/19 for any configured primary or secondary CIP in C2022_A, C2023_A, or C2024_A.",https://nces.ed.gov/ipeds/datacenter/DataFiles.aspx,medium,No,2026-09-09
us:ipeds:211468,Cedar Crest College,United States,,,mechanical_program_screening,No configured primary or secondary CIP completion signal in the three frozen IPEDS graduate first-major completions files; catalog-only and new programs remain a known gap.,"No positive-completion row at award levels 7/17/18/19 for any configured primary or secondary CIP in C2022_A, C2023_A, or C2024_A.",https://nces.ed.gov/ipeds/datacenter/DataFiles.aspx,medium,No,2026-09-09
us:ipeds:211477,Central Penn College,United States,,,mechanical_program_screening,No configured primary or secondary CIP completion signal in the three frozen IPEDS graduate first-major completions files; catalog-only and new programs remain a known gap.,"No positive-completion row at award levels 7/17/18/19 for any configured primary or secondary CIP in C2022_A, C2023_A, or C2024_A.",https://nces.ed.gov/ipeds/datacenter/DataFiles.aspx,medium,No,2026-09-09
us:ipeds:211893,Curtis Institute of Music,United States,,,mechanical_program_screening,No configured primary or secondary CIP completion signal in the three frozen IPEDS graduate first-major completions files; catalog-only and new programs remain a known gap.,"No positive-completion row at award levels 7/17/18/19 for any configured primary or secondary CIP in C2022_A, C2023_A, or C2024_A.",https://nces.ed.gov/ipeds/datacenter/DataFiles.aspx,medium,No,2026-09-09
us:ipeds:211981,Delaware Valley University,United States,,,mechanical_program_screening,No configured primary or secondary CIP completion signal in the three frozen IPEDS graduate first-major completions files; catalog-only and new programs remain a known gap.,"No positive-completion row at award levels 7/17/18/19 for any configured primary or secondary CIP in C2022_A, C2023_A, or C2024_A.",https://nces.ed.gov/ipeds/datacenter/DataFiles.aspx,medium,No,2026-09-09
us:ipeds:212009,Dickinson College,United States,,,mechanical_program_screening,No configured primary or secondary CIP completion signal in the three frozen IPEDS graduate first-major completions files; catalog-only and new programs remain a known gap.,"No positive-completion row at award levels 7/17/18/19 for any configured primary or secondary CIP in C2022_A, C2023_A, or C2024_A.",https://nces.ed.gov/ipeds/datacenter/DataFiles.aspx,medium,No,2026-09-09
us:ipeds:212197,Elizabethtown College,United States,,,mechanical_program_screening,No configured primary or secondary CIP completion signal in the three frozen IPEDS graduate first-major completions files; catalog-only and new programs remain a known gap.,"No positive-completion row at award levels 7/17/18/19 for any configured primary or secondary CIP in C2022_A, C2023_A, or C2024_A.",https://nces.ed.gov/ipeds/datacenter/DataFiles.aspx,medium,No,2026-09-09
us:ipeds:212674,Gettysburg College,United States,,,mechanical_program_screening,No configured primary or secondary CIP completion signal in the three frozen IPEDS graduate first-major completions files; catalog-only and new programs remain a known gap.,"No positive-completion row at award levels 7/17/18/19 for any configured primary or secondary CIP in C2022_A, C2023_A, or C2024_A.",https://nces.ed.gov/ipeds/datacenter/DataFiles.aspx,medium,No,2026-09-09
us:ipeds:212771,Gratz College,United States,,,mechanical_program_screening,No configured primary or secondary CIP completion signal in the three frozen IPEDS graduate first-major completions files; catalog-only and new programs remain a known gap.,"No positive-completion row at award levels 7/17/18/19 for any configured primary or secondary CIP in C2022_A, C2023_A, or C2024_A.",https://nces.ed.gov/ipeds/datacenter/DataFiles.aspx,medium,No,2026-09-09
us:ipeds:212805,Grove City College,United States,,,mechanical_program_screening,No configured primary or secondary CIP completion signal in the three frozen IPEDS graduate first-major completions files; catalog-only and new programs remain a known gap.,"No positive-completion row at award levels 7/17/18/19 for any configured primary or secondary CIP in C2022_A, C2023_A, or C2024_A.",https://nces.ed.gov/ipeds/datacenter/DataFiles.aspx,medium,No,2026-09-09
us:ipeds:212832,Gwynedd Mercy University,United States,,,mechanical_program_screening,No configured primary or secondary CIP completion signal in the three frozen IPEDS graduate first-major completions files; catalog-only and new programs remain a known gap.,"No positive-completion row at award levels 7/17/18/19 for any configured primary or secondary CIP in C2022_A, C2023_A, or C2024_A.",https://nces.ed.gov/ipeds/datacenter/DataFiles.aspx,medium,No,2026-09-09
us:ipeds:213011,Immaculata University,United States,,,mechanical_program_screening,No configured primary or secondary CIP completion signal in the three frozen IPEDS graduate first-major completions files; catalog-only and new programs remain a known gap.,"No positive-completion row at award levels 7/17/18/19 for any configured primary or secondary CIP in C2022_A, C2023_A, or C2024_A.",https://nces.ed.gov/ipeds/datacenter/DataFiles.aspx,medium,No,2026-09-09
us:ipeds:213020,Indiana University of Pennsylvania-Main Campus,United States,,,mechanical_program_screening,No configured primary or secondary CIP completion signal in the three frozen IPEDS graduate first-major completions files; catalog-only and new programs remain a known gap.,"No positive-completion row at award levels 7/17/18/19 for any configured primary or secondary CIP in C2022_A, C2023_A, or C2024_A.",https://nces.ed.gov/ipeds/datacenter/DataFiles.aspx,medium,No,2026-09-09
us:ipeds:213303,Keystone College,United States,,,mechanical_program_screening,No configured primary or secondary CIP completion signal in the three frozen IPEDS graduate first-major completions files; catalog-only and new programs remain a known gap.,"No positive-completion row at award levels 7/17/18/19 for any configured primary or secondary CIP in C2022_A, C2023_A, or C2024_A.",https://nces.ed.gov/ipeds/datacenter/DataFiles.aspx,medium,No,2026-09-09
us:ipeds:213321,King's College,United States,,,mechanical_program_screening,No configured primary or secondary CIP completion signal in the three frozen IPEDS graduate first-major completions files; catalog-only and new programs remain a known gap.,"No positive-completion row at award levels 7/17/18/19 for any configured primary or secondary CIP in C2022_A, C2023_A, or C2024_A.",https://nces.ed.gov/ipeds/datacenter/DataFiles.aspx,medium,No,2026-09-09
us:ipeds:213400,Lancaster Bible College,United States,,,mechanical_program_screening,No configured primary or secondary CIP completion signal in the three frozen IPEDS graduate first-major completions files; catalog-only and new programs remain a known gap.,"No positive-completion row at award levels 7/17/18/19 for any configured primary or secondary CIP in C2022_A, C2023_A, or C2024_A.",https://nces.ed.gov/ipeds/datacenter/DataFiles.aspx,medium,No,2026-09-09
us:ipeds:213446,Lancaster Theological Seminary,United States,,,mechanical_program_screening,No configured primary or secondary CIP completion signal in the three frozen IPEDS graduate first-major completions files; catalog-only and new programs remain a known gap.,"No positive-completion row at award levels 7/17/18/19 for any configured primary or secondary CIP in C2022_A, C2023_A, or C2024_A.",https://nces.ed.gov/ipeds/datacenter/DataFiles.aspx,medium,No,2026-09-09
us:ipeds:213507,Lebanon Valley College,United States,,,mechanical_program_screening,No configured primary or secondary CIP completion signal in the three frozen IPEDS graduate first-major completions files; catalog-only and new programs remain a known gap.,"No positive-completion row at award levels 7/17/18/19 for any configured primary or secondary CIP in C2022_A, C2023_A, or C2024_A.",https://nces.ed.gov/ipeds/datacenter/DataFiles.aspx,medium,No,2026-09-09
us:ipeds:213598,Lincoln University,United States,,,mechanical_program_screening,No configured primary or secondary CIP completion signal in the three frozen IPEDS graduate first-major completions files; catalog-only and new programs remain a known gap.,"No positive-completion row at award levels 7/17/18/19 for any configured primary or secondary CIP in C2022_A, C2023_A, or C2024_A.",https://nces.ed.gov/ipeds/datacenter/DataFiles.aspx,medium,No,2026-09-09
us:ipeds:213631,United Lutheran Seminary,United States,,,mechanical_program_screening,No configured primary or secondary CIP completion signal in the three frozen IPEDS graduate first-major completions files; catalog-only and new programs remain a known gap.,"No positive-completion row at award levels 7/17/18/19 for any configured primary or secondary CIP in C2022_A, C2023_A, or C2024_A.",https://nces.ed.gov/ipeds/datacenter/DataFiles.aspx,medium,No,2026-09-09
us:ipeds:213826,Marywood University,United States,,,mechanical_program_screening,No configured primary or secondary CIP completion signal in the three frozen IPEDS graduate first-major completions files; catalog-only and new programs remain a known gap.,"No positive-completion row at award levels 7/17/18/19 for any configured primary or secondary CIP in C2022_A, C2023_A, or C2024_A.",https://nces.ed.gov/ipeds/datacenter/DataFiles.aspx,medium,No,2026-09-09
us:ipeds:213996,Messiah University,United States,,,mechanical_program_screening,No configured primary or secondary CIP completion signal in the three frozen IPEDS graduate first-major completions files; catalog-only and new programs remain a known gap.,"No positive-completion row at award levels 7/17/18/19 for any configured primary or secondary CIP in C2022_A, C2023_A, or C2024_A.",https://nces.ed.gov/ipeds/datacenter/DataFiles.aspx,medium,No,2026-09-09
us:ipeds:214041,Millersville University of Pennsylvania,United States,,,mechanical_program_screening,No configured primary or secondary CIP completion signal in the three frozen IPEDS graduate first-major completions files; catalog-only and new programs remain a known gap.,"No positive-completion row at award levels 7/17/18/19 for any configured primary or secondary CIP in C2022_A, C2023_A, or C2024_A.",https://nces.ed.gov/ipeds/datacenter/DataFiles.aspx,medium,No,2026-09-09
us:ipeds:214069,Misericordia University,United States,,,mechanical_program_screening,No configured primary or secondary CIP completion signal in the three frozen IPEDS graduate first-major completions files; catalog-only and new programs remain a known gap.,"No positive-completion row at award levels 7/17/18/19 for any configured primary or secondary CIP in C2022_A, C2023_A, or C2024_A.",https://nces.ed.gov/ipeds/datacenter/DataFiles.aspx,medium,No,2026-09-09
us:ipeds:214148,Moore College of Art and Design,United States,,,mechanical_program_screening,No configured primary or secondary CIP completion signal in the three frozen IPEDS graduate first-major completions files; catalog-only and new programs remain a known gap.,"No positive-completion row at award levels 7/17/18/19 for any configured primary or secondary CIP in C2022_A, C2023_A, or C2024_A.",https://nces.ed.gov/ipeds/datacenter/DataFiles.aspx,medium,No,2026-09-09
us:ipeds:214166,Mount Aloysius College,United States,,,mechanical_program_screening,No configured primary or secondary CIP completion signal in the three frozen IPEDS graduate first-major completions files; catalog-only and new programs remain a known gap.,"No positive-completion row at award levels 7/17/18/19 for any configured primary or secondary CIP in C2022_A, C2023_A, or C2024_A.",https://nces.ed.gov/ipeds/datacenter/DataFiles.aspx,medium,No,2026-09-09
us:ipeds:214272,Neumann University,United States,,,mechanical_program_screening,No configured primary or secondary CIP completion signal in the three frozen IPEDS graduate first-major completions files; catalog-only and new programs remain a known gap.,"No positive-completion row at award levels 7/17/18/19 for any configured primary or secondary CIP in C2022_A, C2023_A, or C2024_A.",https://nces.ed.gov/ipeds/datacenter/DataFiles.aspx,medium,No,2026-09-09
us:ipeds:214564,Salus University,United States,,,mechanical_program_screening,No configured primary or secondary CIP completion signal in the three frozen IPEDS graduate first-major completions files; catalog-only and new programs remain a known gap.,"No positive-completion row at award levels 7/17/18/19 for any configured primary or secondary CIP in C2022_A, C2023_A, or C2024_A.",https://nces.ed.gov/ipeds/datacenter/DataFiles.aspx,medium,No,2026-09-09
us:ipeds:214591,Pennsylvania State University-Penn State Erie-Behrend College,United States,,,mechanical_program_screening,No configured primary or secondary CIP completion signal in the three frozen IPEDS graduate first-major completions files; catalog-only and new programs remain a known gap.,"No positive-completion row at award levels 7/17/18/19 for any configured primary or secondary CIP in C2022_A, C2023_A, or C2024_A.",https://nces.ed.gov/ipeds/datacenter/DataFiles.aspx,medium,No,2026-09-09
us:ipeds:214625,Pennsylvania State University-Penn State New Kensington,United States,,,mechanical_program_screening,No configured primary or secondary CIP completion signal in the three frozen IPEDS graduate first-major completions files; catalog-only and new programs remain a known gap.,"No positive-completion row at award levels 7/17/18/19 for any configured primary or secondary CIP in C2022_A, C2023_A, or C2024_A.",https://nces.ed.gov/ipeds/datacenter/DataFiles.aspx,medium,No,2026-09-09
us:ipeds:214634,Pennsylvania State University-Penn State Shenango,United States,,,mechanical_program_screening,No configured primary or secondary CIP completion signal in the three frozen IPEDS graduate first-major completions files; catalog-only and new programs remain a known gap.,"No positive-completion row at award levels 7/17/18/19 for any configured primary or secondary CIP in C2022_A, C2023_A, or C2024_A.",https://nces.ed.gov/ipeds/datacenter/DataFiles.aspx,medium,No,2026-09-09
us:ipeds:214643,Pennsylvania State University-Penn State Wilkes-Barre,United States,,,mechanical_program_screening,No configured primary or secondary CIP completion signal in the three frozen IPEDS graduate first-major completions files; catalog-only and new programs remain a known gap.,"No positive-completion row at award levels 7/17/18/19 for any configured primary or secondary CIP in C2022_A, C2023_A, or C2024_A.",https://nces.ed.gov/ipeds/datacenter/DataFiles.aspx,medium,No,2026-09-09
us:ipeds:214652,Pennsylvania State University-Penn State Scranton,United States,,,mechanical_program_screening,No configured primary or secondary CIP completion signal in the three frozen IPEDS graduate first-major completions files; catalog-only and new programs remain a known gap.,"No positive-completion row at award levels 7/17/18/19 for any configured primary or secondary CIP in C2022_A, C2023_A, or C2024_A.",https://nces.ed.gov/ipeds/datacenter/DataFiles.aspx,medium,No,2026-09-09
us:ipeds:214661,Pennsylvania State System of Higher Education-Central Office,United States,,,mechanical_program_screening,No configured primary or secondary CIP completion signal in the three frozen IPEDS graduate first-major completions files; catalog-only and new programs remain a known gap.,"No positive-completion row at award levels 7/17/18/19 for any configured primary or secondary CIP in C2022_A, C2023_A, or C2024_A.",https://nces.ed.gov/ipeds/datacenter/DataFiles.aspx,medium,No,2026-09-09
us:ipeds:214670,Pennsylvania State University-Penn State Lehigh Valley,United States,,,mechanical_program_screening,No configured primary or secondary CIP completion signal in the three frozen IPEDS graduate first-major completions files; catalog-only and new programs remain a known gap.,"No positive-completion row at award levels 7/17/18/19 for any configured primary or secondary CIP in C2022_A, C2023_A, or C2024_A.",https://nces.ed.gov/ipeds/datacenter/DataFiles.aspx,medium,No,2026-09-09
us:ipeds:214689,Pennsylvania State University-Penn State Altoona,United States,,,mechanical_program_screening,No configured primary or secondary CIP completion signal in the three frozen IPEDS graduate first-major completions files; catalog-only and new programs remain a known gap.,"No positive-completion row at award levels 7/17/18/19 for any configured primary or secondary CIP in C2022_A, C2023_A, or C2024_A.",https://nces.ed.gov/ipeds/datacenter/DataFiles.aspx,medium,No,2026-09-09
us:ipeds:214698,Pennsylvania State University-Penn State Beaver,United States,,,mechanical_program_screening,No configured primary or secondary CIP completion signal in the three frozen IPEDS graduate first-major completions files; catalog-only and new programs remain a known gap.,"No positive-completion row at award levels 7/17/18/19 for any configured primary or secondary CIP in C2022_A, C2023_A, or C2024_A.",https://nces.ed.gov/ipeds/datacenter/DataFiles.aspx,medium,No,2026-09-09
us:ipeds:214704,Pennsylvania State University-Penn State Berks,United States,,,mechanical_program_screening,No configured primary or secondary CIP completion signal in the three frozen IPEDS graduate first-major completions files; catalog-only and new programs remain a known gap.,"No positive-completion row at award levels 7/17/18/19 for any configured primary or secondary CIP in C2022_A, C2023_A, or C2024_A.",https://nces.ed.gov/ipeds/datacenter/DataFiles.aspx,medium,No,2026-09-09
us:ipeds:214731,Pennsylvania State University-Penn State Brandywine,United States,,,mechanical_program_screening,No configured primary or secondary CIP completion signal in the three frozen IPEDS graduate first-major completions files; catalog-only and new programs remain a known gap.,"No positive-completion row at award levels 7/17/18/19 for any configured primary or secondary CIP in C2022_A, C2023_A, or C2024_A.",https://nces.ed.gov/ipeds/datacenter/DataFiles.aspx,medium,No,2026-09-09
us:ipeds:214740,Pennsylvania State University-Penn State DuBois,United States,,,mechanical_program_screening,No configured primary or secondary CIP completion signal in the three frozen IPEDS graduate first-major completions files; catalog-only and new programs remain a known gap.,"No positive-completion row at award levels 7/17/18/19 for any configured primary or secondary CIP in C2022_A, C2023_A, or C2024_A.",https://nces.ed.gov/ipeds/datacenter/DataFiles.aspx,medium,No,2026-09-09
us:ipeds:214759,Pennsylvania State University-Penn State Fayette- Eberly,United States,,,mechanical_program_screening,No configured primary or secondary CIP completion signal in the three frozen IPEDS graduate first-major completions files; catalog-only and new programs remain a known gap.,"No positive-completion row at award levels 7/17/18/19 for any configured primary or secondary CIP in C2022_A, C2023_A, or C2024_A.",https://nces.ed.gov/ipeds/datacenter/DataFiles.aspx,medium,No,2026-09-09
us:ipeds:214768,Pennsylvania State University-Penn State Hazleton,United States,,,mechanical_program_screening,No configured primary or secondary CIP completion signal in the three frozen IPEDS graduate first-major completions files; catalog-only and new programs remain a known gap.,"No positive-completion row at award levels 7/17/18/19 for any configured primary or secondary CIP in C2022_A, C2023_A, or C2024_A.",https://nces.ed.gov/ipeds/datacenter/DataFiles.aspx,medium,No,2026-09-09
us:ipeds:214786,Pennsylvania State University-Penn State Greater Allegheny,United States,,,mechanical_program_screening,No configured primary or secondary CIP completion signal in the three frozen IPEDS graduate first-major completions files; catalog-only and new programs remain a known gap.,"No positive-completion row at award levels 7/17/18/19 for any configured primary or secondary CIP in C2022_A, C2023_A, or C2024_A.",https://nces.ed.gov/ipeds/datacenter/DataFiles.aspx,medium,No,2026-09-09
us:ipeds:214795,Pennsylvania State University-Penn State Mont Alto,United States,,,mechanical_program_screening,No configured primary or secondary CIP completion signal in the three frozen IPEDS graduate first-major completions files; catalog-only and new programs remain a known gap.,"No positive-completion row at award levels 7/17/18/19 for any configured primary or secondary CIP in C2022_A, C2023_A, or C2024_A.",https://nces.ed.gov/ipeds/datacenter/DataFiles.aspx,medium,No,2026-09-09
us:ipeds:214801,Pennsylvania State University-Penn State Abington,United States,,,mechanical_program_screening,No configured primary or secondary CIP completion signal in the three frozen IPEDS graduate first-major completions files; catalog-only and new programs remain a known gap.,"No positive-completion row at award levels 7/17/18/19 for any configured primary or secondary CIP in C2022_A, C2023_A, or C2024_A.",https://nces.ed.gov/ipeds/datacenter/DataFiles.aspx,medium,No,2026-09-09
us:ipeds:214810,Pennsylvania State University-Penn State Schuylkill,United States,,,mechanical_program_screening,No configured primary or secondary CIP completion signal in the three frozen IPEDS graduate first-major completions files; catalog-only and new programs remain a known gap.,"No positive-completion row at award levels 7/17/18/19 for any configured primary or secondary CIP in C2022_A, C2023_A, or C2024_A.",https://nces.ed.gov/ipeds/datacenter/DataFiles.aspx,medium,No,2026-09-09
us:ipeds:214829,Pennsylvania State University-Penn State York,United States,,,mechanical_program_screening,No configured primary or secondary CIP completion signal in the three frozen IPEDS graduate first-major completions files; catalog-only and new programs remain a known gap.,"No positive-completion row at award levels 7/17/18/19 for any configured primary or secondary CIP in C2022_A, C2023_A, or C2024_A.",https://nces.ed.gov/ipeds/datacenter/DataFiles.aspx,medium,No,2026-09-09
us:ipeds:214883,Peirce College,United States,,,mechanical_program_screening,No configured primary or secondary CIP completion signal in the three frozen IPEDS graduate first-major completions files; catalog-only and new programs remain a known gap.,"No positive-completion row at award levels 7/17/18/19 for any configured primary or secondary CIP in C2022_A, C2023_A, or C2024_A.",https://nces.ed.gov/ipeds/datacenter/DataFiles.aspx,medium,No,2026-09-09
us:ipeds:214971,Pennsylvania Academy of the Fine Arts,United States,,,mechanical_program_screening,No configured primary or secondary CIP completion signal in the three frozen IPEDS graduate first-major completions files; catalog-only and new programs remain a known gap.,"No positive-completion row at award levels 7/17/18/19 for any configured primary or secondary CIP in C2022_A, C2023_A, or C2024_A.",https://nces.ed.gov/ipeds/datacenter/DataFiles.aspx,medium,No,2026-09-09
us:ipeds:215114,Cairn University-Langhorne,United States,,,mechanical_program_screening,No configured primary or secondary CIP completion signal in the three frozen IPEDS graduate first-major completions files; catalog-only and new programs remain a known gap.,"No positive-completion row at award levels 7/17/18/19 for any configured primary or secondary CIP in C2022_A, C2023_A, or C2024_A.",https://nces.ed.gov/ipeds/datacenter/DataFiles.aspx,medium,No,2026-09-09
us:ipeds:215123,Philadelphia College of Osteopathic Medicine,United States,,,mechanical_program_screening,No configured primary or secondary CIP completion signal in the three frozen IPEDS graduate first-major completions files; catalog-only and new programs remain a known gap.,"No positive-completion row at award levels 7/17/18/19 for any configured primary or secondary CIP in C2022_A, C2023_A, or C2024_A.",https://nces.ed.gov/ipeds/datacenter/DataFiles.aspx,medium,No,2026-09-09
us:ipeds:215424,Pittsburgh Theological Seminary,United States,,,mechanical_program_screening,No configured primary or secondary CIP completion signal in the three frozen IPEDS graduate first-major completions files; catalog-only and new programs remain a known gap.,"No positive-completion row at award levels 7/17/18/19 for any configured primary or secondary CIP in C2022_A, C2023_A, or C2024_A.",https://nces.ed.gov/ipeds/datacenter/DataFiles.aspx,medium,No,2026-09-09
us:ipeds:215619,Reconstructionist Rabbinical College,United States,,,mechanical_program_screening,No configured primary or secondary CIP completion signal in the three frozen IPEDS graduate first-major completions files; catalog-only and new programs remain a known gap.,"No positive-completion row at award levels 7/17/18/19 for any configured primary or secondary CIP in C2022_A, C2023_A, or C2024_A.",https://nces.ed.gov/ipeds/datacenter/DataFiles.aspx,medium,No,2026-09-09
us:ipeds:215691,Rosemont College,United States,,,mechanical_program_screening,No configured primary or secondary CIP completion signal in the three frozen IPEDS graduate first-major completions files; catalog-only and new programs remain a known gap.,"No positive-completion row at award levels 7/17/18/19 for any configured primary or secondary CIP in C2022_A, C2023_A, or C2024_A.",https://nces.ed.gov/ipeds/datacenter/DataFiles.aspx,medium,No,2026-09-09
us:ipeds:215743,Saint Francis University,United States,,,mechanical_program_screening,No configured primary or secondary CIP completion signal in the three frozen IPEDS graduate first-major completions files; catalog-only and new programs remain a known gap.,"No positive-completion row at award levels 7/17/18/19 for any configured primary or secondary CIP in C2022_A, C2023_A, or C2024_A.",https://nces.ed.gov/ipeds/datacenter/DataFiles.aspx,medium,No,2026-09-09
us:ipeds:215798,Saint Vincent College,United States,,,mechanical_program_screening,No configured primary or secondary CIP completion signal in the three frozen IPEDS graduate first-major completions files; catalog-only and new programs remain a known gap.,"No positive-completion row at award levels 7/17/18/19 for any configured primary or secondary CIP in C2022_A, C2023_A, or C2024_A.",https://nces.ed.gov/ipeds/datacenter/DataFiles.aspx,medium,No,2026-09-09
us:ipeds:215813,Saint Vincent Seminary,United States,,,mechanical_program_screening,No configured primary or secondary CIP completion signal in the three frozen IPEDS graduate first-major completions files; catalog-only and new programs remain a known gap.,"No positive-completion row at award levels 7/17/18/19 for any configured primary or secondary CIP in C2022_A, C2023_A, or C2024_A.",https://nces.ed.gov/ipeds/datacenter/DataFiles.aspx,medium,No,2026-09-09
us:ipeds:215947,Seton Hill University,United States,,,mechanical_program_screening,No configured primary or secondary CIP completion signal in the three frozen IPEDS graduate first-major completions files; catalog-only and new programs remain a known gap.,"No positive-completion row at award levels 7/17/18/19 for any configured primary or secondary CIP in C2022_A, C2023_A, or C2024_A.",https://nces.ed.gov/ipeds/datacenter/DataFiles.aspx,medium,No,2026-09-09
us:ipeds:216047,Saint Charles Borromeo Seminary-Overbrook,United States,,,mechanical_program_screening,No configured primary or secondary CIP completion signal in the three frozen IPEDS graduate first-major completions files; catalog-only and new programs remain a known gap.,"No positive-completion row at award levels 7/17/18/19 for any configured primary or secondary CIP in C2022_A, C2023_A, or C2024_A.",https://nces.ed.gov/ipeds/datacenter/DataFiles.aspx,medium,No,2026-09-09
us:ipeds:216278,Susquehanna University,United States,,,mechanical_program_screening,No configured primary or secondary CIP completion signal in the three frozen IPEDS graduate first-major completions files; catalog-only and new programs remain a known gap.,"No positive-completion row at award levels 7/17/18/19 for any configured primary or secondary CIP in C2022_A, C2023_A, or C2024_A.",https://nces.ed.gov/ipeds/datacenter/DataFiles.aspx,medium,No,2026-09-09
us:ipeds:216348,Theological Seminary of the Reformed Episcopal Church,United States,,,mechanical_program_screening,No configured primary or secondary CIP completion signal in the three frozen IPEDS graduate first-major completions files; catalog-only and new programs remain a known gap.,"No positive-completion row at award levels 7/17/18/19 for any configured primary or secondary CIP in C2022_A, C2023_A, or C2024_A.",https://nces.ed.gov/ipeds/datacenter/DataFiles.aspx,medium,No,2026-09-09
us:ipeds:216357,Thiel College,United States,,,mechanical_program_screening,No configured primary or secondary CIP completion signal in the three frozen IPEDS graduate first-major completions files; catalog-only and new programs remain a known gap.,"No positive-completion row at award levels 7/17/18/19 for any configured primary or secondary CIP in C2022_A, C2023_A, or C2024_A.",https://nces.ed.gov/ipeds/datacenter/DataFiles.aspx,medium,No,2026-09-09
us:ipeds:216463,Trinity Anglican Seminary,United States,,,mechanical_program_screening,No configured primary or secondary CIP completion signal in the three frozen IPEDS graduate first-major completions files; catalog-only and new programs remain a known gap.,"No positive-completion row at award levels 7/17/18/19 for any configured primary or secondary CIP in C2022_A, C2023_A, or C2024_A.",https://nces.ed.gov/ipeds/datacenter/DataFiles.aspx,medium,No,2026-09-09
us:ipeds:216542,University of Valley Forge,United States,,,mechanical_program_screening,No configured primary or secondary CIP completion signal in the three frozen IPEDS graduate first-major completions files; catalog-only and new programs remain a known gap.,"No positive-completion row at award levels 7/17/18/19 for any configured primary or secondary CIP in C2022_A, C2023_A, or C2024_A.",https://nces.ed.gov/ipeds/datacenter/DataFiles.aspx,medium,No,2026-09-09
us:ipeds:216667,Washington & Jefferson College,United States,,,mechanical_program_screening,No configured primary or secondary CIP completion signal in the three frozen IPEDS graduate first-major completions files; catalog-only and new programs remain a known gap.,"No positive-completion row at award levels 7/17/18/19 for any configured primary or secondary CIP in C2022_A, C2023_A, or C2024_A.",https://nces.ed.gov/ipeds/datacenter/DataFiles.aspx,medium,No,2026-09-09
us:ipeds:216694,Waynesburg University,United States,,,mechanical_program_screening,No configured primary or secondary CIP completion signal in the three frozen IPEDS graduate first-major completions files; catalog-only and new programs remain a known gap.,"No positive-completion row at award levels 7/17/18/19 for any configured primary or secondary CIP in C2022_A, C2023_A, or C2024_A.",https://nces.ed.gov/ipeds/datacenter/DataFiles.aspx,medium,No,2026-09-09
us:ipeds:216807,Westminster College,United States,,,mechanical_program_screening,No configured primary or secondary CIP completion signal in the three frozen IPEDS graduate first-major completions files; catalog-only and new programs remain a known gap.,"No positive-completion row at award levels 7/17/18/19 for any configured primary or secondary CIP in C2022_A, C2023_A, or C2024_A.",https://nces.ed.gov/ipeds/datacenter/DataFiles.aspx,medium,No,2026-09-09
us:ipeds:216816,Westminster Theological Seminary,United States,,,mechanical_program_screening,No configured primary or secondary CIP completion signal in the three frozen IPEDS graduate first-major completions files; catalog-only and new programs remain a known gap.,"No positive-completion row at award levels 7/17/18/19 for any configured primary or secondary CIP in C2022_A, C2023_A, or C2024_A.",https://nces.ed.gov/ipeds/datacenter/DataFiles.aspx,medium,No,2026-09-09
us:ipeds:216931,Wilkes University,United States,,,mechanical_program_screening,No configured primary or secondary CIP completion signal in the three frozen IPEDS graduate first-major completions files; catalog-only and new programs remain a known gap.,"No positive-completion row at award levels 7/17/18/19 for any configured primary or secondary CIP in C2022_A, C2023_A, or C2024_A.",https://nces.ed.gov/ipeds/datacenter/DataFiles.aspx,medium,No,2026-09-09
us:ipeds:217013,Wilson College,United States,,,mechanical_program_screening,No configured primary or secondary CIP completion signal in the three frozen IPEDS graduate first-major completions files; catalog-only and new programs remain a known gap.,"No positive-completion row at award levels 7/17/18/19 for any configured primary or secondary CIP in C2022_A, C2023_A, or C2024_A.",https://nces.ed.gov/ipeds/datacenter/DataFiles.aspx,medium,No,2026-09-09
us:ipeds:217059,York College of Pennsylvania,United States,,,mechanical_program_screening,No configured primary or secondary CIP completion signal in the three frozen IPEDS graduate first-major completions files; catalog-only and new programs remain a known gap.,"No positive-completion row at award levels 7/17/18/19 for any configured primary or secondary CIP in C2022_A, C2023_A, or C2024_A.",https://nces.ed.gov/ipeds/datacenter/DataFiles.aspx,medium,No,2026-09-09
us:ipeds:217165,Bryant University,United States,,,mechanical_program_screening,No configured primary or secondary CIP completion signal in the three frozen IPEDS graduate first-major completions files; catalog-only and new programs remain a known gap.,"No positive-completion row at award levels 7/17/18/19 for any configured primary or secondary CIP in C2022_A, C2023_A, or C2024_A.",https://nces.ed.gov/ipeds/datacenter/DataFiles.aspx,medium,No,2026-09-09
us:ipeds:217402,Providence College,United States,,,mechanical_program_screening,No configured primary or secondary CIP completion signal in the three frozen IPEDS graduate first-major completions files; catalog-only and new programs remain a known gap.,"No positive-completion row at award levels 7/17/18/19 for any configured primary or secondary CIP in C2022_A, C2023_A, or C2024_A.",https://nces.ed.gov/ipeds/datacenter/DataFiles.aspx,medium,No,2026-09-09
us:ipeds:217420,Rhode Island College,United States,,,mechanical_program_screening,No configured primary or secondary CIP completion signal in the three frozen IPEDS graduate first-major completions files; catalog-only and new programs remain a known gap.,"No positive-completion row at award levels 7/17/18/19 for any configured primary or secondary CIP in C2022_A, C2023_A, or C2024_A.",https://nces.ed.gov/ipeds/datacenter/DataFiles.aspx,medium,No,2026-09-09
us:ipeds:217493,Rhode Island School of Design,United States,,,mechanical_program_screening,No configured primary or secondary CIP completion signal in the three frozen IPEDS graduate first-major completions files; catalog-only and new programs remain a known gap.,"No positive-completion row at award levels 7/17/18/19 for any configured primary or secondary CIP in C2022_A, C2023_A, or C2024_A.",https://nces.ed.gov/ipeds/datacenter/DataFiles.aspx,medium,No,2026-09-09
us:ipeds:217536,Salve Regina University,United States,,,mechanical_program_screening,No configured primary or secondary CIP completion signal in the three frozen IPEDS graduate first-major completions files; catalog-only and new programs remain a known gap.,"No positive-completion row at award levels 7/17/18/19 for any configured primary or secondary CIP in C2022_A, C2023_A, or C2024_A.",https://nces.ed.gov/ipeds/datacenter/DataFiles.aspx,medium,No,2026-09-09
us:ipeds:217606,Northpoint Bible College,United States,,,mechanical_program_screening,No configured primary or secondary CIP completion signal in the three frozen IPEDS graduate first-major completions files; catalog-only and new programs remain a known gap.,"No positive-completion row at award levels 7/17/18/19 for any configured primary or secondary CIP in C2022_A, C2023_A, or C2024_A.",https://nces.ed.gov/ipeds/datacenter/DataFiles.aspx,medium,No,2026-09-09
us:ipeds:217624,Allen University,United States,,,mechanical_program_screening,No configured primary or secondary CIP completion signal in the three frozen IPEDS graduate first-major completions files; catalog-only and new programs remain a known gap.,"No positive-completion row at award levels 7/17/18/19 for any configured primary or secondary CIP in C2022_A, C2023_A, or C2024_A.",https://nces.ed.gov/ipeds/datacenter/DataFiles.aspx,medium,No,2026-09-09
us:ipeds:217633,Anderson University,United States,,,mechanical_program_screening,No configured primary or secondary CIP completion signal in the three frozen IPEDS graduate first-major completions files; catalog-only and new programs remain a known gap.,"No positive-completion row at award levels 7/17/18/19 for any configured primary or secondary CIP in C2022_A, C2023_A, or C2024_A.",https://nces.ed.gov/ipeds/datacenter/DataFiles.aspx,medium,No,2026-09-09
us:ipeds:217721,Benedict College,United States,,,mechanical_program_screening,No configured primary or secondary CIP completion signal in the three frozen IPEDS graduate first-major completions files; catalog-only and new programs remain a known gap.,"No positive-completion row at award levels 7/17/18/19 for any configured primary or secondary CIP in C2022_A, C2023_A, or C2024_A.",https://nces.ed.gov/ipeds/datacenter/DataFiles.aspx,medium,No,2026-09-09
us:ipeds:217749,Bob Jones University,United States,,,mechanical_program_screening,No configured primary or secondary CIP completion signal in the three frozen IPEDS graduate first-major completions files; catalog-only and new programs remain a known gap.,"No positive-completion row at award levels 7/17/18/19 for any configured primary or secondary CIP in C2022_A, C2023_A, or C2024_A.",https://nces.ed.gov/ipeds/datacenter/DataFiles.aspx,medium,No,2026-09-09
us:ipeds:217776,Southern Wesleyan University,United States,,,mechanical_program_screening,No configured primary or secondary CIP completion signal in the three frozen IPEDS graduate first-major completions files; catalog-only and new programs remain a known gap.,"No positive-completion row at award levels 7/17/18/19 for any configured primary or secondary CIP in C2022_A, C2023_A, or C2024_A.",https://nces.ed.gov/ipeds/datacenter/DataFiles.aspx,medium,No,2026-09-09
us:ipeds:217873,Claflin University,United States,,,mechanical_program_screening,No configured primary or secondary CIP completion signal in the three frozen IPEDS graduate first-major completions files; catalog-only and new programs remain a known gap.,"No positive-completion row at award levels 7/17/18/19 for any configured primary or secondary CIP in C2022_A, C2023_A, or C2024_A.",https://nces.ed.gov/ipeds/datacenter/DataFiles.aspx,medium,No,2026-09-09
us:ipeds:217907,Coker University,United States,,,mechanical_program_screening,No configured primary or secondary CIP completion signal in the three frozen IPEDS graduate first-major completions files; catalog-only and new programs remain a known gap.,"No positive-completion row at award levels 7/17/18/19 for any configured primary or secondary CIP in C2022_A, C2023_A, or C2024_A.",https://nces.ed.gov/ipeds/datacenter/DataFiles.aspx,medium,No,2026-09-09
us:ipeds:217925,Columbia International University,United States,,,mechanical_program_screening,No configured primary or secondary CIP completion signal in the three frozen IPEDS graduate first-major completions files; catalog-only and new programs remain a known gap.,"No positive-completion row at award levels 7/17/18/19 for any configured primary or secondary CIP in C2022_A, C2023_A, or C2024_A.",https://nces.ed.gov/ipeds/datacenter/DataFiles.aspx,medium,No,2026-09-09
us:ipeds:217934,Columbia College,United States,,,mechanical_program_screening,No configured primary or secondary CIP completion signal in the three frozen IPEDS graduate first-major completions files; catalog-only and new programs remain a known gap.,"No positive-completion row at award levels 7/17/18/19 for any configured primary or secondary CIP in C2022_A, C2023_A, or C2024_A.",https://nces.ed.gov/ipeds/datacenter/DataFiles.aspx,medium,No,2026-09-09
us:ipeds:217961,Converse University,United States,,,mechanical_program_screening,No configured primary or secondary CIP completion signal in the three frozen IPEDS graduate first-major completions files; catalog-only and new programs remain a known gap.,"No positive-completion row at award levels 7/17/18/19 for any configured primary or secondary CIP in C2022_A, C2023_A, or C2024_A.",https://nces.ed.gov/ipeds/datacenter/DataFiles.aspx,medium,No,2026-09-09
us:ipeds:217998,Erskine College,United States,,,mechanical_program_screening,No configured primary or secondary CIP completion signal in the three frozen IPEDS graduate first-major completions files; catalog-only and new programs remain a known gap.,"No positive-completion row at award levels 7/17/18/19 for any configured primary or secondary CIP in C2022_A, C2023_A, or C2024_A.",https://nces.ed.gov/ipeds/datacenter/DataFiles.aspx,medium,No,2026-09-09
us:ipeds:218061,Francis Marion University,United States,,,mechanical_program_screening,No configured primary or secondary CIP completion signal in the three frozen IPEDS graduate first-major completions files; catalog-only and new programs remain a known gap.,"No positive-completion row at award levels 7/17/18/19 for any configured primary or secondary CIP in C2022_A, C2023_A, or C2024_A.",https://nces.ed.gov/ipeds/datacenter/DataFiles.aspx,medium,No,2026-09-09
us:ipeds:218070,Furman University,United States,,,mechanical_program_screening,No configured primary or secondary CIP completion signal in the three frozen IPEDS graduate first-major completions files; catalog-only and new programs remain a known gap.,"No positive-completion row at award levels 7/17/18/19 for any configured primary or secondary CIP in C2022_A, C2023_A, or C2024_A.",https://nces.ed.gov/ipeds/datacenter/DataFiles.aspx,medium,No,2026-09-09
us:ipeds:218229,Lander University,United States,,,mechanical_program_screening,No configured primary or secondary CIP completion signal in the three frozen IPEDS graduate first-major completions files; catalog-only and new programs remain a known gap.,"No positive-completion row at award levels 7/17/18/19 for any configured primary or secondary CIP in C2022_A, C2023_A, or C2024_A.",https://nces.ed.gov/ipeds/datacenter/DataFiles.aspx,medium,No,2026-09-09
us:ipeds:218238,Limestone University,United States,,,mechanical_program_screening,No configured primary or secondary CIP completion signal in the three frozen IPEDS graduate first-major completions files; catalog-only and new programs remain a known gap.,"No positive-completion row at award levels 7/17/18/19 for any configured primary or secondary CIP in C2022_A, C2023_A, or C2024_A.",https://nces.ed.gov/ipeds/datacenter/DataFiles.aspx,medium,No,2026-09-09
us:ipeds:218335,Medical University of South Carolina,United States,,,mechanical_program_screening,No configured primary or secondary CIP completion signal in the three frozen IPEDS graduate first-major completions files; catalog-only and new programs remain a known gap.,"No positive-completion row at award levels 7/17/18/19 for any configured primary or secondary CIP in C2022_A, C2023_A, or C2024_A.",https://nces.ed.gov/ipeds/datacenter/DataFiles.aspx,medium,No,2026-09-09
us:ipeds:218414,Newberry College,United States,,,mechanical_program_screening,No configured primary or secondary CIP completion signal in the three frozen IPEDS graduate first-major completions files; catalog-only and new programs remain a known gap.,"No positive-completion row at award levels 7/17/18/19 for any configured primary or secondary CIP in C2022_A, C2023_A, or C2024_A.",https://nces.ed.gov/ipeds/datacenter/DataFiles.aspx,medium,No,2026-09-09
us:ipeds:218441,North Greenville University,United States,,,mechanical_program_screening,No configured primary or secondary CIP completion signal in the three frozen IPEDS graduate first-major completions files; catalog-only and new programs remain a known gap.,"No positive-completion row at award levels 7/17/18/19 for any configured primary or secondary CIP in C2022_A, C2023_A, or C2024_A.",https://nces.ed.gov/ipeds/datacenter/DataFiles.aspx,medium,No,2026-09-09
us:ipeds:218539,Presbyterian College,United States,,,mechanical_program_screening,No configured primary or secondary CIP completion signal in the three frozen IPEDS graduate first-major completions files; catalog-only and new programs remain a known gap.,"No positive-completion row at award levels 7/17/18/19 for any configured primary or secondary CIP in C2022_A, C2023_A, or C2024_A.",https://nces.ed.gov/ipeds/datacenter/DataFiles.aspx,medium,No,2026-09-09
us:ipeds:218645,University of South Carolina Aiken,United States,,,mechanical_program_screening,No configured primary or secondary CIP completion signal in the three frozen IPEDS graduate first-major completions files; catalog-only and new programs remain a known gap.,"No positive-completion row at award levels 7/17/18/19 for any configured primary or secondary CIP in C2022_A, C2023_A, or C2024_A.",https://nces.ed.gov/ipeds/datacenter/DataFiles.aspx,medium,No,2026-09-09
us:ipeds:218654,University of South Carolina Beaufort,United States,,,mechanical_program_screening,No configured primary or secondary CIP completion signal in the three frozen IPEDS graduate first-major completions files; catalog-only and new programs remain a known gap.,"No positive-completion row at award levels 7/17/18/19 for any configured primary or secondary CIP in C2022_A, C2023_A, or C2024_A.",https://nces.ed.gov/ipeds/datacenter/DataFiles.aspx,medium,No,2026-09-09
us:ipeds:218733,South Carolina State University,United States,,,mechanical_program_screening,No configured primary or secondary CIP completion signal in the three frozen IPEDS graduate first-major completions files; catalog-only and new programs remain a known gap.,"No positive-completion row at award levels 7/17/18/19 for any configured primary or secondary CIP in C2022_A, C2023_A, or C2024_A.",https://nces.ed.gov/ipeds/datacenter/DataFiles.aspx,medium,No,2026-09-09
us:ipeds:218742,University of South Carolina-Upstate,United States,,,mechanical_program_screening,No configured primary or secondary CIP completion signal in the three frozen IPEDS graduate first-major completions files; catalog-only and new programs remain a known gap.,"No positive-completion row at award levels 7/17/18/19 for any configured primary or secondary CIP in C2022_A, C2023_A, or C2024_A.",https://nces.ed.gov/ipeds/datacenter/DataFiles.aspx,medium,No,2026-09-09
us:ipeds:218751,Sherman College of Chiropractic,United States,,,mechanical_program_screening,No configured primary or secondary CIP completion signal in the three frozen IPEDS graduate first-major completions files; catalog-only and new programs remain a known gap.,"No positive-completion row at award levels 7/17/18/19 for any configured primary or secondary CIP in C2022_A, C2023_A, or C2024_A.",https://nces.ed.gov/ipeds/datacenter/DataFiles.aspx,medium,No,2026-09-09
us:ipeds:218919,Voorhees University,United States,,,mechanical_program_screening,No configured primary or secondary CIP completion signal in the three frozen IPEDS graduate first-major completions files; catalog-only and new programs remain a known gap.,"No positive-completion row at award levels 7/17/18/19 for any configured primary or secondary CIP in C2022_A, C2023_A, or C2024_A.",https://nces.ed.gov/ipeds/datacenter/DataFiles.aspx,medium,No,2026-09-09
us:ipeds:218964,Winthrop University,United States,,,mechanical_program_screening,No configured primary or secondary CIP completion signal in the three frozen IPEDS graduate first-major completions files; catalog-only and new programs remain a known gap.,"No positive-completion row at award levels 7/17/18/19 for any configured primary or secondary CIP in C2022_A, C2023_A, or C2024_A.",https://nces.ed.gov/ipeds/datacenter/DataFiles.aspx,medium,No,2026-09-09
us:ipeds:219000,Augustana University,United States,,,mechanical_program_screening,No configured primary or secondary CIP completion signal in the three frozen IPEDS graduate first-major completions files; catalog-only and new programs remain a known gap.,"No positive-completion row at award levels 7/17/18/19 for any configured primary or secondary CIP in C2022_A, C2023_A, or C2024_A.",https://nces.ed.gov/ipeds/datacenter/DataFiles.aspx,medium,No,2026-09-09
us:ipeds:219046,Black Hills State University,United States,,,mechanical_program_screening,No configured primary or secondary CIP completion signal in the three frozen IPEDS graduate first-major completions files; catalog-only and new programs remain a known gap.,"No positive-completion row at award levels 7/17/18/19 for any configured primary or secondary CIP in C2022_A, C2023_A, or C2024_A.",https://nces.ed.gov/ipeds/datacenter/DataFiles.aspx,medium,No,2026-09-09
us:ipeds:219091,Dakota Wesleyan University,United States,,,mechanical_program_screening,No configured primary or secondary CIP completion signal in the three frozen IPEDS graduate first-major completions files; catalog-only and new programs remain a known gap.,"No positive-completion row at award levels 7/17/18/19 for any configured primary or secondary CIP in C2022_A, C2023_A, or C2024_A.",https://nces.ed.gov/ipeds/datacenter/DataFiles.aspx,medium,No,2026-09-09
us:ipeds:219198,Mount Marty University,United States,,,mechanical_program_screening,No configured primary or secondary CIP completion signal in the three frozen IPEDS graduate first-major completions files; catalog-only and new programs remain a known gap.,"No positive-completion row at award levels 7/17/18/19 for any configured primary or secondary CIP in C2022_A, C2023_A, or C2024_A.",https://nces.ed.gov/ipeds/datacenter/DataFiles.aspx,medium,No,2026-09-09
us:ipeds:219204,National American University-Rapid City,United States,,,mechanical_program_screening,No configured primary or secondary CIP completion signal in the three frozen IPEDS graduate first-major completions files; catalog-only and new programs remain a known gap.,"No positive-completion row at award levels 7/17/18/19 for any configured primary or secondary CIP in C2022_A, C2023_A, or C2024_A.",https://nces.ed.gov/ipeds/datacenter/DataFiles.aspx,medium,No,2026-09-09
us:ipeds:219240,Kairos University,United States,,,mechanical_program_screening,No configured primary or secondary CIP completion signal in the three frozen IPEDS graduate first-major completions files; catalog-only and new programs remain a known gap.,"No positive-completion row at award levels 7/17/18/19 for any configured primary or secondary CIP in C2022_A, C2023_A, or C2024_A.",https://nces.ed.gov/ipeds/datacenter/DataFiles.aspx,medium,No,2026-09-09
us:ipeds:219259,Northern State University,United States,,,mechanical_program_screening,No configured primary or secondary CIP completion signal in the three frozen IPEDS graduate first-major completions files; catalog-only and new programs remain a known gap.,"No positive-completion row at award levels 7/17/18/19 for any configured primary or secondary CIP in C2022_A, C2023_A, or C2024_A.",https://nces.ed.gov/ipeds/datacenter/DataFiles.aspx,medium,No,2026-09-09
us:ipeds:219277,Oglala Lakota College,United States,,,mechanical_program_screening,No configured primary or secondary CIP completion signal in the three frozen IPEDS graduate first-major completions files; catalog-only and new programs remain a known gap.,"No positive-completion row at award levels 7/17/18/19 for any configured primary or secondary CIP in C2022_A, C2023_A, or C2024_A.",https://nces.ed.gov/ipeds/datacenter/DataFiles.aspx,medium,No,2026-09-09
us:ipeds:219374,Sinte Gleska University,United States,,,mechanical_program_screening,No configured primary or secondary CIP completion signal in the three frozen IPEDS graduate first-major completions files; catalog-only and new programs remain a known gap.,"No positive-completion row at award levels 7/17/18/19 for any configured primary or secondary CIP in C2022_A, C2023_A, or C2024_A.",https://nces.ed.gov/ipeds/datacenter/DataFiles.aspx,medium,No,2026-09-09
us:ipeds:219383,University of Sioux Falls,United States,,,mechanical_program_screening,No configured primary or secondary CIP completion signal in the three frozen IPEDS graduate first-major completions files; catalog-only and new programs remain a known gap.,"No positive-completion row at award levels 7/17/18/19 for any configured primary or secondary CIP in C2022_A, C2023_A, or C2024_A.",https://nces.ed.gov/ipeds/datacenter/DataFiles.aspx,medium,No,2026-09-09
us:ipeds:219602,Austin Peay State University,United States,,,mechanical_program_screening,No configured primary or secondary CIP completion signal in the three frozen IPEDS graduate first-major completions files; catalog-only and new programs remain a known gap.,"No positive-completion row at award levels 7/17/18/19 for any configured primary or secondary CIP in C2022_A, C2023_A, or C2024_A.",https://nces.ed.gov/ipeds/datacenter/DataFiles.aspx,medium,No,2026-09-09
us:ipeds:219639,Baptist Health Sciences University,United States,,,mechanical_program_screening,No configured primary or secondary CIP completion signal in the three frozen IPEDS graduate first-major completions files; catalog-only and new programs remain a known gap.,"No positive-completion row at award levels 7/17/18/19 for any configured primary or secondary CIP in C2022_A, C2023_A, or C2024_A.",https://nces.ed.gov/ipeds/datacenter/DataFiles.aspx,medium,No,2026-09-09
us:ipeds:219709,Belmont University,United States,,,mechanical_program_screening,No configured primary or secondary CIP completion signal in the three frozen IPEDS graduate first-major completions files; catalog-only and new programs remain a known gap.,"No positive-completion row at award levels 7/17/18/19 for any configured primary or secondary CIP in C2022_A, C2023_A, or C2024_A.",https://nces.ed.gov/ipeds/datacenter/DataFiles.aspx,medium,No,2026-09-09
us:ipeds:219718,Bethel University,United States,,,mechanical_program_screening,No configured primary or secondary CIP completion signal in the three frozen IPEDS graduate first-major completions files; catalog-only and new programs remain a known gap.,"No positive-completion row at award levels 7/17/18/19 for any configured primary or secondary CIP in C2022_A, C2023_A, or C2024_A.",https://nces.ed.gov/ipeds/datacenter/DataFiles.aspx,medium,No,2026-09-09
us:ipeds:219790,Bryan College-Dayton,United States,,,mechanical_program_screening,No configured primary or secondary CIP completion signal in the three frozen IPEDS graduate first-major completions files; catalog-only and new programs remain a known gap.,"No positive-completion row at award levels 7/17/18/19 for any configured primary or secondary CIP in C2022_A, C2023_A, or C2024_A.",https://nces.ed.gov/ipeds/datacenter/DataFiles.aspx,medium,No,2026-09-09
us:ipeds:219806,Carson-Newman University,United States,,,mechanical_program_screening,No configured primary or secondary CIP completion signal in the three frozen IPEDS graduate first-major completions files; catalog-only and new programs remain a known gap.,"No positive-completion row at award levels 7/17/18/19 for any configured primary or secondary CIP in C2022_A, C2023_A, or C2024_A.",https://nces.ed.gov/ipeds/datacenter/DataFiles.aspx,medium,No,2026-09-09
us:ipeds:219842,Pentecostal Theological Seminary,United States,,,mechanical_program_screening,No configured primary or secondary CIP completion signal in the three frozen IPEDS graduate first-major completions files; catalog-only and new programs remain a known gap.,"No positive-completion row at award levels 7/17/18/19 for any configured primary or secondary CIP in C2022_A, C2023_A, or C2024_A.",https://nces.ed.gov/ipeds/datacenter/DataFiles.aspx,medium,No,2026-09-09
us:ipeds:219949,Cumberland University,United States,,,mechanical_program_screening,No configured primary or secondary CIP completion signal in the three frozen IPEDS graduate first-major completions files; catalog-only and new programs remain a known gap.,"No positive-completion row at award levels 7/17/18/19 for any configured primary or secondary CIP in C2022_A, C2023_A, or C2024_A.",https://nces.ed.gov/ipeds/datacenter/DataFiles.aspx,medium,No,2026-09-09
us:ipeds:220181,Fisk University,United States,,,mechanical_program_screening,No configured primary or secondary CIP completion signal in the three frozen IPEDS graduate first-major completions files; catalog-only and new programs remain a known gap.,"No positive-completion row at award levels 7/17/18/19 for any configured primary or secondary CIP in C2022_A, C2023_A, or C2024_A.",https://nces.ed.gov/ipeds/datacenter/DataFiles.aspx,medium,No,2026-09-09
us:ipeds:220206,Welch College,United States,,,mechanical_program_screening,No configured primary or secondary CIP completion signal in the three frozen IPEDS graduate first-major completions files; catalog-only and new programs remain a known gap.,"No positive-completion row at award levels 7/17/18/19 for any configured primary or secondary CIP in C2022_A, C2023_A, or C2024_A.",https://nces.ed.gov/ipeds/datacenter/DataFiles.aspx,medium,No,2026-09-09
us:ipeds:220215,Freed-Hardeman University,United States,,,mechanical_program_screening,No configured primary or secondary CIP completion signal in the three frozen IPEDS graduate first-major completions files; catalog-only and new programs remain a known gap.,"No positive-completion row at award levels 7/17/18/19 for any configured primary or secondary CIP in C2022_A, C2023_A, or C2024_A.",https://nces.ed.gov/ipeds/datacenter/DataFiles.aspx,medium,No,2026-09-09
us:ipeds:220473,Johnson University,United States,,,mechanical_program_screening,No configured primary or secondary CIP completion signal in the three frozen IPEDS graduate first-major completions files; catalog-only and new programs remain a known gap.,"No positive-completion row at award levels 7/17/18/19 for any configured primary or secondary CIP in C2022_A, C2023_A, or C2024_A.",https://nces.ed.gov/ipeds/datacenter/DataFiles.aspx,medium,No,2026-09-09
us:ipeds:220516,King University,United States,,,mechanical_program_screening,No configured primary or secondary CIP completion signal in the three frozen IPEDS graduate first-major completions files; catalog-only and new programs remain a known gap.,"No positive-completion row at award levels 7/17/18/19 for any configured primary or secondary CIP in C2022_A, C2023_A, or C2024_A.",https://nces.ed.gov/ipeds/datacenter/DataFiles.aspx,medium,No,2026-09-09
us:ipeds:220613,Lee University,United States,,,mechanical_program_screening,No configured primary or secondary CIP completion signal in the three frozen IPEDS graduate first-major completions files; catalog-only and new programs remain a known gap.,"No positive-completion row at award levels 7/17/18/19 for any configured primary or secondary CIP in C2022_A, C2023_A, or C2024_A.",https://nces.ed.gov/ipeds/datacenter/DataFiles.aspx,medium,No,2026-09-09
us:ipeds:220631,Lincoln Memorial University,United States,,,mechanical_program_screening,No configured primary or secondary CIP completion signal in the three frozen IPEDS graduate first-major completions files; catalog-only and new programs remain a known gap.,"No positive-completion row at award levels 7/17/18/19 for any configured primary or secondary CIP in C2022_A, C2023_A, or C2024_A.",https://nces.ed.gov/ipeds/datacenter/DataFiles.aspx,medium,No,2026-09-09
us:ipeds:220701,The University of Tennessee Southern,United States,,,mechanical_program_screening,No configured primary or secondary CIP completion signal in the three frozen IPEDS graduate first-major completions files; catalog-only and new programs remain a known gap.,"No positive-completion row at award levels 7/17/18/19 for any configured primary or secondary CIP in C2022_A, C2023_A, or C2024_A.",https://nces.ed.gov/ipeds/datacenter/DataFiles.aspx,medium,No,2026-09-09
us:ipeds:220710,Maryville College,United States,,,mechanical_program_screening,No configured primary or secondary CIP completion signal in the three frozen IPEDS graduate first-major completions files; catalog-only and new programs remain a known gap.,"No positive-completion row at award levels 7/17/18/19 for any configured primary or secondary CIP in C2022_A, C2023_A, or C2024_A.",https://nces.ed.gov/ipeds/datacenter/DataFiles.aspx,medium,No,2026-09-09
us:ipeds:220871,Memphis Theological Seminary,United States,,,mechanical_program_screening,No configured primary or secondary CIP completion signal in the three frozen IPEDS graduate first-major completions files; catalog-only and new programs remain a known gap.,"No positive-completion row at award levels 7/17/18/19 for any configured primary or secondary CIP in C2022_A, C2023_A, or C2024_A.",https://nces.ed.gov/ipeds/datacenter/DataFiles.aspx,medium,No,2026-09-09
us:ipeds:220996,Middle Tennessee School of Anesthesia Inc,United States,,,mechanical_program_screening,No configured primary or secondary CIP completion signal in the three frozen IPEDS graduate first-major completions files; catalog-only and new programs remain a known gap.,"No positive-completion row at award levels 7/17/18/19 for any configured primary or secondary CIP in C2022_A, C2023_A, or C2024_A.",https://nces.ed.gov/ipeds/datacenter/DataFiles.aspx,medium,No,2026-09-09
us:ipeds:221351,Rhodes College,United States,,,mechanical_program_screening,No configured primary or secondary CIP completion signal in the three frozen IPEDS graduate first-major completions files; catalog-only and new programs remain a known gap.,"No positive-completion row at award levels 7/17/18/19 for any configured primary or secondary CIP in C2022_A, C2023_A, or C2024_A.",https://nces.ed.gov/ipeds/datacenter/DataFiles.aspx,medium,No,2026-09-09
us:ipeds:221519,The University of the South,United States,,,mechanical_program_screening,No configured primary or secondary CIP completion signal in the three frozen IPEDS graduate first-major completions files; catalog-only and new programs remain a known gap.,"No positive-completion row at award levels 7/17/18/19 for any configured primary or secondary CIP in C2022_A, C2023_A, or C2024_A.",https://nces.ed.gov/ipeds/datacenter/DataFiles.aspx,medium,No,2026-09-09
us:ipeds:221670,Southern College of Optometry,United States,,,mechanical_program_screening,No configured primary or secondary CIP completion signal in the three frozen IPEDS graduate first-major completions files; catalog-only and new programs remain a known gap.,"No positive-completion row at award levels 7/17/18/19 for any configured primary or secondary CIP in C2022_A, C2023_A, or C2024_A.",https://nces.ed.gov/ipeds/datacenter/DataFiles.aspx,medium,No,2026-09-09
us:ipeds:221731,Tennessee Wesleyan University,United States,,,mechanical_program_screening,No configured primary or secondary CIP completion signal in the three frozen IPEDS graduate first-major completions files; catalog-only and new programs remain a known gap.,"No positive-completion row at award levels 7/17/18/19 for any configured primary or secondary CIP in C2022_A, C2023_A, or C2024_A.",https://nces.ed.gov/ipeds/datacenter/DataFiles.aspx,medium,No,2026-09-09
us:ipeds:221768,The University of Tennessee-Martin,United States,,,mechanical_program_screening,No configured primary or secondary CIP completion signal in the three frozen IPEDS graduate first-major completions files; catalog-only and new programs remain a known gap.,"No positive-completion row at award levels 7/17/18/19 for any configured primary or secondary CIP in C2022_A, C2023_A, or C2024_A.",https://nces.ed.gov/ipeds/datacenter/DataFiles.aspx,medium,No,2026-09-09
us:ipeds:221892,Trevecca Nazarene University,United States,,,mechanical_program_screening,No configured primary or secondary CIP completion signal in the three frozen IPEDS graduate first-major completions files; catalog-only and new programs remain a known gap.,"No positive-completion row at award levels 7/17/18/19 for any configured primary or secondary CIP in C2022_A, C2023_A, or C2024_A.",https://nces.ed.gov/ipeds/datacenter/DataFiles.aspx,medium,No,2026-09-09
us:ipeds:221953,Tusculum University,United States,,,mechanical_program_screening,No configured primary or secondary CIP completion signal in the three frozen IPEDS graduate first-major completions files; catalog-only and new programs remain a known gap.,"No positive-completion row at award levels 7/17/18/19 for any configured primary or secondary CIP in C2022_A, C2023_A, or C2024_A.",https://nces.ed.gov/ipeds/datacenter/DataFiles.aspx,medium,No,2026-09-09
us:ipeds:221971,Union University,United States,,,mechanical_program_screening,No configured primary or secondary CIP completion signal in the three frozen IPEDS graduate first-major completions files; catalog-only and new programs remain a known gap.,"No positive-completion row at award levels 7/17/18/19 for any configured primary or secondary CIP in C2022_A, C2023_A, or C2024_A.",https://nces.ed.gov/ipeds/datacenter/DataFiles.aspx,medium,No,2026-09-09
us:ipeds:222628,Amberton University,United States,,,mechanical_program_screening,No configured primary or secondary CIP completion signal in the three frozen IPEDS graduate first-major completions files; catalog-only and new programs remain a known gap.,"No positive-completion row at award levels 7/17/18/19 for any configured primary or secondary CIP in C2022_A, C2023_A, or C2024_A.",https://nces.ed.gov/ipeds/datacenter/DataFiles.aspx,medium,No,2026-09-09
us:ipeds:222877,Arlington Baptist University,United States,,,mechanical_program_screening,No configured primary or secondary CIP completion signal in the three frozen IPEDS graduate first-major completions files; catalog-only and new programs remain a known gap.,"No positive-completion row at award levels 7/17/18/19 for any configured primary or secondary CIP in C2022_A, C2023_A, or C2024_A.",https://nces.ed.gov/ipeds/datacenter/DataFiles.aspx,medium,No,2026-09-09
us:ipeds:222983,Austin College,United States,,,mechanical_program_screening,No configured primary or secondary CIP completion signal in the three frozen IPEDS graduate first-major completions files; catalog-only and new programs remain a known gap.,"No positive-completion row at award levels 7/17/18/19 for any configured primary or secondary CIP in C2022_A, C2023_A, or C2024_A.",https://nces.ed.gov/ipeds/datacenter/DataFiles.aspx,medium,No,2026-09-09
us:ipeds:223001,Austin Presbyterian Theological Seminary,United States,,,mechanical_program_screening,No configured primary or secondary CIP completion signal in the three frozen IPEDS graduate first-major completions files; catalog-only and new programs remain a known gap.,"No positive-completion row at award levels 7/17/18/19 for any configured primary or secondary CIP in C2022_A, C2023_A, or C2024_A.",https://nces.ed.gov/ipeds/datacenter/DataFiles.aspx,medium,No,2026-09-09
us:ipeds:223117,Baptist Missionary Association Theological Seminary,United States,,,mechanical_program_screening,No configured primary or secondary CIP completion signal in the three frozen IPEDS graduate first-major completions files; catalog-only and new programs remain a known gap.,"No positive-completion row at award levels 7/17/18/19 for any configured primary or secondary CIP in C2022_A, C2023_A, or C2024_A.",https://nces.ed.gov/ipeds/datacenter/DataFiles.aspx,medium,No,2026-09-09
us:ipeds:223223,Baylor College of Medicine,United States,,,mechanical_program_screening,No configured primary or secondary CIP completion signal in the three frozen IPEDS graduate first-major completions files; catalog-only and new programs remain a known gap.,"No positive-completion row at award levels 7/17/18/19 for any configured primary or secondary CIP in C2022_A, C2023_A, or C2024_A.",https://nces.ed.gov/ipeds/datacenter/DataFiles.aspx,medium,No,2026-09-09
us:ipeds:224004,Concordia University Texas,United States,,,mechanical_program_screening,No configured primary or secondary CIP completion signal in the three frozen IPEDS graduate first-major completions files; catalog-only and new programs remain a known gap.,"No positive-completion row at award levels 7/17/18/19 for any configured primary or secondary CIP in C2022_A, C2023_A, or C2024_A.",https://nces.ed.gov/ipeds/datacenter/DataFiles.aspx,medium,No,2026-09-09
us:ipeds:224244,Dallas Christian College,United States,,,mechanical_program_screening,No configured primary or secondary CIP completion signal in the three frozen IPEDS graduate first-major completions files; catalog-only and new programs remain a known gap.,"No positive-completion row at award levels 7/17/18/19 for any configured primary or secondary CIP in C2022_A, C2023_A, or C2024_A.",https://nces.ed.gov/ipeds/datacenter/DataFiles.aspx,medium,No,2026-09-09
us:ipeds:224305,Dallas Theological Seminary,United States,,,mechanical_program_screening,No configured primary or secondary CIP completion signal in the three frozen IPEDS graduate first-major completions files; catalog-only and new programs remain a known gap.,"No positive-completion row at award levels 7/17/18/19 for any configured primary or secondary CIP in C2022_A, C2023_A, or C2024_A.",https://nces.ed.gov/ipeds/datacenter/DataFiles.aspx,medium,No,2026-09-09
us:ipeds:224527,East Texas Baptist University,United States,,,mechanical_program_screening,No configured primary or secondary CIP completion signal in the three frozen IPEDS graduate first-major completions files; catalog-only and new programs remain a known gap.,"No positive-completion row at award levels 7/17/18/19 for any configured primary or secondary CIP in C2022_A, C2023_A, or C2024_A.",https://nces.ed.gov/ipeds/datacenter/DataFiles.aspx,medium,No,2026-09-09
us:ipeds:224545,Texas A&M University-Texarkana,United States,,,mechanical_program_screening,No configured primary or secondary CIP completion signal in the three frozen IPEDS graduate first-major completions files; catalog-only and new programs remain a known gap.,"No positive-completion row at award levels 7/17/18/19 for any configured primary or secondary CIP in C2022_A, C2023_A, or C2024_A.",https://nces.ed.gov/ipeds/datacenter/DataFiles.aspx,medium,No,2026-09-09
us:ipeds:224660,Western Technical College,United States,,,mechanical_program_screening,No configured primary or secondary CIP completion signal in the three frozen IPEDS graduate first-major completions files; catalog-only and new programs remain a known gap.,"No positive-completion row at award levels 7/17/18/19 for any configured primary or secondary CIP in C2022_A, C2023_A, or C2024_A.",https://nces.ed.gov/ipeds/datacenter/DataFiles.aspx,medium,No,2026-09-09
us:ipeds:224712,Episcopal Theological Seminary of the Southwest,United States,,,mechanical_program_screening,No configured primary or secondary CIP completion signal in the three frozen IPEDS graduate first-major completions files; catalog-only and new programs remain a known gap.,"No positive-completion row at award levels 7/17/18/19 for any configured primary or secondary CIP in C2022_A, C2023_A, or C2024_A.",https://nces.ed.gov/ipeds/datacenter/DataFiles.aspx,medium,No,2026-09-09
us:ipeds:225247,Hardin-Simmons University,United States,,,mechanical_program_screening,No configured primary or secondary CIP completion signal in the three frozen IPEDS graduate first-major completions files; catalog-only and new programs remain a known gap.,"No positive-completion row at award levels 7/17/18/19 for any configured primary or secondary CIP in C2022_A, C2023_A, or C2024_A.",https://nces.ed.gov/ipeds/datacenter/DataFiles.aspx,medium,No,2026-09-09
us:ipeds:225399,Houston Christian University,United States,,,mechanical_program_screening,No configured primary or secondary CIP completion signal in the three frozen IPEDS graduate first-major completions files; catalog-only and new programs remain a known gap.,"No positive-completion row at award levels 7/17/18/19 for any configured primary or secondary CIP in C2022_A, C2023_A, or C2024_A.",https://nces.ed.gov/ipeds/datacenter/DataFiles.aspx,medium,No,2026-09-09
us:ipeds:225548,Howard Payne University,United States,,,mechanical_program_screening,No configured primary or secondary CIP completion signal in the three frozen IPEDS graduate first-major completions files; catalog-only and new programs remain a known gap.,"No positive-completion row at award levels 7/17/18/19 for any configured primary or secondary CIP in C2022_A, C2023_A, or C2024_A.",https://nces.ed.gov/ipeds/datacenter/DataFiles.aspx,medium,No,2026-09-09
us:ipeds:225575,Huston-Tillotson University,United States,,,mechanical_program_screening,No configured primary or secondary CIP completion signal in the three frozen IPEDS graduate first-major completions files; catalog-only and new programs remain a known gap.,"No positive-completion row at award levels 7/17/18/19 for any configured primary or secondary CIP in C2022_A, C2023_A, or C2024_A.",https://nces.ed.gov/ipeds/datacenter/DataFiles.aspx,medium,No,2026-09-09
us:ipeds:225627,University of the Incarnate Word,United States,,,mechanical_program_screening,No configured primary or secondary CIP completion signal in the three frozen IPEDS graduate first-major completions files; catalog-only and new programs remain a known gap.,"No positive-completion row at award levels 7/17/18/19 for any configured primary or secondary CIP in C2022_A, C2023_A, or C2024_A.",https://nces.ed.gov/ipeds/datacenter/DataFiles.aspx,medium,No,2026-09-09
us:ipeds:225885,Jarvis Christian University,United States,,,mechanical_program_screening,No configured primary or secondary CIP completion signal in the three frozen IPEDS graduate first-major completions files; catalog-only and new programs remain a known gap.,"No positive-completion row at award levels 7/17/18/19 for any configured primary or secondary CIP in C2022_A, C2023_A, or C2024_A.",https://nces.ed.gov/ipeds/datacenter/DataFiles.aspx,medium,No,2026-09-09
us:ipeds:226383,Lubbock Christian University,United States,,,mechanical_program_screening,No configured primary or secondary CIP completion signal in the three frozen IPEDS graduate first-major completions files; catalog-only and new programs remain a known gap.,"No positive-completion row at award levels 7/17/18/19 for any configured primary or secondary CIP in C2022_A, C2023_A, or C2024_A.",https://nces.ed.gov/ipeds/datacenter/DataFiles.aspx,medium,No,2026-09-09
us:ipeds:226587,McMurry University,United States,,,mechanical_program_screening,No configured primary or secondary CIP completion signal in the three frozen IPEDS graduate first-major completions files; catalog-only and new programs remain a known gap.,"No positive-completion row at award levels 7/17/18/19 for any configured primary or secondary CIP in C2022_A, C2023_A, or C2024_A.",https://nces.ed.gov/ipeds/datacenter/DataFiles.aspx,medium,No,2026-09-09
us:ipeds:227289,Oblate School of Theology,United States,,,mechanical_program_screening,No configured primary or secondary CIP completion signal in the three frozen IPEDS graduate first-major completions files; catalog-only and new programs remain a known gap.,"No positive-completion row at award levels 7/17/18/19 for any configured primary or secondary CIP in C2022_A, C2023_A, or C2024_A.",https://nces.ed.gov/ipeds/datacenter/DataFiles.aspx,medium,No,2026-09-09
us:ipeds:227429,Paul Quinn College,United States,,,mechanical_program_screening,No configured primary or secondary CIP completion signal in the three frozen IPEDS graduate first-major completions files; catalog-only and new programs remain a known gap.,"No positive-completion row at award levels 7/17/18/19 for any configured primary or secondary CIP in C2022_A, C2023_A, or C2024_A.",https://nces.ed.gov/ipeds/datacenter/DataFiles.aspx,medium,No,2026-09-09
us:ipeds:227845,Saint Edward's University,United States,,,mechanical_program_screening,No configured primary or secondary CIP completion signal in the three frozen IPEDS graduate first-major completions files; catalog-only and new programs remain a known gap.,"No positive-completion row at award levels 7/17/18/19 for any configured primary or secondary CIP in C2022_A, C2023_A, or C2024_A.",https://nces.ed.gov/ipeds/datacenter/DataFiles.aspx,medium,No,2026-09-09
us:ipeds:227863,University of St Thomas,United States,,,mechanical_program_screening,No configured primary or secondary CIP completion signal in the three frozen IPEDS graduate first-major completions files; catalog-only and new programs remain a known gap.,"No positive-completion row at award levels 7/17/18/19 for any configured primary or secondary CIP in C2022_A, C2023_A, or C2024_A.",https://nces.ed.gov/ipeds/datacenter/DataFiles.aspx,medium,No,2026-09-09
us:ipeds:228042,Schreiner University,United States,,,mechanical_program_screening,No configured primary or secondary CIP completion signal in the three frozen IPEDS graduate first-major completions files; catalog-only and new programs remain a known gap.,"No positive-completion row at award levels 7/17/18/19 for any configured primary or secondary CIP in C2022_A, C2023_A, or C2024_A.",https://nces.ed.gov/ipeds/datacenter/DataFiles.aspx,medium,No,2026-09-09
us:ipeds:228194,South Texas College of Law Houston,United States,,,mechanical_program_screening,No configured primary or secondary CIP completion signal in the three frozen IPEDS graduate first-major completions files; catalog-only and new programs remain a known gap.,"No positive-completion row at award levels 7/17/18/19 for any configured primary or secondary CIP in C2022_A, C2023_A, or C2024_A.",https://nces.ed.gov/ipeds/datacenter/DataFiles.aspx,medium,No,2026-09-09
us:ipeds:228325,Nelson University,United States,,,mechanical_program_screening,No configured primary or secondary CIP completion signal in the three frozen IPEDS graduate first-major completions files; catalog-only and new programs remain a known gap.,"No positive-completion row at award levels 7/17/18/19 for any configured primary or secondary CIP in C2022_A, C2023_A, or C2024_A.",https://nces.ed.gov/ipeds/datacenter/DataFiles.aspx,medium,No,2026-09-09
us:ipeds:228468,Southwestern Adventist University,United States,,,mechanical_program_screening,No configured primary or secondary CIP completion signal in the three frozen IPEDS graduate first-major completions files; catalog-only and new programs remain a known gap.,"No positive-completion row at award levels 7/17/18/19 for any configured primary or secondary CIP in C2022_A, C2023_A, or C2024_A.",https://nces.ed.gov/ipeds/datacenter/DataFiles.aspx,medium,No,2026-09-09
us:ipeds:228501,Sul Ross State University,United States,,,mechanical_program_screening,No configured primary or secondary CIP completion signal in the three frozen IPEDS graduate first-major completions files; catalog-only and new programs remain a known gap.,"No positive-completion row at award levels 7/17/18/19 for any configured primary or secondary CIP in C2022_A, C2023_A, or C2024_A.",https://nces.ed.gov/ipeds/datacenter/DataFiles.aspx,medium,No,2026-09-09
us:ipeds:228635,University of Texas Southwestern Medical Center,United States,,,mechanical_program_screening,No configured primary or secondary CIP completion signal in the three frozen IPEDS graduate first-major completions files; catalog-only and new programs remain a known gap.,"No positive-completion row at award levels 7/17/18/19 for any configured primary or secondary CIP in C2022_A, C2023_A, or C2024_A.",https://nces.ed.gov/ipeds/datacenter/DataFiles.aspx,medium,No,2026-09-09
us:ipeds:228644,The University of Texas Health Science Center at San Antonio,United States,,,mechanical_program_screening,No configured primary or secondary CIP completion signal in the three frozen IPEDS graduate first-major completions files; catalog-only and new programs remain a known gap.,"No positive-completion row at award levels 7/17/18/19 for any configured primary or secondary CIP in C2022_A, C2023_A, or C2024_A.",https://nces.ed.gov/ipeds/datacenter/DataFiles.aspx,medium,No,2026-09-09
us:ipeds:228653,The University of Texas Medical Branch at Galveston,United States,,,mechanical_program_screening,No configured primary or secondary CIP completion signal in the three frozen IPEDS graduate first-major completions files; catalog-only and new programs remain a known gap.,"No positive-completion row at award levels 7/17/18/19 for any configured primary or secondary CIP in C2022_A, C2023_A, or C2024_A.",https://nces.ed.gov/ipeds/datacenter/DataFiles.aspx,medium,No,2026-09-09
us:ipeds:228732,Texas A & M University-System Office,United States,,,mechanical_program_screening,No configured primary or secondary CIP completion signal in the three frozen IPEDS graduate first-major completions files; catalog-only and new programs remain a known gap.,"No positive-completion row at award levels 7/17/18/19 for any configured primary or secondary CIP in C2022_A, C2023_A, or C2024_A.",https://nces.ed.gov/ipeds/datacenter/DataFiles.aspx,medium,No,2026-09-09
us:ipeds:228866,Texas Chiropractic College Foundation Inc,United States,,,mechanical_program_screening,No configured primary or secondary CIP completion signal in the three frozen IPEDS graduate first-major completions files; catalog-only and new programs remain a known gap.,"No positive-completion row at award levels 7/17/18/19 for any configured primary or secondary CIP in C2022_A, C2023_A, or C2024_A.",https://nces.ed.gov/ipeds/datacenter/DataFiles.aspx,medium,No,2026-09-09
us:ipeds:228875,Texas Christian University,United States,,,mechanical_program_screening,No configured primary or secondary CIP completion signal in the three frozen IPEDS graduate first-major completions files; catalog-only and new programs remain a known gap.,"No positive-completion row at award levels 7/17/18/19 for any configured primary or secondary CIP in C2022_A, C2023_A, or C2024_A.",https://nces.ed.gov/ipeds/datacenter/DataFiles.aspx,medium,No,2026-09-09
us:ipeds:228909,University of North Texas Health Science Center,United States,,,mechanical_program_screening,No configured primary or secondary CIP completion signal in the three frozen IPEDS graduate first-major completions files; catalog-only and new programs remain a known gap.,"No positive-completion row at award levels 7/17/18/19 for any configured primary or secondary CIP in C2022_A, C2023_A, or C2024_A.",https://nces.ed.gov/ipeds/datacenter/DataFiles.aspx,medium,No,2026-09-09
us:ipeds:228981,Texas Lutheran University,United States,,,mechanical_program_screening,No configured primary or secondary CIP completion signal in the three frozen IPEDS graduate first-major completions files; catalog-only and new programs remain a known gap.,"No positive-completion row at award levels 7/17/18/19 for any configured primary or secondary CIP in C2022_A, C2023_A, or C2024_A.",https://nces.ed.gov/ipeds/datacenter/DataFiles.aspx,medium,No,2026-09-09
us:ipeds:229090,The University of Texas System Office,United States,,,mechanical_program_screening,No configured primary or secondary CIP completion signal in the three frozen IPEDS graduate first-major completions files; catalog-only and new programs remain a known gap.,"No positive-completion row at award levels 7/17/18/19 for any configured primary or secondary CIP in C2022_A, C2023_A, or C2024_A.",https://nces.ed.gov/ipeds/datacenter/DataFiles.aspx,medium,No,2026-09-09
us:ipeds:229160,Texas Wesleyan University,United States,,,mechanical_program_screening,No configured primary or secondary CIP completion signal in the three frozen IPEDS graduate first-major completions files; catalog-only and new programs remain a known gap.,"No positive-completion row at award levels 7/17/18/19 for any configured primary or secondary CIP in C2022_A, C2023_A, or C2024_A.",https://nces.ed.gov/ipeds/datacenter/DataFiles.aspx,medium,No,2026-09-09
us:ipeds:229267,Trinity University,United States,,,mechanical_program_screening,No configured primary or secondary CIP completion signal in the three frozen IPEDS graduate first-major completions files; catalog-only and new programs remain a known gap.,"No positive-completion row at award levels 7/17/18/19 for any configured primary or secondary CIP in C2022_A, C2023_A, or C2024_A.",https://nces.ed.gov/ipeds/datacenter/DataFiles.aspx,medium,No,2026-09-09
us:ipeds:229300,The University of Texas Health Science Center at Houston,United States,,,mechanical_program_screening,No configured primary or secondary CIP completion signal in the three frozen IPEDS graduate first-major completions files; catalog-only and new programs remain a known gap.,"No positive-completion row at award levels 7/17/18/19 for any configured primary or secondary CIP in C2022_A, C2023_A, or C2024_A.",https://nces.ed.gov/ipeds/datacenter/DataFiles.aspx,medium,No,2026-09-09
us:ipeds:229337,Texas Tech University Health Sciences Center,United States,,,mechanical_program_screening,No configured primary or secondary CIP completion signal in the three frozen IPEDS graduate first-major completions files; catalog-only and new programs remain a known gap.,"No positive-completion row at award levels 7/17/18/19 for any configured primary or secondary CIP in C2022_A, C2023_A, or C2024_A.",https://nces.ed.gov/ipeds/datacenter/DataFiles.aspx,medium,No,2026-09-09
us:ipeds:229407,University of Houston-System Administration,United States,,,mechanical_program_screening,No configured primary or secondary CIP completion signal in the three frozen IPEDS graduate first-major completions files; catalog-only and new programs remain a known gap.,"No positive-completion row at award levels 7/17/18/19 for any configured primary or secondary CIP in C2022_A, C2023_A, or C2024_A.",https://nces.ed.gov/ipeds/datacenter/DataFiles.aspx,medium,No,2026-09-09
us:ipeds:229780,Wayland Baptist University,United States,,,mechanical_program_screening,No configured primary or secondary CIP completion signal in the three frozen IPEDS graduate first-major completions files; catalog-only and new programs remain a known gap.,"No positive-completion row at award levels 7/17/18/19 for any configured primary or secondary CIP in C2022_A, C2023_A, or C2024_A.",https://nces.ed.gov/ipeds/datacenter/DataFiles.aspx,medium,No,2026-09-09
us:ipeds:229887,Wiley University,United States,,,mechanical_program_screening,No configured primary or secondary CIP completion signal in the three frozen IPEDS graduate first-major completions files; catalog-only and new programs remain a known gap.,"No positive-completion row at award levels 7/17/18/19 for any configured primary or secondary CIP in C2022_A, C2023_A, or C2024_A.",https://nces.ed.gov/ipeds/datacenter/DataFiles.aspx,medium,No,2026-09-09
us:ipeds:230171,Utah Tech University,United States,,,mechanical_program_screening,No configured primary or secondary CIP completion signal in the three frozen IPEDS graduate first-major completions files; catalog-only and new programs remain a known gap.,"No positive-completion row at award levels 7/17/18/19 for any configured primary or secondary CIP in C2022_A, C2023_A, or C2024_A.",https://nces.ed.gov/ipeds/datacenter/DataFiles.aspx,medium,No,2026-09-09
us:ipeds:230366,Eagle Gate College-Murray,United States,,,mechanical_program_screening,No configured primary or secondary CIP completion signal in the three frozen IPEDS graduate first-major completions files; catalog-only and new programs remain a known gap.,"No positive-completion row at award levels 7/17/18/19 for any configured primary or secondary CIP in C2022_A, C2023_A, or C2024_A.",https://nces.ed.gov/ipeds/datacenter/DataFiles.aspx,medium,No,2026-09-09
us:ipeds:230807,Westminster University,United States,,,mechanical_program_screening,No configured primary or secondary CIP completion signal in the three frozen IPEDS graduate first-major completions files; catalog-only and new programs remain a known gap.,"No positive-completion row at award levels 7/17/18/19 for any configured primary or secondary CIP in C2022_A, C2023_A, or C2024_A.",https://nces.ed.gov/ipeds/datacenter/DataFiles.aspx,medium,No,2026-09-09
us:ipeds:230816,Bennington College,United States,,,mechanical_program_screening,No configured primary or secondary CIP completion signal in the three frozen IPEDS graduate first-major completions files; catalog-only and new programs remain a known gap.,"No positive-completion row at award levels 7/17/18/19 for any configured primary or secondary CIP in C2022_A, C2023_A, or C2024_A.",https://nces.ed.gov/ipeds/datacenter/DataFiles.aspx,medium,No,2026-09-09
us:ipeds:230959,Middlebury College,United States,,,mechanical_program_screening,No configured primary or secondary CIP completion signal in the three frozen IPEDS graduate first-major completions files; catalog-only and new programs remain a known gap.,"No positive-completion row at award levels 7/17/18/19 for any configured primary or secondary CIP in C2022_A, C2023_A, or C2024_A.",https://nces.ed.gov/ipeds/datacenter/DataFiles.aspx,medium,No,2026-09-09
us:ipeds:231059,Saint Michael's College,United States,,,mechanical_program_screening,No configured primary or secondary CIP completion signal in the three frozen IPEDS graduate first-major completions files; catalog-only and new programs remain a known gap.,"No positive-completion row at award levels 7/17/18/19 for any configured primary or secondary CIP in C2022_A, C2023_A, or C2024_A.",https://nces.ed.gov/ipeds/datacenter/DataFiles.aspx,medium,No,2026-09-09
us:ipeds:231068,SIT Graduate Institute,United States,,,mechanical_program_screening,No configured primary or secondary CIP completion signal in the three frozen IPEDS graduate first-major completions files; catalog-only and new programs remain a known gap.,"No positive-completion row at award levels 7/17/18/19 for any configured primary or secondary CIP in C2022_A, C2023_A, or C2024_A.",https://nces.ed.gov/ipeds/datacenter/DataFiles.aspx,medium,No,2026-09-09
us:ipeds:231147,Vermont Law and Graduate School,United States,,,mechanical_program_screening,No configured primary or secondary CIP completion signal in the three frozen IPEDS graduate first-major completions files; catalog-only and new programs remain a known gap.,"No positive-completion row at award levels 7/17/18/19 for any configured primary or secondary CIP in C2022_A, C2023_A, or C2024_A.",https://nces.ed.gov/ipeds/datacenter/DataFiles.aspx,medium,No,2026-09-09
us:ipeds:231156,Vermont State Colleges-Office of the Chancellor,United States,,,mechanical_program_screening,No configured primary or secondary CIP completion signal in the three frozen IPEDS graduate first-major completions files; catalog-only and new programs remain a known gap.,"No positive-completion row at award levels 7/17/18/19 for any configured primary or secondary CIP in C2022_A, C2023_A, or C2024_A.",https://nces.ed.gov/ipeds/datacenter/DataFiles.aspx,medium,No,2026-09-09
us:ipeds:231420,Averett University,United States,,,mechanical_program_screening,No configured primary or secondary CIP completion signal in the three frozen IPEDS graduate first-major completions files; catalog-only and new programs remain a known gap.,"No positive-completion row at award levels 7/17/18/19 for any configured primary or secondary CIP in C2022_A, C2023_A, or C2024_A.",https://nces.ed.gov/ipeds/datacenter/DataFiles.aspx,medium,No,2026-09-09
us:ipeds:231554,Bluefield University,United States,,,mechanical_program_screening,No configured primary or secondary CIP completion signal in the three frozen IPEDS graduate first-major completions files; catalog-only and new programs remain a known gap.,"No positive-completion row at award levels 7/17/18/19 for any configured primary or secondary CIP in C2022_A, C2023_A, or C2024_A.",https://nces.ed.gov/ipeds/datacenter/DataFiles.aspx,medium,No,2026-09-09
us:ipeds:231581,Bridgewater College,United States,,,mechanical_program_screening,No configured primary or secondary CIP completion signal in the three frozen IPEDS graduate first-major completions files; catalog-only and new programs remain a known gap.,"No positive-completion row at award levels 7/17/18/19 for any configured primary or secondary CIP in C2022_A, C2023_A, or C2024_A.",https://nces.ed.gov/ipeds/datacenter/DataFiles.aspx,medium,No,2026-09-09
us:ipeds:231712,Christopher Newport University,United States,,,mechanical_program_screening,No configured primary or secondary CIP completion signal in the three frozen IPEDS graduate first-major completions files; catalog-only and new programs remain a known gap.,"No positive-completion row at award levels 7/17/18/19 for any configured primary or secondary CIP in C2022_A, C2023_A, or C2024_A.",https://nces.ed.gov/ipeds/datacenter/DataFiles.aspx,medium,No,2026-09-09
us:ipeds:231970,Eastern Virginia Medical School,United States,,,mechanical_program_screening,No configured primary or secondary CIP completion signal in the three frozen IPEDS graduate first-major completions files; catalog-only and new programs remain a known gap.,"No positive-completion row at award levels 7/17/18/19 for any configured primary or secondary CIP in C2022_A, C2023_A, or C2024_A.",https://nces.ed.gov/ipeds/datacenter/DataFiles.aspx,medium,No,2026-09-09
us:ipeds:232025,Emory & Henry University,United States,,,mechanical_program_screening,No configured primary or secondary CIP completion signal in the three frozen IPEDS graduate first-major completions files; catalog-only and new programs remain a known gap.,"No positive-completion row at award levels 7/17/18/19 for any configured primary or secondary CIP in C2022_A, C2023_A, or C2024_A.",https://nces.ed.gov/ipeds/datacenter/DataFiles.aspx,medium,No,2026-09-09
us:ipeds:232043,Eastern Mennonite University,United States,,,mechanical_program_screening,No configured primary or secondary CIP completion signal in the three frozen IPEDS graduate first-major completions files; catalog-only and new programs remain a known gap.,"No positive-completion row at award levels 7/17/18/19 for any configured primary or secondary CIP in C2022_A, C2023_A, or C2024_A.",https://nces.ed.gov/ipeds/datacenter/DataFiles.aspx,medium,No,2026-09-09
us:ipeds:232089,Ferrum College,United States,,,mechanical_program_screening,No configured primary or secondary CIP completion signal in the three frozen IPEDS graduate first-major completions files; catalog-only and new programs remain a known gap.,"No positive-completion row at award levels 7/17/18/19 for any configured primary or secondary CIP in C2022_A, C2023_A, or C2024_A.",https://nces.ed.gov/ipeds/datacenter/DataFiles.aspx,medium,No,2026-09-09
us:ipeds:232308,Hollins University,United States,,,mechanical_program_screening,No configured primary or secondary CIP completion signal in the three frozen IPEDS graduate first-major completions files; catalog-only and new programs remain a known gap.,"No positive-completion row at award levels 7/17/18/19 for any configured primary or secondary CIP in C2022_A, C2023_A, or C2024_A.",https://nces.ed.gov/ipeds/datacenter/DataFiles.aspx,medium,No,2026-09-09
us:ipeds:232566,Longwood University,United States,,,mechanical_program_screening,No configured primary or secondary CIP completion signal in the three frozen IPEDS graduate first-major completions files; catalog-only and new programs remain a known gap.,"No positive-completion row at award levels 7/17/18/19 for any configured primary or secondary CIP in C2022_A, C2023_A, or C2024_A.",https://nces.ed.gov/ipeds/datacenter/DataFiles.aspx,medium,No,2026-09-09
us:ipeds:232609,University of Lynchburg,United States,,,mechanical_program_screening,No configured primary or secondary CIP completion signal in the three frozen IPEDS graduate first-major completions files; catalog-only and new programs remain a known gap.,"No positive-completion row at award levels 7/17/18/19 for any configured primary or secondary CIP in C2022_A, C2023_A, or C2024_A.",https://nces.ed.gov/ipeds/datacenter/DataFiles.aspx,medium,No,2026-09-09
us:ipeds:232672,Mary Baldwin University,United States,,,mechanical_program_screening,No configured primary or secondary CIP completion signal in the three frozen IPEDS graduate first-major completions files; catalog-only and new programs remain a known gap.,"No positive-completion row at award levels 7/17/18/19 for any configured primary or secondary CIP in C2022_A, C2023_A, or C2024_A.",https://nces.ed.gov/ipeds/datacenter/DataFiles.aspx,medium,No,2026-09-09
us:ipeds:232681,University of Mary Washington,United States,,,mechanical_program_screening,No configured primary or secondary CIP completion signal in the three frozen IPEDS graduate first-major completions files; catalog-only and new programs remain a known gap.,"No positive-completion row at award levels 7/17/18/19 for any configured primary or secondary CIP in C2022_A, C2023_A, or C2024_A.",https://nces.ed.gov/ipeds/datacenter/DataFiles.aspx,medium,No,2026-09-09
us:ipeds:232885,Sentara College of Health Sciences,United States,,,mechanical_program_screening,No configured primary or secondary CIP completion signal in the three frozen IPEDS graduate first-major completions files; catalog-only and new programs remain a known gap.,"No positive-completion row at award levels 7/17/18/19 for any configured primary or secondary CIP in C2022_A, C2023_A, or C2024_A.",https://nces.ed.gov/ipeds/datacenter/DataFiles.aspx,medium,No,2026-09-09
us:ipeds:233277,Radford University,United States,,,mechanical_program_screening,No configured primary or secondary CIP completion signal in the three frozen IPEDS graduate first-major completions files; catalog-only and new programs remain a known gap.,"No positive-completion row at award levels 7/17/18/19 for any configured primary or secondary CIP in C2022_A, C2023_A, or C2024_A.",https://nces.ed.gov/ipeds/datacenter/DataFiles.aspx,medium,No,2026-09-09
us:ipeds:233295,Randolph-Macon College,United States,,,mechanical_program_screening,No configured primary or secondary CIP completion signal in the three frozen IPEDS graduate first-major completions files; catalog-only and new programs remain a known gap.,"No positive-completion row at award levels 7/17/18/19 for any configured primary or secondary CIP in C2022_A, C2023_A, or C2024_A.",https://nces.ed.gov/ipeds/datacenter/DataFiles.aspx,medium,No,2026-09-09
us:ipeds:233301,Randolph College,United States,,,mechanical_program_screening,No configured primary or secondary CIP completion signal in the three frozen IPEDS graduate first-major completions files; catalog-only and new programs remain a known gap.,"No positive-completion row at award levels 7/17/18/19 for any configured primary or secondary CIP in C2022_A, C2023_A, or C2024_A.",https://nces.ed.gov/ipeds/datacenter/DataFiles.aspx,medium,No,2026-09-09
us:ipeds:233374,University of Richmond,United States,,,mechanical_program_screening,No configured primary or secondary CIP completion signal in the three frozen IPEDS graduate first-major completions files; catalog-only and new programs remain a known gap.,"No positive-completion row at award levels 7/17/18/19 for any configured primary or secondary CIP in C2022_A, C2023_A, or C2024_A.",https://nces.ed.gov/ipeds/datacenter/DataFiles.aspx,medium,No,2026-09-09
us:ipeds:233426,Roanoke College,United States,,,mechanical_program_screening,No configured primary or secondary CIP completion signal in the three frozen IPEDS graduate first-major completions files; catalog-only and new programs remain a known gap.,"No positive-completion row at award levels 7/17/18/19 for any configured primary or secondary CIP in C2022_A, C2023_A, or C2024_A.",https://nces.ed.gov/ipeds/datacenter/DataFiles.aspx,medium,No,2026-09-09
us:ipeds:233541,Shenandoah University,United States,,,mechanical_program_screening,No configured primary or secondary CIP completion signal in the three frozen IPEDS graduate first-major completions files; catalog-only and new programs remain a known gap.,"No positive-completion row at award levels 7/17/18/19 for any configured primary or secondary CIP in C2022_A, C2023_A, or C2024_A.",https://nces.ed.gov/ipeds/datacenter/DataFiles.aspx,medium,No,2026-09-09
us:ipeds:233718,Sweet Briar College,United States,,,mechanical_program_screening,No configured primary or secondary CIP completion signal in the three frozen IPEDS graduate first-major completions files; catalog-only and new programs remain a known gap.,"No positive-completion row at award levels 7/17/18/19 for any configured primary or secondary CIP in C2022_A, C2023_A, or C2024_A.",https://nces.ed.gov/ipeds/datacenter/DataFiles.aspx,medium,No,2026-09-09
us:ipeds:233842,Union Presbyterian Seminary,United States,,,mechanical_program_screening,No configured primary or secondary CIP completion signal in the three frozen IPEDS graduate first-major completions files; catalog-only and new programs remain a known gap.,"No positive-completion row at award levels 7/17/18/19 for any configured primary or secondary CIP in C2022_A, C2023_A, or C2024_A.",https://nces.ed.gov/ipeds/datacenter/DataFiles.aspx,medium,No,2026-09-09
us:ipeds:233897,University of Virginia's College at Wise,United States,,,mechanical_program_screening,No configured primary or secondary CIP completion signal in the three frozen IPEDS graduate first-major completions files; catalog-only and new programs remain a known gap.,"No positive-completion row at award levels 7/17/18/19 for any configured primary or secondary CIP in C2022_A, C2023_A, or C2024_A.",https://nces.ed.gov/ipeds/datacenter/DataFiles.aspx,medium,No,2026-09-09
us:ipeds:234137,Virginia University of Lynchburg,United States,,,mechanical_program_screening,No configured primary or secondary CIP completion signal in the three frozen IPEDS graduate first-major completions files; catalog-only and new programs remain a known gap.,"No positive-completion row at award levels 7/17/18/19 for any configured primary or secondary CIP in C2022_A, C2023_A, or C2024_A.",https://nces.ed.gov/ipeds/datacenter/DataFiles.aspx,medium,No,2026-09-09
us:ipeds:234164,Virginia Union University,United States,,,mechanical_program_screening,No configured primary or secondary CIP completion signal in the three frozen IPEDS graduate first-major completions files; catalog-only and new programs remain a known gap.,"No positive-completion row at award levels 7/17/18/19 for any configured primary or secondary CIP in C2022_A, C2023_A, or C2024_A.",https://nces.ed.gov/ipeds/datacenter/DataFiles.aspx,medium,No,2026-09-09
us:ipeds:234173,Virginia Wesleyan University,United States,,,mechanical_program_screening,No configured primary or secondary CIP completion signal in the three frozen IPEDS graduate first-major completions files; catalog-only and new programs remain a known gap.,"No positive-completion row at award levels 7/17/18/19 for any configured primary or secondary CIP in C2022_A, C2023_A, or C2024_A.",https://nces.ed.gov/ipeds/datacenter/DataFiles.aspx,medium,No,2026-09-09
us:ipeds:234207,Washington and Lee University,United States,,,mechanical_program_screening,No configured primary or secondary CIP completion signal in the three frozen IPEDS graduate first-major completions files; catalog-only and new programs remain a known gap.,"No positive-completion row at award levels 7/17/18/19 for any configured primary or secondary CIP in C2022_A, C2023_A, or C2024_A.",https://nces.ed.gov/ipeds/datacenter/DataFiles.aspx,medium,No,2026-09-09
us:ipeds:235167,The Evergreen State College,United States,,,mechanical_program_screening,No configured primary or secondary CIP completion signal in the three frozen IPEDS graduate first-major completions files; catalog-only and new programs remain a known gap.,"No positive-completion row at award levels 7/17/18/19 for any configured primary or secondary CIP in C2022_A, C2023_A, or C2024_A.",https://nces.ed.gov/ipeds/datacenter/DataFiles.aspx,medium,No,2026-09-09
us:ipeds:235316,Gonzaga University,United States,,,mechanical_program_screening,No configured primary or secondary CIP completion signal in the three frozen IPEDS graduate first-major completions files; catalog-only and new programs remain a known gap.,"No positive-completion row at award levels 7/17/18/19 for any configured primary or secondary CIP in C2022_A, C2023_A, or C2024_A.",https://nces.ed.gov/ipeds/datacenter/DataFiles.aspx,medium,No,2026-09-09
us:ipeds:235422,Heritage University,United States,,,mechanical_program_screening,No configured primary or secondary CIP completion signal in the three frozen IPEDS graduate first-major completions files; catalog-only and new programs remain a known gap.,"No positive-completion row at award levels 7/17/18/19 for any configured primary or secondary CIP in C2022_A, C2023_A, or C2024_A.",https://nces.ed.gov/ipeds/datacenter/DataFiles.aspx,medium,No,2026-09-09
us:ipeds:235547,Bastyr University,United States,,,mechanical_program_screening,No configured primary or secondary CIP completion signal in the three frozen IPEDS graduate first-major completions files; catalog-only and new programs remain a known gap.,"No positive-completion row at award levels 7/17/18/19 for any configured primary or secondary CIP in C2022_A, C2023_A, or C2024_A.",https://nces.ed.gov/ipeds/datacenter/DataFiles.aspx,medium,No,2026-09-09
us:ipeds:236133,Northwest University,United States,,,mechanical_program_screening,No configured primary or secondary CIP completion signal in the three frozen IPEDS graduate first-major completions files; catalog-only and new programs remain a known gap.,"No positive-completion row at award levels 7/17/18/19 for any configured primary or secondary CIP in C2022_A, C2023_A, or C2024_A.",https://nces.ed.gov/ipeds/datacenter/DataFiles.aspx,medium,No,2026-09-09
us:ipeds:236230,Pacific Lutheran University,United States,,,mechanical_program_screening,No configured primary or secondary CIP completion signal in the three frozen IPEDS graduate first-major completions files; catalog-only and new programs remain a known gap.,"No positive-completion row at award levels 7/17/18/19 for any configured primary or secondary CIP in C2022_A, C2023_A, or C2024_A.",https://nces.ed.gov/ipeds/datacenter/DataFiles.aspx,medium,No,2026-09-09
us:ipeds:236328,University of Puget Sound,United States,,,mechanical_program_screening,No configured primary or secondary CIP completion signal in the three frozen IPEDS graduate first-major completions files; catalog-only and new programs remain a known gap.,"No positive-completion row at award levels 7/17/18/19 for any configured primary or secondary CIP in C2022_A, C2023_A, or C2024_A.",https://nces.ed.gov/ipeds/datacenter/DataFiles.aspx,medium,No,2026-09-09
us:ipeds:236577,Seattle Pacific University,United States,,,mechanical_program_screening,No configured primary or secondary CIP completion signal in the three frozen IPEDS graduate first-major completions files; catalog-only and new programs remain a known gap.,"No positive-completion row at award levels 7/17/18/19 for any configured primary or secondary CIP in C2022_A, C2023_A, or C2024_A.",https://nces.ed.gov/ipeds/datacenter/DataFiles.aspx,medium,No,2026-09-09
us:ipeds:236896,Walla Walla University,United States,,,mechanical_program_screening,No configured primary or secondary CIP completion signal in the three frozen IPEDS graduate first-major completions files; catalog-only and new programs remain a known gap.,"No positive-completion row at award levels 7/17/18/19 for any configured primary or secondary CIP in C2022_A, C2023_A, or C2024_A.",https://nces.ed.gov/ipeds/datacenter/DataFiles.aspx,medium,No,2026-09-09
us:ipeds:237066,Whitworth University,United States,,,mechanical_program_screening,No configured primary or secondary CIP completion signal in the three frozen IPEDS graduate first-major completions files; catalog-only and new programs remain a known gap.,"No positive-completion row at award levels 7/17/18/19 for any configured primary or secondary CIP in C2022_A, C2023_A, or C2024_A.",https://nces.ed.gov/ipeds/datacenter/DataFiles.aspx,medium,No,2026-09-09
us:ipeds:237136,Appalachian Bible College,United States,,,mechanical_program_screening,No configured primary or secondary CIP completion signal in the three frozen IPEDS graduate first-major completions files; catalog-only and new programs remain a known gap.,"No positive-completion row at award levels 7/17/18/19 for any configured primary or secondary CIP in C2022_A, C2023_A, or C2024_A.",https://nces.ed.gov/ipeds/datacenter/DataFiles.aspx,medium,No,2026-09-09
us:ipeds:237181,Bethany College,United States,,,mechanical_program_screening,No configured primary or secondary CIP completion signal in the three frozen IPEDS graduate first-major completions files; catalog-only and new programs remain a known gap.,"No positive-completion row at award levels 7/17/18/19 for any configured primary or secondary CIP in C2022_A, C2023_A, or C2024_A.",https://nces.ed.gov/ipeds/datacenter/DataFiles.aspx,medium,No,2026-09-09
us:ipeds:237215,Bluefield State University,United States,,,mechanical_program_screening,No configured primary or secondary CIP completion signal in the three frozen IPEDS graduate first-major completions files; catalog-only and new programs remain a known gap.,"No positive-completion row at award levels 7/17/18/19 for any configured primary or secondary CIP in C2022_A, C2023_A, or C2024_A.",https://nces.ed.gov/ipeds/datacenter/DataFiles.aspx,medium,No,2026-09-09
us:ipeds:237330,Concord University,United States,,,mechanical_program_screening,No configured primary or secondary CIP completion signal in the three frozen IPEDS graduate first-major completions files; catalog-only and new programs remain a known gap.,"No positive-completion row at award levels 7/17/18/19 for any configured primary or secondary CIP in C2022_A, C2023_A, or C2024_A.",https://nces.ed.gov/ipeds/datacenter/DataFiles.aspx,medium,No,2026-09-09
us:ipeds:237367,Fairmont State University,United States,,,mechanical_program_screening,No configured primary or secondary CIP completion signal in the three frozen IPEDS graduate first-major completions files; catalog-only and new programs remain a known gap.,"No positive-completion row at award levels 7/17/18/19 for any configured primary or secondary CIP in C2022_A, C2023_A, or C2024_A.",https://nces.ed.gov/ipeds/datacenter/DataFiles.aspx,medium,No,2026-09-09
us:ipeds:237385,Glenville State University,United States,,,mechanical_program_screening,No configured primary or secondary CIP completion signal in the three frozen IPEDS graduate first-major completions files; catalog-only and new programs remain a known gap.,"No positive-completion row at award levels 7/17/18/19 for any configured primary or secondary CIP in C2022_A, C2023_A, or C2024_A.",https://nces.ed.gov/ipeds/datacenter/DataFiles.aspx,medium,No,2026-09-09
us:ipeds:237792,Shepherd University,United States,,,mechanical_program_screening,No configured primary or secondary CIP completion signal in the three frozen IPEDS graduate first-major completions files; catalog-only and new programs remain a known gap.,"No positive-completion row at award levels 7/17/18/19 for any configured primary or secondary CIP in C2022_A, C2023_A, or C2024_A.",https://nces.ed.gov/ipeds/datacenter/DataFiles.aspx,medium,No,2026-09-09
us:ipeds:237880,West Virginia School of Osteopathic Medicine,United States,,,mechanical_program_screening,No configured primary or secondary CIP completion signal in the three frozen IPEDS graduate first-major completions files; catalog-only and new programs remain a known gap.,"No positive-completion row at award levels 7/17/18/19 for any configured primary or secondary CIP in C2022_A, C2023_A, or C2024_A.",https://nces.ed.gov/ipeds/datacenter/DataFiles.aspx,medium,No,2026-09-09
us:ipeds:237932,West Liberty University,United States,,,mechanical_program_screening,No configured primary or secondary CIP completion signal in the three frozen IPEDS graduate first-major completions files; catalog-only and new programs remain a known gap.,"No positive-completion row at award levels 7/17/18/19 for any configured primary or secondary CIP in C2022_A, C2023_A, or C2024_A.",https://nces.ed.gov/ipeds/datacenter/DataFiles.aspx,medium,No,2026-09-09
us:ipeds:237969,West Virginia Wesleyan College,United States,,,mechanical_program_screening,No configured primary or secondary CIP completion signal in the three frozen IPEDS graduate first-major completions files; catalog-only and new programs remain a known gap.,"No positive-completion row at award levels 7/17/18/19 for any configured primary or secondary CIP in C2022_A, C2023_A, or C2024_A.",https://nces.ed.gov/ipeds/datacenter/DataFiles.aspx,medium,No,2026-09-09
us:ipeds:238078,Wheeling University,United States,,,mechanical_program_screening,No configured primary or secondary CIP completion signal in the three frozen IPEDS graduate first-major completions files; catalog-only and new programs remain a known gap.,"No positive-completion row at award levels 7/17/18/19 for any configured primary or secondary CIP in C2022_A, C2023_A, or C2024_A.",https://nces.ed.gov/ipeds/datacenter/DataFiles.aspx,medium,No,2026-09-09
us:ipeds:238193,Alverno College,United States,,,mechanical_program_screening,No configured primary or secondary CIP completion signal in the three frozen IPEDS graduate first-major completions files; catalog-only and new programs remain a known gap.,"No positive-completion row at award levels 7/17/18/19 for any configured primary or secondary CIP in C2022_A, C2023_A, or C2024_A.",https://nces.ed.gov/ipeds/datacenter/DataFiles.aspx,medium,No,2026-09-09
us:ipeds:238324,Bellin College,United States,,,mechanical_program_screening,No configured primary or secondary CIP completion signal in the three frozen IPEDS graduate first-major completions files; catalog-only and new programs remain a known gap.,"No positive-completion row at award levels 7/17/18/19 for any configured primary or secondary CIP in C2022_A, C2023_A, or C2024_A.",https://nces.ed.gov/ipeds/datacenter/DataFiles.aspx,medium,No,2026-09-09
us:ipeds:238476,Carthage College,United States,,,mechanical_program_screening,No configured primary or secondary CIP completion signal in the three frozen IPEDS graduate first-major completions files; catalog-only and new programs remain a known gap.,"No positive-completion row at award levels 7/17/18/19 for any configured primary or secondary CIP in C2022_A, C2023_A, or C2024_A.",https://nces.ed.gov/ipeds/datacenter/DataFiles.aspx,medium,No,2026-09-09
us:ipeds:238661,Edgewood College,United States,,,mechanical_program_screening,No configured primary or secondary CIP completion signal in the three frozen IPEDS graduate first-major completions files; catalog-only and new programs remain a known gap.,"No positive-completion row at award levels 7/17/18/19 for any configured primary or secondary CIP in C2022_A, C2023_A, or C2024_A.",https://nces.ed.gov/ipeds/datacenter/DataFiles.aspx,medium,No,2026-09-09
us:ipeds:238980,Lakeland University,United States,,,mechanical_program_screening,No configured primary or secondary CIP completion signal in the three frozen IPEDS graduate first-major completions files; catalog-only and new programs remain a known gap.,"No positive-completion row at award levels 7/17/18/19 for any configured primary or secondary CIP in C2022_A, C2023_A, or C2024_A.",https://nces.ed.gov/ipeds/datacenter/DataFiles.aspx,medium,No,2026-09-09
us:ipeds:239071,Maranatha Baptist University,United States,,,mechanical_program_screening,No configured primary or secondary CIP completion signal in the three frozen IPEDS graduate first-major completions files; catalog-only and new programs remain a known gap.,"No positive-completion row at award levels 7/17/18/19 for any configured primary or secondary CIP in C2022_A, C2023_A, or C2024_A.",https://nces.ed.gov/ipeds/datacenter/DataFiles.aspx,medium,No,2026-09-09
us:ipeds:239080,Marian University,United States,,,mechanical_program_screening,No configured primary or secondary CIP completion signal in the three frozen IPEDS graduate first-major completions files; catalog-only and new programs remain a known gap.,"No positive-completion row at award levels 7/17/18/19 for any configured primary or secondary CIP in C2022_A, C2023_A, or C2024_A.",https://nces.ed.gov/ipeds/datacenter/DataFiles.aspx,medium,No,2026-09-09
us:ipeds:239169,Medical College of Wisconsin,United States,,,mechanical_program_screening,No configured primary or secondary CIP completion signal in the three frozen IPEDS graduate first-major completions files; catalog-only and new programs remain a known gap.,"No positive-completion row at award levels 7/17/18/19 for any configured primary or secondary CIP in C2022_A, C2023_A, or C2024_A.",https://nces.ed.gov/ipeds/datacenter/DataFiles.aspx,medium,No,2026-09-09
us:ipeds:239318,Milwaukee School of Engineering,United States,,,mechanical_program_screening,No configured primary or secondary CIP completion signal in the three frozen IPEDS graduate first-major completions files; catalog-only and new programs remain a known gap.,"No positive-completion row at award levels 7/17/18/19 for any configured primary or secondary CIP in C2022_A, C2023_A, or C2024_A.",https://nces.ed.gov/ipeds/datacenter/DataFiles.aspx,medium,No,2026-09-09
us:ipeds:239390,Mount Mary University,United States,,,mechanical_program_screening,No configured primary or secondary CIP completion signal in the three frozen IPEDS graduate first-major completions files; catalog-only and new programs remain a known gap.,"No positive-completion row at award levels 7/17/18/19 for any configured primary or secondary CIP in C2022_A, C2023_A, or C2024_A.",https://nces.ed.gov/ipeds/datacenter/DataFiles.aspx,medium,No,2026-09-09
us:ipeds:239424,Nashotah House,United States,,,mechanical_program_screening,No configured primary or secondary CIP completion signal in the three frozen IPEDS graduate first-major completions files; catalog-only and new programs remain a known gap.,"No positive-completion row at award levels 7/17/18/19 for any configured primary or secondary CIP in C2022_A, C2023_A, or C2024_A.",https://nces.ed.gov/ipeds/datacenter/DataFiles.aspx,medium,No,2026-09-09
us:ipeds:239628,Ripon College,United States,,,mechanical_program_screening,No configured primary or secondary CIP completion signal in the three frozen IPEDS graduate first-major completions files; catalog-only and new programs remain a known gap.,"No positive-completion row at award levels 7/17/18/19 for any configured primary or secondary CIP in C2022_A, C2023_A, or C2024_A.",https://nces.ed.gov/ipeds/datacenter/DataFiles.aspx,medium,No,2026-09-09
us:ipeds:239637,Sacred Heart Seminary and School of Theology,United States,,,mechanical_program_screening,No configured primary or secondary CIP completion signal in the three frozen IPEDS graduate first-major completions files; catalog-only and new programs remain a known gap.,"No positive-completion row at award levels 7/17/18/19 for any configured primary or secondary CIP in C2022_A, C2023_A, or C2024_A.",https://nces.ed.gov/ipeds/datacenter/DataFiles.aspx,medium,No,2026-09-09
us:ipeds:239716,Saint Norbert College,United States,,,mechanical_program_screening,No configured primary or secondary CIP completion signal in the three frozen IPEDS graduate first-major completions files; catalog-only and new programs remain a known gap.,"No positive-completion row at award levels 7/17/18/19 for any configured primary or secondary CIP in C2022_A, C2023_A, or C2024_A.",https://nces.ed.gov/ipeds/datacenter/DataFiles.aspx,medium,No,2026-09-09
us:ipeds:240107,Viterbo University,United States,,,mechanical_program_screening,No configured primary or secondary CIP completion signal in the three frozen IPEDS graduate first-major completions files; catalog-only and new programs remain a known gap.,"No positive-completion row at award levels 7/17/18/19 for any configured primary or secondary CIP in C2022_A, C2023_A, or C2024_A.",https://nces.ed.gov/ipeds/datacenter/DataFiles.aspx,medium,No,2026-09-09
us:ipeds:240213,Wisconsin School of Professional Psychology,United States,,,mechanical_program_screening,No configured primary or secondary CIP completion signal in the three frozen IPEDS graduate first-major completions files; catalog-only and new programs remain a known gap.,"No positive-completion row at award levels 7/17/18/19 for any configured primary or secondary CIP in C2022_A, C2023_A, or C2024_A.",https://nces.ed.gov/ipeds/datacenter/DataFiles.aspx,medium,No,2026-09-09
us:ipeds:240338,Wisconsin Lutheran College,United States,,,mechanical_program_screening,No configured primary or secondary CIP completion signal in the three frozen IPEDS graduate first-major completions files; catalog-only and new programs remain a known gap.,"No positive-completion row at award levels 7/17/18/19 for any configured primary or secondary CIP in C2022_A, C2023_A, or C2024_A.",https://nces.ed.gov/ipeds/datacenter/DataFiles.aspx,medium,No,2026-09-09
us:ipeds:240392,Herzing University-Madison,United States,,,mechanical_program_screening,No configured primary or secondary CIP completion signal in the three frozen IPEDS graduate first-major completions files; catalog-only and new programs remain a known gap.,"No positive-completion row at award levels 7/17/18/19 for any configured primary or secondary CIP in C2022_A, C2023_A, or C2024_A.",https://nces.ed.gov/ipeds/datacenter/DataFiles.aspx,medium,No,2026-09-09
us:ipeds:240435,University of Wisconsin-System Administration,United States,,,mechanical_program_screening,No configured primary or secondary CIP completion signal in the three frozen IPEDS graduate first-major completions files; catalog-only and new programs remain a known gap.,"No positive-completion row at award levels 7/17/18/19 for any configured primary or secondary CIP in C2022_A, C2023_A, or C2024_A.",https://nces.ed.gov/ipeds/datacenter/DataFiles.aspx,medium,No,2026-09-09
us:ipeds:240754,University of Guam,United States,,,mechanical_program_screening,No configured primary or secondary CIP completion signal in the three frozen IPEDS graduate first-major completions files; catalog-only and new programs remain a known gap.,"No positive-completion row at award levels 7/17/18/19 for any configured primary or secondary CIP in C2022_A, C2023_A, or C2024_A.",https://nces.ed.gov/ipeds/datacenter/DataFiles.aspx,medium,No,2026-09-09
us:ipeds:241191,Universidad Adventista de las Antillas,United States,,,mechanical_program_screening,No configured primary or secondary CIP completion signal in the three frozen IPEDS graduate first-major completions files; catalog-only and new programs remain a known gap.,"No positive-completion row at award levels 7/17/18/19 for any configured primary or secondary CIP in C2022_A, C2023_A, or C2024_A.",https://nces.ed.gov/ipeds/datacenter/DataFiles.aspx,medium,No,2026-09-09
us:ipeds:241216,Atlantic University,United States,,,mechanical_program_screening,No configured primary or secondary CIP completion signal in the three frozen IPEDS graduate first-major completions files; catalog-only and new programs remain a known gap.,"No positive-completion row at award levels 7/17/18/19 for any configured primary or secondary CIP in C2022_A, C2023_A, or C2024_A.",https://nces.ed.gov/ipeds/datacenter/DataFiles.aspx,medium,No,2026-09-09
us:ipeds:241225,Universidad Central de Bayamon,United States,,,mechanical_program_screening,No configured primary or secondary CIP completion signal in the three frozen IPEDS graduate first-major completions files; catalog-only and new programs remain a known gap.,"No positive-completion row at award levels 7/17/18/19 for any configured primary or secondary CIP in C2022_A, C2023_A, or C2024_A.",https://nces.ed.gov/ipeds/datacenter/DataFiles.aspx,medium,No,2026-09-09
us:ipeds:241304,Columbia Central University-Caguas,United States,,,mechanical_program_screening,No configured primary or secondary CIP completion signal in the three frozen IPEDS graduate first-major completions files; catalog-only and new programs remain a known gap.,"No positive-completion row at award levels 7/17/18/19 for any configured primary or secondary CIP in C2022_A, C2023_A, or C2024_A.",https://nces.ed.gov/ipeds/datacenter/DataFiles.aspx,medium,No,2026-09-09
us:ipeds:241331,Albizu University-San Juan,United States,,,mechanical_program_screening,No configured primary or secondary CIP completion signal in the three frozen IPEDS graduate first-major completions files; catalog-only and new programs remain a known gap.,"No positive-completion row at award levels 7/17/18/19 for any configured primary or secondary CIP in C2022_A, C2023_A, or C2024_A.",https://nces.ed.gov/ipeds/datacenter/DataFiles.aspx,medium,No,2026-09-09
us:ipeds:241377,Caribbean University-Bayamon,United States,,,mechanical_program_screening,No configured primary or secondary CIP completion signal in the three frozen IPEDS graduate first-major completions files; catalog-only and new programs remain a known gap.,"No positive-completion row at award levels 7/17/18/19 for any configured primary or secondary CIP in C2022_A, C2023_A, or C2024_A.",https://nces.ed.gov/ipeds/datacenter/DataFiles.aspx,medium,No,2026-09-09
us:ipeds:241386,Caribbean University-Carolina,United States,,,mechanical_program_screening,No configured primary or secondary CIP completion signal in the three frozen IPEDS graduate first-major completions files; catalog-only and new programs remain a known gap.,"No positive-completion row at award levels 7/17/18/19 for any configured primary or secondary CIP in C2022_A, C2023_A, or C2024_A.",https://nces.ed.gov/ipeds/datacenter/DataFiles.aspx,medium,No,2026-09-09
us:ipeds:241395,Pontifical Catholic University of Puerto Rico-Arecibo,United States,,,mechanical_program_screening,No configured primary or secondary CIP completion signal in the three frozen IPEDS graduate first-major completions files; catalog-only and new programs remain a known gap.,"No positive-completion row at award levels 7/17/18/19 for any configured primary or secondary CIP in C2022_A, C2023_A, or C2024_A.",https://nces.ed.gov/ipeds/datacenter/DataFiles.aspx,medium,No,2026-09-09
us:ipeds:241410,Pontifical Catholic University of Puerto Rico-Ponce,United States,,,mechanical_program_screening,No configured primary or secondary CIP completion signal in the three frozen IPEDS graduate first-major completions files; catalog-only and new programs remain a known gap.,"No positive-completion row at award levels 7/17/18/19 for any configured primary or secondary CIP in C2022_A, C2023_A, or C2024_A.",https://nces.ed.gov/ipeds/datacenter/DataFiles.aspx,medium,No,2026-09-09
us:ipeds:241614,Universidad Teologica del Caribe,United States,,,mechanical_program_screening,No configured primary or secondary CIP completion signal in the three frozen IPEDS graduate first-major completions files; catalog-only and new programs remain a known gap.,"No positive-completion row at award levels 7/17/18/19 for any configured primary or secondary CIP in C2022_A, C2023_A, or C2024_A.",https://nces.ed.gov/ipeds/datacenter/DataFiles.aspx,medium,No,2026-09-09
us:ipeds:241766,Puerto Rico Conservatory of Music,United States,,,mechanical_program_screening,No configured primary or secondary CIP completion signal in the three frozen IPEDS graduate first-major completions files; catalog-only and new programs remain a known gap.,"No positive-completion row at award levels 7/17/18/19 for any configured primary or secondary CIP in C2022_A, C2023_A, or C2024_A.",https://nces.ed.gov/ipeds/datacenter/DataFiles.aspx,medium,No,2026-09-09
us:ipeds:241793,Center for Advanced Studies On Puerto Rico and the Caribbean,United States,,,mechanical_program_screening,No configured primary or secondary CIP completion signal in the three frozen IPEDS graduate first-major completions files; catalog-only and new programs remain a known gap.,"No positive-completion row at award levels 7/17/18/19 for any configured primary or secondary CIP in C2022_A, C2023_A, or C2024_A.",https://nces.ed.gov/ipeds/datacenter/DataFiles.aspx,medium,No,2026-09-09
us:ipeds:241836,EDP University of Puerto Rico Inc-San Sebastian,United States,,,mechanical_program_screening,No configured primary or secondary CIP completion signal in the three frozen IPEDS graduate first-major completions files; catalog-only and new programs remain a known gap.,"No positive-completion row at award levels 7/17/18/19 for any configured primary or secondary CIP in C2022_A, C2023_A, or C2024_A.",https://nces.ed.gov/ipeds/datacenter/DataFiles.aspx,medium,No,2026-09-09
us:ipeds:242060,Sistema Universitario Ana G. Mendez,United States,,,mechanical_program_screening,No configured primary or secondary CIP completion signal in the three frozen IPEDS graduate first-major completions files; catalog-only and new programs remain a known gap.,"No positive-completion row at award levels 7/17/18/19 for any configured primary or secondary CIP in C2022_A, C2023_A, or C2024_A.",https://nces.ed.gov/ipeds/datacenter/DataFiles.aspx,medium,No,2026-09-09
us:ipeds:242617,Inter American University of Puerto Rico-San German,United States,,,mechanical_program_screening,No configured primary or secondary CIP completion signal in the three frozen IPEDS graduate first-major completions files; catalog-only and new programs remain a known gap.,"No positive-completion row at award levels 7/17/18/19 for any configured primary or secondary CIP in C2022_A, C2023_A, or C2024_A.",https://nces.ed.gov/ipeds/datacenter/DataFiles.aspx,medium,No,2026-09-09
us:ipeds:242626,Inter American University of Puerto Rico-Aguadilla,United States,,,mechanical_program_screening,No configured primary or secondary CIP completion signal in the three frozen IPEDS graduate first-major completions files; catalog-only and new programs remain a known gap.,"No positive-completion row at award levels 7/17/18/19 for any configured primary or secondary CIP in C2022_A, C2023_A, or C2024_A.",https://nces.ed.gov/ipeds/datacenter/DataFiles.aspx,medium,No,2026-09-09
us:ipeds:242635,Inter American University of Puerto Rico-Arecibo,United States,,,mechanical_program_screening,No configured primary or secondary CIP completion signal in the three frozen IPEDS graduate first-major completions files; catalog-only and new programs remain a known gap.,"No positive-completion row at award levels 7/17/18/19 for any configured primary or secondary CIP in C2022_A, C2023_A, or C2024_A.",https://nces.ed.gov/ipeds/datacenter/DataFiles.aspx,medium,No,2026-09-09
us:ipeds:242644,Inter American University of Puerto Rico-Barranquitas,United States,,,mechanical_program_screening,No configured primary or secondary CIP completion signal in the three frozen IPEDS graduate first-major completions files; catalog-only and new programs remain a known gap.,"No positive-completion row at award levels 7/17/18/19 for any configured primary or secondary CIP in C2022_A, C2023_A, or C2024_A.",https://nces.ed.gov/ipeds/datacenter/DataFiles.aspx,medium,No,2026-09-09
us:ipeds:242662,Inter American University of Puerto Rico-Ponce,United States,,,mechanical_program_screening,No configured primary or secondary CIP completion signal in the three frozen IPEDS graduate first-major completions files; catalog-only and new programs remain a known gap.,"No positive-completion row at award levels 7/17/18/19 for any configured primary or secondary CIP in C2022_A, C2023_A, or C2024_A.",https://nces.ed.gov/ipeds/datacenter/DataFiles.aspx,medium,No,2026-09-09
us:ipeds:242671,Inter American University of Puerto Rico-Central Office,United States,,,mechanical_program_screening,No configured primary or secondary CIP completion signal in the three frozen IPEDS graduate first-major completions files; catalog-only and new programs remain a known gap.,"No positive-completion row at award levels 7/17/18/19 for any configured primary or secondary CIP in C2022_A, C2023_A, or C2024_A.",https://nces.ed.gov/ipeds/datacenter/DataFiles.aspx,medium,No,2026-09-09
us:ipeds:242705,Inter American University of Puerto Rico-Bayamon,United States,,,mechanical_program_screening,No configured primary or secondary CIP completion signal in the three frozen IPEDS graduate first-major completions files; catalog-only and new programs remain a known gap.,"No positive-completion row at award levels 7/17/18/19 for any configured primary or secondary CIP in C2022_A, C2023_A, or C2024_A.",https://nces.ed.gov/ipeds/datacenter/DataFiles.aspx,medium,No,2026-09-09
us:ipeds:242723,Inter American University of Puerto Rico-School of Law,United States,,,mechanical_program_screening,No configured primary or secondary CIP completion signal in the three frozen IPEDS graduate first-major completions files; catalog-only and new programs remain a known gap.,"No positive-completion row at award levels 7/17/18/19 for any configured primary or secondary CIP in C2022_A, C2023_A, or C2024_A.",https://nces.ed.gov/ipeds/datacenter/DataFiles.aspx,medium,No,2026-09-09
us:ipeds:242972,NUC University,United States,,,mechanical_program_screening,No configured primary or secondary CIP completion signal in the three frozen IPEDS graduate first-major completions files; catalog-only and new programs remain a known gap.,"No positive-completion row at award levels 7/17/18/19 for any configured primary or secondary CIP in C2022_A, C2023_A, or C2024_A.",https://nces.ed.gov/ipeds/datacenter/DataFiles.aspx,medium,No,2026-09-09
us:ipeds:243081,Ponce Health Sciences University,United States,,,mechanical_program_screening,No configured primary or secondary CIP completion signal in the three frozen IPEDS graduate first-major completions files; catalog-only and new programs remain a known gap.,"No positive-completion row at award levels 7/17/18/19 for any configured primary or secondary CIP in C2022_A, C2023_A, or C2024_A.",https://nces.ed.gov/ipeds/datacenter/DataFiles.aspx,medium,No,2026-09-09
us:ipeds:243115,University of Puerto Rico-Arecibo,United States,,,mechanical_program_screening,No configured primary or secondary CIP completion signal in the three frozen IPEDS graduate first-major completions files; catalog-only and new programs remain a known gap.,"No positive-completion row at award levels 7/17/18/19 for any configured primary or secondary CIP in C2022_A, C2023_A, or C2024_A.",https://nces.ed.gov/ipeds/datacenter/DataFiles.aspx,medium,No,2026-09-09
us:ipeds:243160,University of Puerto Rico-Central Administration,United States,,,mechanical_program_screening,No configured primary or secondary CIP completion signal in the three frozen IPEDS graduate first-major completions files; catalog-only and new programs remain a known gap.,"No positive-completion row at award levels 7/17/18/19 for any configured primary or secondary CIP in C2022_A, C2023_A, or C2024_A.",https://nces.ed.gov/ipeds/datacenter/DataFiles.aspx,medium,No,2026-09-09
us:ipeds:243203,University of Puerto Rico-Medical Sciences,United States,,,mechanical_program_screening,No configured primary or secondary CIP completion signal in the three frozen IPEDS graduate first-major completions files; catalog-only and new programs remain a known gap.,"No positive-completion row at award levels 7/17/18/19 for any configured primary or secondary CIP in C2022_A, C2023_A, or C2024_A.",https://nces.ed.gov/ipeds/datacenter/DataFiles.aspx,medium,No,2026-09-09
us:ipeds:243443,Universidad del Sagrado Corazon,United States,,,mechanical_program_screening,No configured primary or secondary CIP completion signal in the three frozen IPEDS graduate first-major completions files; catalog-only and new programs remain a known gap.,"No positive-completion row at award levels 7/17/18/19 for any configured primary or secondary CIP in C2022_A, C2023_A, or C2024_A.",https://nces.ed.gov/ipeds/datacenter/DataFiles.aspx,medium,No,2026-09-09
us:ipeds:243498,Seminario Evangelico de Puerto Rico,United States,,,mechanical_program_screening,No configured primary or secondary CIP completion signal in the three frozen IPEDS graduate first-major completions files; catalog-only and new programs remain a known gap.,"No positive-completion row at award levels 7/17/18/19 for any configured primary or secondary CIP in C2022_A, C2023_A, or C2024_A.",https://nces.ed.gov/ipeds/datacenter/DataFiles.aspx,medium,No,2026-09-09
us:ipeds:243568,Universidad Central Del Caribe,United States,,,mechanical_program_screening,No configured primary or secondary CIP completion signal in the three frozen IPEDS graduate first-major completions files; catalog-only and new programs remain a known gap.,"No positive-completion row at award levels 7/17/18/19 for any configured primary or secondary CIP in C2022_A, C2023_A, or C2024_A.",https://nces.ed.gov/ipeds/datacenter/DataFiles.aspx,medium,No,2026-09-09
us:ipeds:243665,University of the Virgin Islands,United States,,,mechanical_program_screening,No configured primary or secondary CIP completion signal in the three frozen IPEDS graduate first-major completions files; catalog-only and new programs remain a known gap.,"No positive-completion row at award levels 7/17/18/19 for any configured primary or secondary CIP in C2022_A, C2023_A, or C2024_A.",https://nces.ed.gov/ipeds/datacenter/DataFiles.aspx,medium,No,2026-09-09
us:ipeds:243823,Parker University,United States,,,mechanical_program_screening,No configured primary or secondary CIP completion signal in the three frozen IPEDS graduate first-major completions files; catalog-only and new programs remain a known gap.,"No positive-completion row at award levels 7/17/18/19 for any configured primary or secondary CIP in C2022_A, C2023_A, or C2024_A.",https://nces.ed.gov/ipeds/datacenter/DataFiles.aspx,medium,No,2026-09-09
us:ipeds:245652,St. John's College,United States,,,mechanical_program_screening,No configured primary or secondary CIP completion signal in the three frozen IPEDS graduate first-major completions files; catalog-only and new programs remain a known gap.,"No positive-completion row at award levels 7/17/18/19 for any configured primary or secondary CIP in C2022_A, C2023_A, or C2024_A.",https://nces.ed.gov/ipeds/datacenter/DataFiles.aspx,medium,No,2026-09-09
us:ipeds:245838,Antioch University-Los Angeles,United States,,,mechanical_program_screening,No configured primary or secondary CIP completion signal in the three frozen IPEDS graduate first-major completions files; catalog-only and new programs remain a known gap.,"No positive-completion row at award levels 7/17/18/19 for any configured primary or secondary CIP in C2022_A, C2023_A, or C2024_A.",https://nces.ed.gov/ipeds/datacenter/DataFiles.aspx,medium,No,2026-09-09
us:ipeds:245847,Antioch University-Santa Barbara,United States,,,mechanical_program_screening,No configured primary or secondary CIP completion signal in the three frozen IPEDS graduate first-major completions files; catalog-only and new programs remain a known gap.,"No positive-completion row at award levels 7/17/18/19 for any configured primary or secondary CIP in C2022_A, C2023_A, or C2024_A.",https://nces.ed.gov/ipeds/datacenter/DataFiles.aspx,medium,No,2026-09-09
us:ipeds:245865,Antioch University-New England,United States,,,mechanical_program_screening,No configured primary or secondary CIP completion signal in the three frozen IPEDS graduate first-major completions files; catalog-only and new programs remain a known gap.,"No positive-completion row at award levels 7/17/18/19 for any configured primary or secondary CIP in C2022_A, C2023_A, or C2024_A.",https://nces.ed.gov/ipeds/datacenter/DataFiles.aspx,medium,No,2026-09-09
us:ipeds:245883,Antioch University-Seattle,United States,,,mechanical_program_screening,No configured primary or secondary CIP completion signal in the three frozen IPEDS graduate first-major completions files; catalog-only and new programs remain a known gap.,"No positive-completion row at award levels 7/17/18/19 for any configured primary or secondary CIP in C2022_A, C2023_A, or C2024_A.",https://nces.ed.gov/ipeds/datacenter/DataFiles.aspx,medium,No,2026-09-09
us:ipeds:245892,Antioch University,United States,,,mechanical_program_screening,No configured primary or secondary CIP completion signal in the three frozen IPEDS graduate first-major completions files; catalog-only and new programs remain a known gap.,"No positive-completion row at award levels 7/17/18/19 for any configured primary or secondary CIP in C2022_A, C2023_A, or C2024_A.",https://nces.ed.gov/ipeds/datacenter/DataFiles.aspx,medium,No,2026-09-09
us:ipeds:245953,Mid-America Christian University,United States,,,mechanical_program_screening,No configured primary or secondary CIP completion signal in the three frozen IPEDS graduate first-major completions files; catalog-only and new programs remain a known gap.,"No positive-completion row at award levels 7/17/18/19 for any configured primary or secondary CIP in C2022_A, C2023_A, or C2024_A.",https://nces.ed.gov/ipeds/datacenter/DataFiles.aspx,medium,No,2026-09-09
us:ipeds:246789,HJ International Graduate School for Peace and Public Leadership,United States,,,mechanical_program_screening,No configured primary or secondary CIP completion signal in the three frozen IPEDS graduate first-major completions files; catalog-only and new programs remain a known gap.,"No positive-completion row at award levels 7/17/18/19 for any configured primary or secondary CIP in C2022_A, C2023_A, or C2024_A.",https://nces.ed.gov/ipeds/datacenter/DataFiles.aspx,medium,No,2026-09-09
us:ipeds:247162,Ecumenical Theological Seminary,United States,,,mechanical_program_screening,No configured primary or secondary CIP completion signal in the three frozen IPEDS graduate first-major completions files; catalog-only and new programs remain a known gap.,"No positive-completion row at award levels 7/17/18/19 for any configured primary or secondary CIP in C2022_A, C2023_A, or C2024_A.",https://nces.ed.gov/ipeds/datacenter/DataFiles.aspx,medium,No,2026-09-09
us:ipeds:251312,South University-Columbia,United States,,,mechanical_program_screening,No configured primary or secondary CIP completion signal in the three frozen IPEDS graduate first-major completions files; catalog-only and new programs remain a known gap.,"No positive-completion row at award levels 7/17/18/19 for any configured primary or secondary CIP in C2022_A, C2023_A, or C2024_A.",https://nces.ed.gov/ipeds/datacenter/DataFiles.aspx,medium,No,2026-09-09
us:ipeds:260372,Lac Courte Oreilles Ojibwe University,United States,,,mechanical_program_screening,No configured primary or secondary CIP completion signal in the three frozen IPEDS graduate first-major completions files; catalog-only and new programs remain a known gap.,"No positive-completion row at award levels 7/17/18/19 for any configured primary or secondary CIP in C2022_A, C2023_A, or C2024_A.",https://nces.ed.gov/ipeds/datacenter/DataFiles.aspx,medium,No,2026-09-09
us:ipeds:262086,University of Massachusetts Global,United States,,,mechanical_program_screening,No configured primary or secondary CIP completion signal in the three frozen IPEDS graduate first-major completions files; catalog-only and new programs remain a known gap.,"No positive-completion row at award levels 7/17/18/19 for any configured primary or secondary CIP in C2022_A, C2023_A, or C2024_A.",https://nces.ed.gov/ipeds/datacenter/DataFiles.aspx,medium,No,2026-09-09
us:ipeds:363712,Yeshivah Gedolah Rabbinical College,United States,,,mechanical_program_screening,No configured primary or secondary CIP completion signal in the three frozen IPEDS graduate first-major completions files; catalog-only and new programs remain a known gap.,"No positive-completion row at award levels 7/17/18/19 for any configured primary or secondary CIP in C2022_A, C2023_A, or C2024_A.",https://nces.ed.gov/ipeds/datacenter/DataFiles.aspx,medium,No,2026-09-09
us:ipeds:363907,Caribbean University-Ponce,United States,,,mechanical_program_screening,No configured primary or secondary CIP completion signal in the three frozen IPEDS graduate first-major completions files; catalog-only and new programs remain a known gap.,"No positive-completion row at award levels 7/17/18/19 for any configured primary or secondary CIP in C2022_A, C2023_A, or C2024_A.",https://nces.ed.gov/ipeds/datacenter/DataFiles.aspx,medium,No,2026-09-09
us:ipeds:363916,Caribbean University-Vega Baja,United States,,,mechanical_program_screening,No configured primary or secondary CIP completion signal in the three frozen IPEDS graduate first-major completions files; catalog-only and new programs remain a known gap.,"No positive-completion row at award levels 7/17/18/19 for any configured primary or secondary CIP in C2022_A, C2023_A, or C2024_A.",https://nces.ed.gov/ipeds/datacenter/DataFiles.aspx,medium,No,2026-09-09
us:ipeds:366003,South Florida Bible College and Theological Seminary,United States,,,mechanical_program_screening,No configured primary or secondary CIP completion signal in the three frozen IPEDS graduate first-major completions files; catalog-only and new programs remain a known gap.,"No positive-completion row at award levels 7/17/18/19 for any configured primary or secondary CIP in C2022_A, C2023_A, or C2024_A.",https://nces.ed.gov/ipeds/datacenter/DataFiles.aspx,medium,No,2026-09-09
us:ipeds:366252,Pennsylvania College of Technology,United States,,,mechanical_program_screening,No configured primary or secondary CIP completion signal in the three frozen IPEDS graduate first-major completions files; catalog-only and new programs remain a known gap.,"No positive-completion row at award levels 7/17/18/19 for any configured primary or secondary CIP in C2022_A, C2023_A, or C2024_A.",https://nces.ed.gov/ipeds/datacenter/DataFiles.aspx,medium,No,2026-09-09
us:ipeds:366368,New York Academy of Art,United States,,,mechanical_program_screening,No configured primary or secondary CIP completion signal in the three frozen IPEDS graduate first-major completions files; catalog-only and new programs remain a known gap.,"No positive-completion row at award levels 7/17/18/19 for any configured primary or secondary CIP in C2022_A, C2023_A, or C2024_A.",https://nces.ed.gov/ipeds/datacenter/DataFiles.aspx,medium,No,2026-09-09
us:ipeds:367954,University of St. Augustine for Health Sciences,United States,,,mechanical_program_screening,No configured primary or secondary CIP completion signal in the three frozen IPEDS graduate first-major completions files; catalog-only and new programs remain a known gap.,"No positive-completion row at award levels 7/17/18/19 for any configured primary or secondary CIP in C2022_A, C2023_A, or C2024_A.",https://nces.ed.gov/ipeds/datacenter/DataFiles.aspx,medium,No,2026-09-09
us:ipeds:369002,Massachusetts School of Law,United States,,,mechanical_program_screening,No configured primary or secondary CIP completion signal in the three frozen IPEDS graduate first-major completions files; catalog-only and new programs remain a known gap.,"No positive-completion row at award levels 7/17/18/19 for any configured primary or secondary CIP in C2022_A, C2023_A, or C2024_A.",https://nces.ed.gov/ipeds/datacenter/DataFiles.aspx,medium,No,2026-09-09
us:ipeds:369516,Bryan University,United States,,,mechanical_program_screening,No configured primary or secondary CIP completion signal in the three frozen IPEDS graduate first-major completions files; catalog-only and new programs remain a known gap.,"No positive-completion row at award levels 7/17/18/19 for any configured primary or secondary CIP in C2022_A, C2023_A, or C2024_A.",https://nces.ed.gov/ipeds/datacenter/DataFiles.aspx,medium,No,2026-09-09
us:ipeds:369659,Oregon College of Oriental Medicine,United States,,,mechanical_program_screening,No configured primary or secondary CIP completion signal in the three frozen IPEDS graduate first-major completions files; catalog-only and new programs remain a known gap.,"No positive-completion row at award levels 7/17/18/19 for any configured primary or secondary CIP in C2022_A, C2023_A, or C2024_A.",https://nces.ed.gov/ipeds/datacenter/DataFiles.aspx,medium,No,2026-09-09
us:ipeds:372073,Fremont University,United States,,,mechanical_program_screening,No configured primary or secondary CIP completion signal in the three frozen IPEDS graduate first-major completions files; catalog-only and new programs remain a known gap.,"No positive-completion row at award levels 7/17/18/19 for any configured primary or secondary CIP in C2022_A, C2023_A, or C2024_A.",https://nces.ed.gov/ipeds/datacenter/DataFiles.aspx,medium,No,2026-09-09
us:ipeds:374024,Adler Graduate School,United States,,,mechanical_program_screening,No configured primary or secondary CIP completion signal in the three frozen IPEDS graduate first-major completions files; catalog-only and new programs remain a known gap.,"No positive-completion row at award levels 7/17/18/19 for any configured primary or secondary CIP in C2022_A, C2023_A, or C2024_A.",https://nces.ed.gov/ipeds/datacenter/DataFiles.aspx,medium,No,2026-09-09
us:ipeds:378576,Pacific College of Health and Science,United States,,,mechanical_program_screening,No configured primary or secondary CIP completion signal in the three frozen IPEDS graduate first-major completions files; catalog-only and new programs remain a known gap.,"No positive-completion row at award levels 7/17/18/19 for any configured primary or secondary CIP in C2022_A, C2023_A, or C2024_A.",https://nces.ed.gov/ipeds/datacenter/DataFiles.aspx,medium,No,2026-09-09
us:ipeds:381352,Colorado Chinese Medicine University,United States,,,mechanical_program_screening,No configured primary or secondary CIP completion signal in the three frozen IPEDS graduate first-major completions files; catalog-only and new programs remain a known gap.,"No positive-completion row at award levels 7/17/18/19 for any configured primary or secondary CIP in C2022_A, C2023_A, or C2024_A.",https://nces.ed.gov/ipeds/datacenter/DataFiles.aspx,medium,No,2026-09-09
us:ipeds:381459,Phoenix Seminary,United States,,,mechanical_program_screening,No configured primary or secondary CIP completion signal in the three frozen IPEDS graduate first-major completions files; catalog-only and new programs remain a known gap.,"No positive-completion row at award levels 7/17/18/19 for any configured primary or secondary CIP in C2022_A, C2023_A, or C2024_A.",https://nces.ed.gov/ipeds/datacenter/DataFiles.aspx,medium,No,2026-09-09
us:ipeds:383020,Midwest College of Oriental Medicine-Racine,United States,,,mechanical_program_screening,No configured primary or secondary CIP completion signal in the three frozen IPEDS graduate first-major completions files; catalog-only and new programs remain a known gap.,"No positive-completion row at award levels 7/17/18/19 for any configured primary or secondary CIP in C2022_A, C2023_A, or C2024_A.",https://nces.ed.gov/ipeds/datacenter/DataFiles.aspx,medium,No,2026-09-09
us:ipeds:384306,Acupuncture and Integrative Medicine College-Berkeley,United States,,,mechanical_program_screening,No configured primary or secondary CIP completion signal in the three frozen IPEDS graduate first-major completions files; catalog-only and new programs remain a known gap.,"No positive-completion row at award levels 7/17/18/19 for any configured primary or secondary CIP in C2022_A, C2023_A, or C2024_A.",https://nces.ed.gov/ipeds/datacenter/DataFiles.aspx,medium,No,2026-09-09
us:ipeds:384412,University of the Potomac-Washington DC Campus,United States,,,mechanical_program_screening,No configured primary or secondary CIP completion signal in the three frozen IPEDS graduate first-major completions files; catalog-only and new programs remain a known gap.,"No positive-completion row at award levels 7/17/18/19 for any configured primary or secondary CIP in C2022_A, C2023_A, or C2024_A.",https://nces.ed.gov/ipeds/datacenter/DataFiles.aspx,medium,No,2026-09-09
us:ipeds:385415,Albert Einstein College of Medicine,United States,,,mechanical_program_screening,No configured primary or secondary CIP completion signal in the three frozen IPEDS graduate first-major completions files; catalog-only and new programs remain a known gap.,"No positive-completion row at award levels 7/17/18/19 for any configured primary or secondary CIP in C2022_A, C2023_A, or C2024_A.",https://nces.ed.gov/ipeds/datacenter/DataFiles.aspx,medium,No,2026-09-09
us:ipeds:385619,Everglades University,United States,,,mechanical_program_screening,No configured primary or secondary CIP completion signal in the three frozen IPEDS graduate first-major completions files; catalog-only and new programs remain a known gap.,"No positive-completion row at award levels 7/17/18/19 for any configured primary or secondary CIP in C2022_A, C2023_A, or C2024_A.",https://nces.ed.gov/ipeds/datacenter/DataFiles.aspx,medium,No,2026-09-09
us:ipeds:386472,Herzing University-Orlando,United States,,,mechanical_program_screening,No configured primary or secondary CIP completion signal in the three frozen IPEDS graduate first-major completions files; catalog-only and new programs remain a known gap.,"No positive-completion row at award levels 7/17/18/19 for any configured primary or secondary CIP in C2022_A, C2023_A, or C2024_A.",https://nces.ed.gov/ipeds/datacenter/DataFiles.aspx,medium,No,2026-09-09
us:ipeds:399911,Soka University of America,United States,,,mechanical_program_screening,No configured primary or secondary CIP completion signal in the three frozen IPEDS graduate first-major completions files; catalog-only and new programs remain a known gap.,"No positive-completion row at award levels 7/17/18/19 for any configured primary or secondary CIP in C2022_A, C2023_A, or C2024_A.",https://nces.ed.gov/ipeds/datacenter/DataFiles.aspx,medium,No,2026-09-09
us:ipeds:401223,World Mission University,United States,,,mechanical_program_screening,No configured primary or secondary CIP completion signal in the three frozen IPEDS graduate first-major completions files; catalog-only and new programs remain a known gap.,"No positive-completion row at award levels 7/17/18/19 for any configured primary or secondary CIP in C2022_A, C2023_A, or C2024_A.",https://nces.ed.gov/ipeds/datacenter/DataFiles.aspx,medium,No,2026-09-09
us:ipeds:401250,Yo San University of Traditional Chinese Medicine,United States,,,mechanical_program_screening,No configured primary or secondary CIP completion signal in the three frozen IPEDS graduate first-major completions files; catalog-only and new programs remain a known gap.,"No positive-completion row at award levels 7/17/18/19 for any configured primary or secondary CIP in C2022_A, C2023_A, or C2024_A.",https://nces.ed.gov/ipeds/datacenter/DataFiles.aspx,medium,No,2026-09-09
us:ipeds:404222,Inter American University of Puerto Rico-School of Optometry,United States,,,mechanical_program_screening,No configured primary or secondary CIP completion signal in the three frozen IPEDS graduate first-major completions files; catalog-only and new programs remain a known gap.,"No positive-completion row at award levels 7/17/18/19 for any configured primary or secondary CIP in C2022_A, C2023_A, or C2024_A.",https://nces.ed.gov/ipeds/datacenter/DataFiles.aspx,medium,No,2026-09-09
us:ipeds:404338,Schiller International University,United States,,,mechanical_program_screening,No configured primary or secondary CIP completion signal in the three frozen IPEDS graduate first-major completions files; catalog-only and new programs remain a known gap.,"No positive-completion row at award levels 7/17/18/19 for any configured primary or secondary CIP in C2022_A, C2023_A, or C2024_A.",https://nces.ed.gov/ipeds/datacenter/DataFiles.aspx,medium,No,2026-09-09
us:ipeds:404480,University System of Maryland-Research Centers,United States,,,mechanical_program_screening,No configured primary or secondary CIP completion signal in the three frozen IPEDS graduate first-major completions files; catalog-only and new programs remain a known gap.,"No positive-completion row at award levels 7/17/18/19 for any configured primary or secondary CIP in C2022_A, C2023_A, or C2024_A.",https://nces.ed.gov/ipeds/datacenter/DataFiles.aspx,medium,No,2026-09-09
us:ipeds:407629,Lake Erie College of Osteopathic Medicine,United States,,,mechanical_program_screening,No configured primary or secondary CIP completion signal in the three frozen IPEDS graduate first-major completions files; catalog-only and new programs remain a known gap.,"No positive-completion row at award levels 7/17/18/19 for any configured primary or secondary CIP in C2022_A, C2023_A, or C2024_A.",https://nces.ed.gov/ipeds/datacenter/DataFiles.aspx,medium,No,2026-09-09
us:ipeds:408844,Florida National University-Main Campus,United States,,,mechanical_program_screening,No configured primary or secondary CIP completion signal in the three frozen IPEDS graduate first-major completions files; catalog-only and new programs remain a known gap.,"No positive-completion row at award levels 7/17/18/19 for any configured primary or secondary CIP in C2022_A, C2023_A, or C2024_A.",https://nces.ed.gov/ipeds/datacenter/DataFiles.aspx,medium,No,2026-09-09
us:ipeds:409254,Erikson Institute,United States,,,mechanical_program_screening,No configured primary or secondary CIP completion signal in the three frozen IPEDS graduate first-major completions files; catalog-only and new programs remain a known gap.,"No positive-completion row at award levels 7/17/18/19 for any configured primary or secondary CIP in C2022_A, C2023_A, or C2024_A.",https://nces.ed.gov/ipeds/datacenter/DataFiles.aspx,medium,No,2026-09-09
us:ipeds:409616,Roger Williams University School of Law,United States,,,mechanical_program_screening,No configured primary or secondary CIP completion signal in the three frozen IPEDS graduate first-major completions files; catalog-only and new programs remain a known gap.,"No positive-completion row at award levels 7/17/18/19 for any configured primary or secondary CIP in C2022_A, C2023_A, or C2024_A.",https://nces.ed.gov/ipeds/datacenter/DataFiles.aspx,medium,No,2026-09-09
us:ipeds:409698,California State University-Monterey Bay,United States,,,mechanical_program_screening,No configured primary or secondary CIP completion signal in the three frozen IPEDS graduate first-major completions files; catalog-only and new programs remain a known gap.,"No positive-completion row at award levels 7/17/18/19 for any configured primary or secondary CIP in C2022_A, C2023_A, or C2024_A.",https://nces.ed.gov/ipeds/datacenter/DataFiles.aspx,medium,No,2026-09-09
us:ipeds:414595,Pacific College of Health and Science,United States,,,mechanical_program_screening,No configured primary or secondary CIP completion signal in the three frozen IPEDS graduate first-major completions files; catalog-only and new programs remain a known gap.,"No positive-completion row at award levels 7/17/18/19 for any configured primary or secondary CIP in C2022_A, C2023_A, or C2024_A.",https://nces.ed.gov/ipeds/datacenter/DataFiles.aspx,medium,No,2026-09-09
us:ipeds:414966,Phillips Theological Seminary,United States,,,mechanical_program_screening,No configured primary or secondary CIP completion signal in the three frozen IPEDS graduate first-major completions files; catalog-only and new programs remain a known gap.,"No positive-completion row at award levels 7/17/18/19 for any configured primary or secondary CIP in C2022_A, C2023_A, or C2024_A.",https://nces.ed.gov/ipeds/datacenter/DataFiles.aspx,medium,No,2026-09-09
us:ipeds:416801,The University of Texas MD Anderson Cancer Center,United States,,,mechanical_program_screening,No configured primary or secondary CIP completion signal in the three frozen IPEDS graduate first-major completions files; catalog-only and new programs remain a known gap.,"No positive-completion row at award levels 7/17/18/19 for any configured primary or secondary CIP in C2022_A, C2023_A, or C2024_A.",https://nces.ed.gov/ipeds/datacenter/DataFiles.aspx,medium,No,2026-09-09
us:ipeds:418126,New York College of Health Professions,United States,,,mechanical_program_screening,No configured primary or secondary CIP completion signal in the three frozen IPEDS graduate first-major completions files; catalog-only and new programs remain a known gap.,"No positive-completion row at award levels 7/17/18/19 for any configured primary or secondary CIP in C2022_A, C2023_A, or C2024_A.",https://nces.ed.gov/ipeds/datacenter/DataFiles.aspx,medium,No,2026-09-09
us:ipeds:420042,University of Phoenix-Hawaii,United States,,,mechanical_program_screening,No configured primary or secondary CIP completion signal in the three frozen IPEDS graduate first-major completions files; catalog-only and new programs remain a known gap.,"No positive-completion row at award levels 7/17/18/19 for any configured primary or secondary CIP in C2022_A, C2023_A, or C2024_A.",https://nces.ed.gov/ipeds/datacenter/DataFiles.aspx,medium,No,2026-09-09
us:ipeds:420246,Sonoran University of Health Sciences,United States,,,mechanical_program_screening,No configured primary or secondary CIP completion signal in the three frozen IPEDS graduate first-major completions files; catalog-only and new programs remain a known gap.,"No positive-completion row at award levels 7/17/18/19 for any configured primary or secondary CIP in C2022_A, C2023_A, or C2024_A.",https://nces.ed.gov/ipeds/datacenter/DataFiles.aspx,medium,No,2026-09-09
us:ipeds:420705,Bakke Graduate University,United States,,,mechanical_program_screening,No configured primary or secondary CIP completion signal in the three frozen IPEDS graduate first-major completions files; catalog-only and new programs remain a known gap.,"No positive-completion row at award levels 7/17/18/19 for any configured primary or secondary CIP in C2022_A, C2023_A, or C2024_A.",https://nces.ed.gov/ipeds/datacenter/DataFiles.aspx,medium,No,2026-09-09
us:ipeds:420802,Arizona Board of Regents,United States,,,mechanical_program_screening,No configured primary or secondary CIP completion signal in the three frozen IPEDS graduate first-major completions files; catalog-only and new programs remain a known gap.,"No positive-completion row at award levels 7/17/18/19 for any configured primary or secondary CIP in C2022_A, C2023_A, or C2024_A.",https://nces.ed.gov/ipeds/datacenter/DataFiles.aspx,medium,No,2026-09-09
us:ipeds:422695,Pacific College,United States,,,mechanical_program_screening,No configured primary or secondary CIP completion signal in the three frozen IPEDS graduate first-major completions files; catalog-only and new programs remain a known gap.,"No positive-completion row at award levels 7/17/18/19 for any configured primary or secondary CIP in C2022_A, C2023_A, or C2024_A.",https://nces.ed.gov/ipeds/datacenter/DataFiles.aspx,medium,No,2026-09-09
us:ipeds:423643,Midwestern University-Glendale,United States,,,mechanical_program_screening,No configured primary or secondary CIP completion signal in the three frozen IPEDS graduate first-major completions files; catalog-only and new programs remain a known gap.,"No positive-completion row at award levels 7/17/18/19 for any configured primary or secondary CIP in C2022_A, C2023_A, or C2024_A.",https://nces.ed.gov/ipeds/datacenter/DataFiles.aspx,medium,No,2026-09-09
us:ipeds:428259,Ottawa University-Milwaukee,United States,,,mechanical_program_screening,No configured primary or secondary CIP completion signal in the three frozen IPEDS graduate first-major completions files; catalog-only and new programs remain a known gap.,"No positive-completion row at award levels 7/17/18/19 for any configured primary or secondary CIP in C2022_A, C2023_A, or C2024_A.",https://nces.ed.gov/ipeds/datacenter/DataFiles.aspx,medium,No,2026-09-09
us:ipeds:428453,Minnesota State Colleges and Universities System Office,United States,,,mechanical_program_screening,No configured primary or secondary CIP completion signal in the three frozen IPEDS graduate first-major completions files; catalog-only and new programs remain a known gap.,"No positive-completion row at award levels 7/17/18/19 for any configured primary or secondary CIP in C2022_A, C2023_A, or C2024_A.",https://nces.ed.gov/ipeds/datacenter/DataFiles.aspx,medium,No,2026-09-09
us:ipeds:429085,American College of Acupuncture and Oriental Med,United States,,,mechanical_program_screening,No configured primary or secondary CIP completion signal in the three frozen IPEDS graduate first-major completions files; catalog-only and new programs remain a known gap.,"No positive-completion row at award levels 7/17/18/19 for any configured primary or secondary CIP in C2022_A, C2023_A, or C2024_A.",https://nces.ed.gov/ipeds/datacenter/DataFiles.aspx,medium,No,2026-09-09
us:ipeds:429094,AOMA Graduate School of Integrative Medicine,United States,,,mechanical_program_screening,No configured primary or secondary CIP completion signal in the three frozen IPEDS graduate first-major completions files; catalog-only and new programs remain a known gap.,"No positive-completion row at award levels 7/17/18/19 for any configured primary or secondary CIP in C2022_A, C2023_A, or C2024_A.",https://nces.ed.gov/ipeds/datacenter/DataFiles.aspx,medium,No,2026-09-09
us:ipeds:430670,San Juan Bautista School of Medicine,United States,,,mechanical_program_screening,No configured primary or secondary CIP completion signal in the three frozen IPEDS graduate first-major completions files; catalog-only and new programs remain a known gap.,"No positive-completion row at award levels 7/17/18/19 for any configured primary or secondary CIP in C2022_A, C2023_A, or C2024_A.",https://nces.ed.gov/ipeds/datacenter/DataFiles.aspx,medium,No,2026-09-09
us:ipeds:430704,Texas Health and Science University,United States,,,mechanical_program_screening,No configured primary or secondary CIP completion signal in the three frozen IPEDS graduate first-major completions files; catalog-only and new programs remain a known gap.,"No positive-completion row at award levels 7/17/18/19 for any configured primary or secondary CIP in C2022_A, C2023_A, or C2024_A.",https://nces.ed.gov/ipeds/datacenter/DataFiles.aspx,medium,No,2026-09-09
us:ipeds:432348,Appalachian School of Law,United States,,,mechanical_program_screening,No configured primary or secondary CIP completion signal in the three frozen IPEDS graduate first-major completions files; catalog-only and new programs remain a known gap.,"No positive-completion row at award levels 7/17/18/19 for any configured primary or secondary CIP in C2022_A, C2023_A, or C2024_A.",https://nces.ed.gov/ipeds/datacenter/DataFiles.aspx,medium,No,2026-09-09
us:ipeds:433004,American University of Health Sciences,United States,,,mechanical_program_screening,No configured primary or secondary CIP completion signal in the three frozen IPEDS graduate first-major completions files; catalog-only and new programs remain a known gap.,"No positive-completion row at award levels 7/17/18/19 for any configured primary or secondary CIP in C2022_A, C2023_A, or C2024_A.",https://nces.ed.gov/ipeds/datacenter/DataFiles.aspx,medium,No,2026-09-09
us:ipeds:433420,California Aeronautical University,United States,,,mechanical_program_screening,No configured primary or secondary CIP completion signal in the three frozen IPEDS graduate first-major completions files; catalog-only and new programs remain a known gap.,"No positive-completion row at award levels 7/17/18/19 for any configured primary or secondary CIP in C2022_A, C2023_A, or C2024_A.",https://nces.ed.gov/ipeds/datacenter/DataFiles.aspx,medium,No,2026-09-09
us:ipeds:433536,Herzing University-New Orleans,United States,,,mechanical_program_screening,No configured primary or secondary CIP completion signal in the three frozen IPEDS graduate first-major completions files; catalog-only and new programs remain a known gap.,"No positive-completion row at award levels 7/17/18/19 for any configured primary or secondary CIP in C2022_A, C2023_A, or C2024_A.",https://nces.ed.gov/ipeds/datacenter/DataFiles.aspx,medium,No,2026-09-09
us:ipeds:433660,Florida Gulf Coast University,United States,,,mechanical_program_screening,No configured primary or secondary CIP completion signal in the three frozen IPEDS graduate first-major completions files; catalog-only and new programs remain a known gap.,"No positive-completion row at award levels 7/17/18/19 for any configured primary or secondary CIP in C2022_A, C2023_A, or C2024_A.",https://nces.ed.gov/ipeds/datacenter/DataFiles.aspx,medium,No,2026-09-09
us:ipeds:434441,Florida College of Integrative Medicine,United States,,,mechanical_program_screening,No configured primary or secondary CIP completion signal in the three frozen IPEDS graduate first-major completions files; catalog-only and new programs remain a known gap.,"No positive-completion row at award levels 7/17/18/19 for any configured primary or secondary CIP in C2022_A, C2023_A, or C2024_A.",https://nces.ed.gov/ipeds/datacenter/DataFiles.aspx,medium,No,2026-09-09
us:ipeds:435000,Louisiana State University Health Sciences Center-Shreveport,United States,,,mechanical_program_screening,No configured primary or secondary CIP completion signal in the three frozen IPEDS graduate first-major completions files; catalog-only and new programs remain a known gap.,"No positive-completion row at award levels 7/17/18/19 for any configured primary or secondary CIP in C2022_A, C2023_A, or C2024_A.",https://nces.ed.gov/ipeds/datacenter/DataFiles.aspx,medium,No,2026-09-09
us:ipeds:436614,International Baptist College and Seminary,United States,,,mechanical_program_screening,No configured primary or secondary CIP completion signal in the three frozen IPEDS graduate first-major completions files; catalog-only and new programs remain a known gap.,"No positive-completion row at award levels 7/17/18/19 for any configured primary or secondary CIP in C2022_A, C2023_A, or C2024_A.",https://nces.ed.gov/ipeds/datacenter/DataFiles.aspx,medium,No,2026-09-09
us:ipeds:439020,Midwest College of Oriental Medicine-Skokie,United States,,,mechanical_program_screening,No configured primary or secondary CIP completion signal in the three frozen IPEDS graduate first-major completions files; catalog-only and new programs remain a known gap.,"No positive-completion row at award levels 7/17/18/19 for any configured primary or secondary CIP in C2022_A, C2023_A, or C2024_A.",https://nces.ed.gov/ipeds/datacenter/DataFiles.aspx,medium,No,2026-09-09
us:ipeds:439154,Texas Tech University System Administration,United States,,,mechanical_program_screening,No configured primary or secondary CIP completion signal in the three frozen IPEDS graduate first-major completions files; catalog-only and new programs remain a known gap.,"No positive-completion row at award levels 7/17/18/19 for any configured primary or secondary CIP in C2022_A, C2023_A, or C2024_A.",https://nces.ed.gov/ipeds/datacenter/DataFiles.aspx,medium,No,2026-09-09
us:ipeds:439394,East West College of Natural Medicine,United States,,,mechanical_program_screening,No configured primary or secondary CIP completion signal in the three frozen IPEDS graduate first-major completions files; catalog-only and new programs remain a known gap.,"No positive-completion row at award levels 7/17/18/19 for any configured primary or secondary CIP in C2022_A, C2023_A, or C2024_A.",https://nces.ed.gov/ipeds/datacenter/DataFiles.aspx,medium,No,2026-09-09
us:ipeds:439446,Atlantic Institute of Oriental Medicine,United States,,,mechanical_program_screening,No configured primary or secondary CIP completion signal in the three frozen IPEDS graduate first-major completions files; catalog-only and new programs remain a known gap.,"No positive-completion row at award levels 7/17/18/19 for any configured primary or secondary CIP in C2022_A, C2023_A, or C2024_A.",https://nces.ed.gov/ipeds/datacenter/DataFiles.aspx,medium,No,2026-09-09
us:ipeds:439701,The King's University,United States,,,mechanical_program_screening,No configured primary or secondary CIP completion signal in the three frozen IPEDS graduate first-major completions files; catalog-only and new programs remain a known gap.,"No positive-completion row at award levels 7/17/18/19 for any configured primary or secondary CIP in C2022_A, C2023_A, or C2024_A.",https://nces.ed.gov/ipeds/datacenter/DataFiles.aspx,medium,No,2026-09-09
us:ipeds:439783,New York College of Traditional Chinese Medicine,United States,,,mechanical_program_screening,No configured primary or secondary CIP completion signal in the three frozen IPEDS graduate first-major completions files; catalog-only and new programs remain a known gap.,"No positive-completion row at award levels 7/17/18/19 for any configured primary or secondary CIP in C2022_A, C2023_A, or C2024_A.",https://nces.ed.gov/ipeds/datacenter/DataFiles.aspx,medium,No,2026-09-09
us:ipeds:439817,Northeastern Seminary,United States,,,mechanical_program_screening,No configured primary or secondary CIP completion signal in the three frozen IPEDS graduate first-major completions files; catalog-only and new programs remain a known gap.,"No positive-completion row at award levels 7/17/18/19 for any configured primary or secondary CIP in C2022_A, C2023_A, or C2024_A.",https://nces.ed.gov/ipeds/datacenter/DataFiles.aspx,medium,No,2026-09-09
us:ipeds:439914,Seattle Institute of East Asian Medicine,United States,,,mechanical_program_screening,No configured primary or secondary CIP completion signal in the three frozen IPEDS graduate first-major completions files; catalog-only and new programs remain a known gap.,"No positive-completion row at award levels 7/17/18/19 for any configured primary or secondary CIP in C2022_A, C2023_A, or C2024_A.",https://nces.ed.gov/ipeds/datacenter/DataFiles.aspx,medium,No,2026-09-09
us:ipeds:440031,Keck Graduate Institute,United States,,,mechanical_program_screening,No configured primary or secondary CIP completion signal in the three frozen IPEDS graduate first-major completions files; catalog-only and new programs remain a known gap.,"No positive-completion row at award levels 7/17/18/19 for any configured primary or secondary CIP in C2022_A, C2023_A, or C2024_A.",https://nces.ed.gov/ipeds/datacenter/DataFiles.aspx,medium,No,2026-09-09
us:ipeds:440138,Antioch University-System Administration,United States,,,mechanical_program_screening,No configured primary or secondary CIP completion signal in the three frozen IPEDS graduate first-major completions files; catalog-only and new programs remain a known gap.,"No positive-completion row at award levels 7/17/18/19 for any configured primary or secondary CIP in C2022_A, C2023_A, or C2024_A.",https://nces.ed.gov/ipeds/datacenter/DataFiles.aspx,medium,No,2026-09-09
us:ipeds:440396,New Saint Andrews College,United States,,,mechanical_program_screening,No configured primary or secondary CIP completion signal in the three frozen IPEDS graduate first-major completions files; catalog-only and new programs remain a known gap.,"No positive-completion row at award levels 7/17/18/19 for any configured primary or secondary CIP in C2022_A, C2023_A, or C2024_A.",https://nces.ed.gov/ipeds/datacenter/DataFiles.aspx,medium,No,2026-09-09
us:ipeds:440651,Atenas University,United States,,,mechanical_program_screening,No configured primary or secondary CIP completion signal in the three frozen IPEDS graduate first-major completions files; catalog-only and new programs remain a known gap.,"No positive-completion row at award levels 7/17/18/19 for any configured primary or secondary CIP in C2022_A, C2023_A, or C2024_A.",https://nces.ed.gov/ipeds/datacenter/DataFiles.aspx,medium,No,2026-09-09
us:ipeds:440794,Pillar College,United States,,,mechanical_program_screening,No configured primary or secondary CIP completion signal in the three frozen IPEDS graduate first-major completions files; catalog-only and new programs remain a known gap.,"No positive-completion row at award levels 7/17/18/19 for any configured primary or secondary CIP in C2022_A, C2023_A, or C2024_A.",https://nces.ed.gov/ipeds/datacenter/DataFiles.aspx,medium,No,2026-09-09
us:ipeds:440828,Oregon State University-Cascades Campus,United States,,,mechanical_program_screening,No configured primary or secondary CIP completion signal in the three frozen IPEDS graduate first-major completions files; catalog-only and new programs remain a known gap.,"No positive-completion row at award levels 7/17/18/19 for any configured primary or secondary CIP in C2022_A, C2023_A, or C2024_A.",https://nces.ed.gov/ipeds/datacenter/DataFiles.aspx,medium,No,2026-09-09
us:ipeds:440916,Southern University Law Center,United States,,,mechanical_program_screening,No configured primary or secondary CIP completion signal in the three frozen IPEDS graduate first-major completions files; catalog-only and new programs remain a known gap.,"No positive-completion row at award levels 7/17/18/19 for any configured primary or secondary CIP in C2022_A, C2023_A, or C2024_A.",https://nces.ed.gov/ipeds/datacenter/DataFiles.aspx,medium,No,2026-09-09
us:ipeds:441104,Richmont Graduate University,United States,,,mechanical_program_screening,No configured primary or secondary CIP completion signal in the three frozen IPEDS graduate first-major completions files; catalog-only and new programs remain a known gap.,"No positive-completion row at award levels 7/17/18/19 for any configured primary or secondary CIP in C2022_A, C2023_A, or C2024_A.",https://nces.ed.gov/ipeds/datacenter/DataFiles.aspx,medium,No,2026-09-09
us:ipeds:441131,The Seattle School of Theology & Psychology,United States,,,mechanical_program_screening,No configured primary or secondary CIP completion signal in the three frozen IPEDS graduate first-major completions files; catalog-only and new programs remain a known gap.,"No positive-completion row at award levels 7/17/18/19 for any configured primary or secondary CIP in C2022_A, C2023_A, or C2024_A.",https://nces.ed.gov/ipeds/datacenter/DataFiles.aspx,medium,No,2026-09-09
us:ipeds:441636,American Institute of Alternative Medicine,United States,,,mechanical_program_screening,No configured primary or secondary CIP completion signal in the three frozen IPEDS graduate first-major completions files; catalog-only and new programs remain a known gap.,"No positive-completion row at award levels 7/17/18/19 for any configured primary or secondary CIP in C2022_A, C2023_A, or C2024_A.",https://nces.ed.gov/ipeds/datacenter/DataFiles.aspx,medium,No,2026-09-09
us:ipeds:441690,Universidad Pentecostal Mizpa,United States,,,mechanical_program_screening,No configured primary or secondary CIP completion signal in the three frozen IPEDS graduate first-major completions files; catalog-only and new programs remain a known gap.,"No positive-completion row at award levels 7/17/18/19 for any configured primary or secondary CIP in C2022_A, C2023_A, or C2024_A.",https://nces.ed.gov/ipeds/datacenter/DataFiles.aspx,medium,No,2026-09-09
us:ipeds:441900,Nevada State University,United States,,,mechanical_program_screening,No configured primary or secondary CIP completion signal in the three frozen IPEDS graduate first-major completions files; catalog-only and new programs remain a known gap.,"No positive-completion row at award levels 7/17/18/19 for any configured primary or secondary CIP in C2022_A, C2023_A, or C2024_A.",https://nces.ed.gov/ipeds/datacenter/DataFiles.aspx,medium,No,2026-09-09
us:ipeds:442064,Won Institute of Graduate Studies,United States,,,mechanical_program_screening,No configured primary or secondary CIP completion signal in the three frozen IPEDS graduate first-major completions files; catalog-only and new programs remain a known gap.,"No positive-completion row at award levels 7/17/18/19 for any configured primary or secondary CIP in C2022_A, C2023_A, or C2024_A.",https://nces.ed.gov/ipeds/datacenter/DataFiles.aspx,medium,No,2026-09-09
us:ipeds:442295,Ave Maria School of Law,United States,,,mechanical_program_screening,No configured primary or secondary CIP completion signal in the three frozen IPEDS graduate first-major completions files; catalog-only and new programs remain a known gap.,"No positive-completion row at award levels 7/17/18/19 for any configured primary or secondary CIP in C2022_A, C2023_A, or C2024_A.",https://nces.ed.gov/ipeds/datacenter/DataFiles.aspx,medium,No,2026-09-09
us:ipeds:442356,Saint Joseph's University - Lancaster,United States,,,mechanical_program_screening,No configured primary or secondary CIP completion signal in the three frozen IPEDS graduate first-major completions files; catalog-only and new programs remain a known gap.,"No positive-completion row at award levels 7/17/18/19 for any configured primary or secondary CIP in C2022_A, C2023_A, or C2024_A.",https://nces.ed.gov/ipeds/datacenter/DataFiles.aspx,medium,No,2026-09-09
us:ipeds:442426,St Louis College of Health Careers-Fenton,United States,,,mechanical_program_screening,No configured primary or secondary CIP completion signal in the three frozen IPEDS graduate first-major completions files; catalog-only and new programs remain a known gap.,"No positive-completion row at award levels 7/17/18/19 for any configured primary or secondary CIP in C2022_A, C2023_A, or C2024_A.",https://nces.ed.gov/ipeds/datacenter/DataFiles.aspx,medium,No,2026-09-09
us:ipeds:442639,University of the Potomac-VA Campus,United States,,,mechanical_program_screening,No configured primary or secondary CIP completion signal in the three frozen IPEDS graduate first-major completions files; catalog-only and new programs remain a known gap.,"No positive-completion row at award levels 7/17/18/19 for any configured primary or secondary CIP in C2022_A, C2023_A, or C2024_A.",https://nces.ed.gov/ipeds/datacenter/DataFiles.aspx,medium,No,2026-09-09
us:ipeds:442806,Edward Via College of Osteopathic Medicine,United States,,,mechanical_program_screening,No configured primary or secondary CIP completion signal in the three frozen IPEDS graduate first-major completions files; catalog-only and new programs remain a known gap.,"No positive-completion row at award levels 7/17/18/19 for any configured primary or secondary CIP in C2022_A, C2023_A, or C2024_A.",https://nces.ed.gov/ipeds/datacenter/DataFiles.aspx,medium,No,2026-09-09
us:ipeds:442842,Pacific College of Health and Science,United States,,,mechanical_program_screening,No configured primary or secondary CIP completion signal in the three frozen IPEDS graduate first-major completions files; catalog-only and new programs remain a known gap.,"No positive-completion row at award levels 7/17/18/19 for any configured primary or secondary CIP in C2022_A, C2023_A, or C2024_A.",https://nces.ed.gov/ipeds/datacenter/DataFiles.aspx,medium,No,2026-09-09
us:ipeds:443049,Faith International University,United States,,,mechanical_program_screening,No configured primary or secondary CIP completion signal in the three frozen IPEDS graduate first-major completions files; catalog-only and new programs remain a known gap.,"No positive-completion row at award levels 7/17/18/19 for any configured primary or secondary CIP in C2022_A, C2023_A, or C2024_A.",https://nces.ed.gov/ipeds/datacenter/DataFiles.aspx,medium,No,2026-09-09
us:ipeds:443058,Family of Faith Christian University,United States,,,mechanical_program_screening,No configured primary or secondary CIP completion signal in the three frozen IPEDS graduate first-major completions files; catalog-only and new programs remain a known gap.,"No positive-completion row at award levels 7/17/18/19 for any configured primary or secondary CIP in C2022_A, C2023_A, or C2024_A.",https://nces.ed.gov/ipeds/datacenter/DataFiles.aspx,medium,No,2026-09-09
us:ipeds:443076,Hood Theological Seminary,United States,,,mechanical_program_screening,No configured primary or secondary CIP completion signal in the three frozen IPEDS graduate first-major completions files; catalog-only and new programs remain a known gap.,"No positive-completion row at award levels 7/17/18/19 for any configured primary or secondary CIP in C2022_A, C2023_A, or C2024_A.",https://nces.ed.gov/ipeds/datacenter/DataFiles.aspx,medium,No,2026-09-09
us:ipeds:443340,Williamson Christian College,United States,,,mechanical_program_screening,No configured primary or secondary CIP completion signal in the three frozen IPEDS graduate first-major completions files; catalog-only and new programs remain a known gap.,"No positive-completion row at award levels 7/17/18/19 for any configured primary or secondary CIP in C2022_A, C2023_A, or C2024_A.",https://nces.ed.gov/ipeds/datacenter/DataFiles.aspx,medium,No,2026-09-09
us:ipeds:443410,DigiPen Institute of Technology,United States,,,mechanical_program_screening,No configured primary or secondary CIP completion signal in the three frozen IPEDS graduate first-major completions files; catalog-only and new programs remain a known gap.,"No positive-completion row at award levels 7/17/18/19 for any configured primary or secondary CIP in C2022_A, C2023_A, or C2024_A.",https://nces.ed.gov/ipeds/datacenter/DataFiles.aspx,medium,No,2026-09-09
us:ipeds:443562,Dewey University-Hato Rey,United States,,,mechanical_program_screening,No configured primary or secondary CIP completion signal in the three frozen IPEDS graduate first-major completions files; catalog-only and new programs remain a known gap.,"No positive-completion row at award levels 7/17/18/19 for any configured primary or secondary CIP in C2022_A, C2023_A, or C2024_A.",https://nces.ed.gov/ipeds/datacenter/DataFiles.aspx,medium,No,2026-09-09
us:ipeds:443599,American College of Healthcare Sciences,United States,,,mechanical_program_screening,No configured primary or secondary CIP completion signal in the three frozen IPEDS graduate first-major completions files; catalog-only and new programs remain a known gap.,"No positive-completion row at award levels 7/17/18/19 for any configured primary or secondary CIP in C2022_A, C2023_A, or C2024_A.",https://nces.ed.gov/ipeds/datacenter/DataFiles.aspx,medium,No,2026-09-09
us:ipeds:443702,"Bexley Hall Seabury Western Theological Seminary Federation, Inc.",United States,,,mechanical_program_screening,No configured primary or secondary CIP completion signal in the three frozen IPEDS graduate first-major completions files; catalog-only and new programs remain a known gap.,"No positive-completion row at award levels 7/17/18/19 for any configured primary or secondary CIP in C2022_A, C2023_A, or C2024_A.",https://nces.ed.gov/ipeds/datacenter/DataFiles.aspx,medium,No,2026-09-09
us:ipeds:443711,University of North Texas System,United States,,,mechanical_program_screening,No configured primary or secondary CIP completion signal in the three frozen IPEDS graduate first-major completions files; catalog-only and new programs remain a known gap.,"No positive-completion row at award levels 7/17/18/19 for any configured primary or secondary CIP in C2022_A, C2023_A, or C2024_A.",https://nces.ed.gov/ipeds/datacenter/DataFiles.aspx,medium,No,2026-09-09
us:ipeds:444103,Byzantine Catholic Seminary of Saints Cyril and Methodius,United States,,,mechanical_program_screening,No configured primary or secondary CIP completion signal in the three frozen IPEDS graduate first-major completions files; catalog-only and new programs remain a known gap.,"No positive-completion row at award levels 7/17/18/19 for any configured primary or secondary CIP in C2022_A, C2023_A, or C2024_A.",https://nces.ed.gov/ipeds/datacenter/DataFiles.aspx,medium,No,2026-09-09
us:ipeds:444398,Baptist University of the Americas,United States,,,mechanical_program_screening,No configured primary or secondary CIP completion signal in the three frozen IPEDS graduate first-major completions files; catalog-only and new programs remain a known gap.,"No positive-completion row at award levels 7/17/18/19 for any configured primary or secondary CIP in C2022_A, C2023_A, or C2024_A.",https://nces.ed.gov/ipeds/datacenter/DataFiles.aspx,medium,No,2026-09-09
us:ipeds:444699,Institute of Clinical Acupuncture & Oriental Medicine,United States,,,mechanical_program_screening,No configured primary or secondary CIP completion signal in the three frozen IPEDS graduate first-major completions files; catalog-only and new programs remain a known gap.,"No positive-completion row at award levels 7/17/18/19 for any configured primary or secondary CIP in C2022_A, C2023_A, or C2024_A.",https://nces.ed.gov/ipeds/datacenter/DataFiles.aspx,medium,No,2026-09-09
us:ipeds:444778,Charlotte Christian College and Theological Seminary,United States,,,mechanical_program_screening,No configured primary or secondary CIP completion signal in the three frozen IPEDS graduate first-major completions files; catalog-only and new programs remain a known gap.,"No positive-completion row at award levels 7/17/18/19 for any configured primary or secondary CIP in C2022_A, C2023_A, or C2024_A.",https://nces.ed.gov/ipeds/datacenter/DataFiles.aspx,medium,No,2026-09-09
us:ipeds:444787,Nightingale College,United States,,,mechanical_program_screening,No configured primary or secondary CIP completion signal in the three frozen IPEDS graduate first-major completions files; catalog-only and new programs remain a known gap.,"No positive-completion row at award levels 7/17/18/19 for any configured primary or secondary CIP in C2022_A, C2023_A, or C2024_A.",https://nces.ed.gov/ipeds/datacenter/DataFiles.aspx,medium,No,2026-09-09
us:ipeds:445267,Central Methodist University-College of Graduate and Extended Studies,United States,,,mechanical_program_screening,No configured primary or secondary CIP completion signal in the three frozen IPEDS graduate first-major completions files; catalog-only and new programs remain a known gap.,"No positive-completion row at award levels 7/17/18/19 for any configured primary or secondary CIP in C2022_A, C2023_A, or C2024_A.",https://nces.ed.gov/ipeds/datacenter/DataFiles.aspx,medium,No,2026-09-09
us:ipeds:445692,Neumont College of Computer Science,United States,,,mechanical_program_screening,No configured primary or secondary CIP completion signal in the three frozen IPEDS graduate first-major completions files; catalog-only and new programs remain a known gap.,"No positive-completion row at award levels 7/17/18/19 for any configured primary or secondary CIP in C2022_A, C2023_A, or C2024_A.",https://nces.ed.gov/ipeds/datacenter/DataFiles.aspx,medium,No,2026-09-09
us:ipeds:445735,Roseman University of Health Sciences,United States,,,mechanical_program_screening,No configured primary or secondary CIP completion signal in the three frozen IPEDS graduate first-major completions files; catalog-only and new programs remain a known gap.,"No positive-completion row at award levels 7/17/18/19 for any configured primary or secondary CIP in C2022_A, C2023_A, or C2024_A.",https://nces.ed.gov/ipeds/datacenter/DataFiles.aspx,medium,No,2026-09-09
us:ipeds:445869,Divine Mercy University,United States,,,mechanical_program_screening,No configured primary or secondary CIP completion signal in the three frozen IPEDS graduate first-major completions files; catalog-only and new programs remain a known gap.,"No positive-completion row at award levels 7/17/18/19 for any configured primary or secondary CIP in C2022_A, C2023_A, or C2024_A.",https://nces.ed.gov/ipeds/datacenter/DataFiles.aspx,medium,No,2026-09-09
us:ipeds:446002,American Academy of Health and Wellness,United States,,,mechanical_program_screening,No configured primary or secondary CIP completion signal in the three frozen IPEDS graduate first-major completions files; catalog-only and new programs remain a known gap.,"No positive-completion row at award levels 7/17/18/19 for any configured primary or secondary CIP in C2022_A, C2023_A, or C2024_A.",https://nces.ed.gov/ipeds/datacenter/DataFiles.aspx,medium,No,2026-09-09
us:ipeds:446039,Arizona School of Acupuncture and Oriental Medicine,United States,,,mechanical_program_screening,No configured primary or secondary CIP completion signal in the three frozen IPEDS graduate first-major completions files; catalog-only and new programs remain a known gap.,"No positive-completion row at award levels 7/17/18/19 for any configured primary or secondary CIP in C2022_A, C2023_A, or C2024_A.",https://nces.ed.gov/ipeds/datacenter/DataFiles.aspx,medium,No,2026-09-09
us:ipeds:446048,Ave Maria University,United States,,,mechanical_program_screening,No configured primary or secondary CIP completion signal in the three frozen IPEDS graduate first-major completions files; catalog-only and new programs remain a known gap.,"No positive-completion row at award levels 7/17/18/19 for any configured primary or secondary CIP in C2022_A, C2023_A, or C2024_A.",https://nces.ed.gov/ipeds/datacenter/DataFiles.aspx,medium,No,2026-09-09
us:ipeds:446224,Eastern School of Acupuncture and Traditional Medicine,United States,,,mechanical_program_screening,No configured primary or secondary CIP completion signal in the three frozen IPEDS graduate first-major completions files; catalog-only and new programs remain a known gap.,"No positive-completion row at award levels 7/17/18/19 for any configured primary or secondary CIP in C2022_A, C2023_A, or C2024_A.",https://nces.ed.gov/ipeds/datacenter/DataFiles.aspx,medium,No,2026-09-09
us:ipeds:446233,Ecclesia College,United States,,,mechanical_program_screening,No configured primary or secondary CIP completion signal in the three frozen IPEDS graduate first-major completions files; catalog-only and new programs remain a known gap.,"No positive-completion row at award levels 7/17/18/19 for any configured primary or secondary CIP in C2022_A, C2023_A, or C2024_A.",https://nces.ed.gov/ipeds/datacenter/DataFiles.aspx,medium,No,2026-09-09
us:ipeds:446385,Los Angeles College of Music,United States,,,mechanical_program_screening,No configured primary or secondary CIP completion signal in the three frozen IPEDS graduate first-major completions files; catalog-only and new programs remain a known gap.,"No positive-completion row at award levels 7/17/18/19 for any configured primary or secondary CIP in C2022_A, C2023_A, or C2024_A.",https://nces.ed.gov/ipeds/datacenter/DataFiles.aspx,medium,No,2026-09-09
us:ipeds:446561,Stanbridge University,United States,,,mechanical_program_screening,No configured primary or secondary CIP completion signal in the three frozen IPEDS graduate first-major completions files; catalog-only and new programs remain a known gap.,"No positive-completion row at award levels 7/17/18/19 for any configured primary or secondary CIP in C2022_A, C2023_A, or C2024_A.",https://nces.ed.gov/ipeds/datacenter/DataFiles.aspx,medium,No,2026-09-09
us:ipeds:446978,Colorado State University-System Office,United States,,,mechanical_program_screening,No configured primary or secondary CIP completion signal in the three frozen IPEDS graduate first-major completions files; catalog-only and new programs remain a known gap.,"No positive-completion row at award levels 7/17/18/19 for any configured primary or secondary CIP in C2022_A, C2023_A, or C2024_A.",https://nces.ed.gov/ipeds/datacenter/DataFiles.aspx,medium,No,2026-09-09
us:ipeds:447050,United States University,United States,,,mechanical_program_screening,No configured primary or secondary CIP completion signal in the three frozen IPEDS graduate first-major completions files; catalog-only and new programs remain a known gap.,"No positive-completion row at award levels 7/17/18/19 for any configured primary or secondary CIP in C2022_A, C2023_A, or C2024_A.",https://nces.ed.gov/ipeds/datacenter/DataFiles.aspx,medium,No,2026-09-09
us:ipeds:447263,Joyce University of Nursing and Health Sciences,United States,,,mechanical_program_screening,No configured primary or secondary CIP completion signal in the three frozen IPEDS graduate first-major completions files; catalog-only and new programs remain a known gap.,"No positive-completion row at award levels 7/17/18/19 for any configured primary or secondary CIP in C2022_A, C2023_A, or C2024_A.",https://nces.ed.gov/ipeds/datacenter/DataFiles.aspx,medium,No,2026-09-09
us:ipeds:447698,Phoenix Institute of Herbal Medicine & Acupuncture,United States,,,mechanical_program_screening,No configured primary or secondary CIP completion signal in the three frozen IPEDS graduate first-major completions files; catalog-only and new programs remain a known gap.,"No positive-completion row at award levels 7/17/18/19 for any configured primary or secondary CIP in C2022_A, C2023_A, or C2024_A.",https://nces.ed.gov/ipeds/datacenter/DataFiles.aspx,medium,No,2026-09-09
us:ipeds:447801,University of East-West Medicine,United States,,,mechanical_program_screening,No configured primary or secondary CIP completion signal in the three frozen IPEDS graduate first-major completions files; catalog-only and new programs remain a known gap.,"No positive-completion row at award levels 7/17/18/19 for any configured primary or secondary CIP in C2022_A, C2023_A, or C2024_A.",https://nces.ed.gov/ipeds/datacenter/DataFiles.aspx,medium,No,2026-09-09
us:ipeds:447953,SUM Bible College and Theological Seminary,United States,,,mechanical_program_screening,No configured primary or secondary CIP completion signal in the three frozen IPEDS graduate first-major completions files; catalog-only and new programs remain a known gap.,"No positive-completion row at award levels 7/17/18/19 for any configured primary or secondary CIP in C2022_A, C2023_A, or C2024_A.",https://nces.ed.gov/ipeds/datacenter/DataFiles.aspx,medium,No,2026-09-09
us:ipeds:448336,Arkansas State University System,United States,,,mechanical_program_screening,No configured primary or secondary CIP completion signal in the three frozen IPEDS graduate first-major completions files; catalog-only and new programs remain a known gap.,"No positive-completion row at award levels 7/17/18/19 for any configured primary or secondary CIP in C2022_A, C2023_A, or C2024_A.",https://nces.ed.gov/ipeds/datacenter/DataFiles.aspx,medium,No,2026-09-09
us:ipeds:448691,International Institute for Restorative Practices,United States,,,mechanical_program_screening,No configured primary or secondary CIP completion signal in the three frozen IPEDS graduate first-major completions files; catalog-only and new programs remain a known gap.,"No positive-completion row at award levels 7/17/18/19 for any configured primary or secondary CIP in C2022_A, C2023_A, or C2024_A.",https://nces.ed.gov/ipeds/datacenter/DataFiles.aspx,medium,No,2026-09-09
us:ipeds:449348,Huntsville Bible College,United States,,,mechanical_program_screening,No configured primary or secondary CIP completion signal in the three frozen IPEDS graduate first-major completions files; catalog-only and new programs remain a known gap.,"No positive-completion row at award levels 7/17/18/19 for any configured primary or secondary CIP in C2022_A, C2023_A, or C2024_A.",https://nces.ed.gov/ipeds/datacenter/DataFiles.aspx,medium,No,2026-09-09
us:ipeds:449481,Dragon Rises College of Oriental Medicine,United States,,,mechanical_program_screening,No configured primary or secondary CIP completion signal in the three frozen IPEDS graduate first-major completions files; catalog-only and new programs remain a known gap.,"No positive-completion row at award levels 7/17/18/19 for any configured primary or secondary CIP in C2022_A, C2023_A, or C2024_A.",https://nces.ed.gov/ipeds/datacenter/DataFiles.aspx,medium,No,2026-09-09
us:ipeds:449764,Visible Music College,United States,,,mechanical_program_screening,No configured primary or secondary CIP completion signal in the three frozen IPEDS graduate first-major completions files; catalog-only and new programs remain a known gap.,"No positive-completion row at award levels 7/17/18/19 for any configured primary or secondary CIP in C2022_A, C2023_A, or C2024_A.",https://nces.ed.gov/ipeds/datacenter/DataFiles.aspx,medium,No,2026-09-09
us:ipeds:449834,Virginia Beach Theological Seminary,United States,,,mechanical_program_screening,No configured primary or secondary CIP completion signal in the three frozen IPEDS graduate first-major completions files; catalog-only and new programs remain a known gap.,"No positive-completion row at award levels 7/17/18/19 for any configured primary or secondary CIP in C2022_A, C2023_A, or C2024_A.",https://nces.ed.gov/ipeds/datacenter/DataFiles.aspx,medium,No,2026-09-09
us:ipeds:449889,American College of Education,United States,,,mechanical_program_screening,No configured primary or secondary CIP completion signal in the three frozen IPEDS graduate first-major completions files; catalog-only and new programs remain a known gap.,"No positive-completion row at award levels 7/17/18/19 for any configured primary or secondary CIP in C2022_A, C2023_A, or C2024_A.",https://nces.ed.gov/ipeds/datacenter/DataFiles.aspx,medium,No,2026-09-09
us:ipeds:449922,Appalachian College of Pharmacy,United States,,,mechanical_program_screening,No configured primary or secondary CIP completion signal in the three frozen IPEDS graduate first-major completions files; catalog-only and new programs remain a known gap.,"No positive-completion row at award levels 7/17/18/19 for any configured primary or secondary CIP in C2022_A, C2023_A, or C2024_A.",https://nces.ed.gov/ipeds/datacenter/DataFiles.aspx,medium,No,2026-09-09
us:ipeds:450304,Brite Divinity School,United States,,,mechanical_program_screening,No configured primary or secondary CIP completion signal in the three frozen IPEDS graduate first-major completions files; catalog-only and new programs remain a known gap.,"No positive-completion row at award levels 7/17/18/19 for any configured primary or secondary CIP in C2022_A, C2023_A, or C2024_A.",https://nces.ed.gov/ipeds/datacenter/DataFiles.aspx,medium,No,2026-09-09
us:ipeds:451079,Academy for Five Element Acupuncture,United States,,,mechanical_program_screening,No configured primary or secondary CIP completion signal in the three frozen IPEDS graduate first-major completions files; catalog-only and new programs remain a known gap.,"No positive-completion row at award levels 7/17/18/19 for any configured primary or secondary CIP in C2022_A, C2023_A, or C2024_A.",https://nces.ed.gov/ipeds/datacenter/DataFiles.aspx,medium,No,2026-09-09
us:ipeds:451103,Miami Regional University,United States,,,mechanical_program_screening,No configured primary or secondary CIP completion signal in the three frozen IPEDS graduate first-major completions files; catalog-only and new programs remain a known gap.,"No positive-completion row at award levels 7/17/18/19 for any configured primary or secondary CIP in C2022_A, C2023_A, or C2024_A.",https://nces.ed.gov/ipeds/datacenter/DataFiles.aspx,medium,No,2026-09-09
us:ipeds:451510,Charleston School of Law,United States,,,mechanical_program_screening,No configured primary or secondary CIP completion signal in the three frozen IPEDS graduate first-major completions files; catalog-only and new programs remain a known gap.,"No positive-completion row at award levels 7/17/18/19 for any configured primary or secondary CIP in C2022_A, C2023_A, or C2024_A.",https://nces.ed.gov/ipeds/datacenter/DataFiles.aspx,medium,No,2026-09-09
us:ipeds:451556,Southwest University at El Paso,United States,,,mechanical_program_screening,No configured primary or secondary CIP completion signal in the three frozen IPEDS graduate first-major completions files; catalog-only and new programs remain a known gap.,"No positive-completion row at award levels 7/17/18/19 for any configured primary or secondary CIP in C2022_A, C2023_A, or C2024_A.",https://nces.ed.gov/ipeds/datacenter/DataFiles.aspx,medium,No,2026-09-09
us:ipeds:454218,Chamberlain University-Administrative Office,United States,,,mechanical_program_screening,No configured primary or secondary CIP completion signal in the three frozen IPEDS graduate first-major completions files; catalog-only and new programs remain a known gap.,"No positive-completion row at award levels 7/17/18/19 for any configured primary or secondary CIP in C2022_A, C2023_A, or C2024_A.",https://nces.ed.gov/ipeds/datacenter/DataFiles.aspx,medium,No,2026-09-09
us:ipeds:454227,Chamberlain University-Illinois,United States,,,mechanical_program_screening,No configured primary or secondary CIP completion signal in the three frozen IPEDS graduate first-major completions files; catalog-only and new programs remain a known gap.,"No positive-completion row at award levels 7/17/18/19 for any configured primary or secondary CIP in C2022_A, C2023_A, or C2024_A.",https://nces.ed.gov/ipeds/datacenter/DataFiles.aspx,medium,No,2026-09-09
us:ipeds:454689,Taft University System,United States,,,mechanical_program_screening,No configured primary or secondary CIP completion signal in the three frozen IPEDS graduate first-major completions files; catalog-only and new programs remain a known gap.,"No positive-completion row at award levels 7/17/18/19 for any configured primary or secondary CIP in C2022_A, C2023_A, or C2024_A.",https://nces.ed.gov/ipeds/datacenter/DataFiles.aspx,medium,No,2026-09-09
us:ipeds:454838,Institute of Taoist Education and Acupuncture,United States,,,mechanical_program_screening,No configured primary or secondary CIP completion signal in the three frozen IPEDS graduate first-major completions files; catalog-only and new programs remain a known gap.,"No positive-completion row at award levels 7/17/18/19 for any configured primary or secondary CIP in C2022_A, C2023_A, or C2024_A.",https://nces.ed.gov/ipeds/datacenter/DataFiles.aspx,medium,No,2026-09-09
us:ipeds:454856,Denver College of Nursing,United States,,,mechanical_program_screening,No configured primary or secondary CIP completion signal in the three frozen IPEDS graduate first-major completions files; catalog-only and new programs remain a known gap.,"No positive-completion row at award levels 7/17/18/19 for any configured primary or secondary CIP in C2022_A, C2023_A, or C2024_A.",https://nces.ed.gov/ipeds/datacenter/DataFiles.aspx,medium,No,2026-09-09
us:ipeds:454865,Cambridge College of Healthcare & Technology,United States,,,mechanical_program_screening,No configured primary or secondary CIP completion signal in the three frozen IPEDS graduate first-major completions files; catalog-only and new programs remain a known gap.,"No positive-completion row at award levels 7/17/18/19 for any configured primary or secondary CIP in C2022_A, C2023_A, or C2024_A.",https://nces.ed.gov/ipeds/datacenter/DataFiles.aspx,medium,No,2026-09-09
us:ipeds:455099,Urshan Graduate School of Theology,United States,,,mechanical_program_screening,No configured primary or secondary CIP completion signal in the three frozen IPEDS graduate first-major completions files; catalog-only and new programs remain a known gap.,"No positive-completion row at award levels 7/17/18/19 for any configured primary or secondary CIP in C2022_A, C2023_A, or C2024_A.",https://nces.ed.gov/ipeds/datacenter/DataFiles.aspx,medium,No,2026-09-09
us:ipeds:455178,Daoist Traditions College of Chinese Medical Arts,United States,,,mechanical_program_screening,No configured primary or secondary CIP completion signal in the three frozen IPEDS graduate first-major completions files; catalog-only and new programs remain a known gap.,"No positive-completion row at award levels 7/17/18/19 for any configured primary or secondary CIP in C2022_A, C2023_A, or C2024_A.",https://nces.ed.gov/ipeds/datacenter/DataFiles.aspx,medium,No,2026-09-09
us:ipeds:455406,Pacific Northwest University of Health Sciences,United States,,,mechanical_program_screening,No configured primary or secondary CIP completion signal in the three frozen IPEDS graduate first-major completions files; catalog-only and new programs remain a known gap.,"No positive-completion row at award levels 7/17/18/19 for any configured primary or secondary CIP in C2022_A, C2023_A, or C2024_A.",https://nces.ed.gov/ipeds/datacenter/DataFiles.aspx,medium,No,2026-09-09
us:ipeds:455433,The Chicago School at Anaheim,United States,,,mechanical_program_screening,No configured primary or secondary CIP completion signal in the three frozen IPEDS graduate first-major completions files; catalog-only and new programs remain a known gap.,"No positive-completion row at award levels 7/17/18/19 for any configured primary or secondary CIP in C2022_A, C2023_A, or C2024_A.",https://nces.ed.gov/ipeds/datacenter/DataFiles.aspx,medium,No,2026-09-09
us:ipeds:455664,The Chicago School at Los Angeles,United States,,,mechanical_program_screening,No configured primary or secondary CIP completion signal in the three frozen IPEDS graduate first-major completions files; catalog-only and new programs remain a known gap.,"No positive-completion row at award levels 7/17/18/19 for any configured primary or secondary CIP in C2022_A, C2023_A, or C2024_A.",https://nces.ed.gov/ipeds/datacenter/DataFiles.aspx,medium,No,2026-09-09
us:ipeds:455804,Institute of World Politics,United States,,,mechanical_program_screening,No configured primary or secondary CIP completion signal in the three frozen IPEDS graduate first-major completions files; catalog-only and new programs remain a known gap.,"No positive-completion row at award levels 7/17/18/19 for any configured primary or secondary CIP in C2022_A, C2023_A, or C2024_A.",https://nces.ed.gov/ipeds/datacenter/DataFiles.aspx,medium,No,2026-09-09
us:ipeds:455813,Pontifical John Paul II Institute for Studies on Marriage and Family,United States,,,mechanical_program_screening,No configured primary or secondary CIP completion signal in the three frozen IPEDS graduate first-major completions files; catalog-only and new programs remain a known gap.,"No positive-completion row at award levels 7/17/18/19 for any configured primary or secondary CIP in C2022_A, C2023_A, or C2024_A.",https://nces.ed.gov/ipeds/datacenter/DataFiles.aspx,medium,No,2026-09-09
us:ipeds:455992,Vermont College of Fine Arts,United States,,,mechanical_program_screening,No configured primary or secondary CIP completion signal in the three frozen IPEDS graduate first-major completions files; catalog-only and new programs remain a known gap.,"No positive-completion row at award levels 7/17/18/19 for any configured primary or secondary CIP in C2022_A, C2023_A, or C2024_A.",https://nces.ed.gov/ipeds/datacenter/DataFiles.aspx,medium,No,2026-09-09
us:ipeds:456481,Polytechnic University of Puerto Rico-Miami,United States,,,mechanical_program_screening,No configured primary or secondary CIP completion signal in the three frozen IPEDS graduate first-major completions files; catalog-only and new programs remain a known gap.,"No positive-completion row at award levels 7/17/18/19 for any configured primary or secondary CIP in C2022_A, C2023_A, or C2024_A.",https://nces.ed.gov/ipeds/datacenter/DataFiles.aspx,medium,No,2026-09-09
us:ipeds:456490,Polytechnic University of Puerto Rico-Orlando,United States,,,mechanical_program_screening,No configured primary or secondary CIP completion signal in the three frozen IPEDS graduate first-major completions files; catalog-only and new programs remain a known gap.,"No positive-completion row at award levels 7/17/18/19 for any configured primary or secondary CIP in C2022_A, C2023_A, or C2024_A.",https://nces.ed.gov/ipeds/datacenter/DataFiles.aspx,medium,No,2026-09-09
us:ipeds:456542,Geisinger Commonwealth School of Medicine,United States,,,mechanical_program_screening,No configured primary or secondary CIP completion signal in the three frozen IPEDS graduate first-major completions files; catalog-only and new programs remain a known gap.,"No positive-completion row at award levels 7/17/18/19 for any configured primary or secondary CIP in C2022_A, C2023_A, or C2024_A.",https://nces.ed.gov/ipeds/datacenter/DataFiles.aspx,medium,No,2026-09-09
us:ipeds:457086,Homestead Schools,United States,,,mechanical_program_screening,No configured primary or secondary CIP completion signal in the three frozen IPEDS graduate first-major completions files; catalog-only and new programs remain a known gap.,"No positive-completion row at award levels 7/17/18/19 for any configured primary or secondary CIP in C2022_A, C2023_A, or C2024_A.",https://nces.ed.gov/ipeds/datacenter/DataFiles.aspx,medium,No,2026-09-09
us:ipeds:457226,Horizon University,United States,,,mechanical_program_screening,No configured primary or secondary CIP completion signal in the three frozen IPEDS graduate first-major completions files; catalog-only and new programs remain a known gap.,"No positive-completion row at award levels 7/17/18/19 for any configured primary or secondary CIP in C2022_A, C2023_A, or C2024_A.",https://nces.ed.gov/ipeds/datacenter/DataFiles.aspx,medium,No,2026-09-09
us:ipeds:457271,Academy for Jewish Religion California,United States,,,mechanical_program_screening,No configured primary or secondary CIP completion signal in the three frozen IPEDS graduate first-major completions files; catalog-only and new programs remain a known gap.,"No positive-completion row at award levels 7/17/18/19 for any configured primary or secondary CIP in C2022_A, C2023_A, or C2024_A.",https://nces.ed.gov/ipeds/datacenter/DataFiles.aspx,medium,No,2026-09-09
us:ipeds:457299,Angeles College,United States,,,mechanical_program_screening,No configured primary or secondary CIP completion signal in the three frozen IPEDS graduate first-major completions files; catalog-only and new programs remain a known gap.,"No positive-completion row at award levels 7/17/18/19 for any configured primary or secondary CIP in C2022_A, C2023_A, or C2024_A.",https://nces.ed.gov/ipeds/datacenter/DataFiles.aspx,medium,No,2026-09-09
us:ipeds:457402,University of Fort Lauderdale,United States,,,mechanical_program_screening,No configured primary or secondary CIP completion signal in the three frozen IPEDS graduate first-major completions files; catalog-only and new programs remain a known gap.,"No positive-completion row at award levels 7/17/18/19 for any configured primary or secondary CIP in C2022_A, C2023_A, or C2024_A.",https://nces.ed.gov/ipeds/datacenter/DataFiles.aspx,medium,No,2026-09-09
us:ipeds:457484,Pacific Rim Christian University,United States,,,mechanical_program_screening,No configured primary or secondary CIP completion signal in the three frozen IPEDS graduate first-major completions files; catalog-only and new programs remain a known gap.,"No positive-completion row at award levels 7/17/18/19 for any configured primary or secondary CIP in C2022_A, C2023_A, or C2024_A.",https://nces.ed.gov/ipeds/datacenter/DataFiles.aspx,medium,No,2026-09-09
us:ipeds:457697,City Vision University,United States,,,mechanical_program_screening,No configured primary or secondary CIP completion signal in the three frozen IPEDS graduate first-major completions files; catalog-only and new programs remain a known gap.,"No positive-completion row at award levels 7/17/18/19 for any configured primary or secondary CIP in C2022_A, C2023_A, or C2024_A.",https://nces.ed.gov/ipeds/datacenter/DataFiles.aspx,medium,No,2026-09-09
us:ipeds:458210,West Coast University-Orange County,United States,,,mechanical_program_screening,No configured primary or secondary CIP completion signal in the three frozen IPEDS graduate first-major completions files; catalog-only and new programs remain a known gap.,"No positive-completion row at award levels 7/17/18/19 for any configured primary or secondary CIP in C2022_A, C2023_A, or C2024_A.",https://nces.ed.gov/ipeds/datacenter/DataFiles.aspx,medium,No,2026-09-09
us:ipeds:458885,Strayer University-Arkansas,United States,,,mechanical_program_screening,No configured primary or secondary CIP completion signal in the three frozen IPEDS graduate first-major completions files; catalog-only and new programs remain a known gap.,"No positive-completion row at award levels 7/17/18/19 for any configured primary or secondary CIP in C2022_A, C2023_A, or C2024_A.",https://nces.ed.gov/ipeds/datacenter/DataFiles.aspx,medium,No,2026-09-09
us:ipeds:459213,Gurnick Academy of Medical Arts,United States,,,mechanical_program_screening,No configured primary or secondary CIP completion signal in the three frozen IPEDS graduate first-major completions files; catalog-only and new programs remain a known gap.,"No positive-completion row at award levels 7/17/18/19 for any configured primary or secondary CIP in C2022_A, C2023_A, or C2024_A.",https://nces.ed.gov/ipeds/datacenter/DataFiles.aspx,medium,No,2026-09-09
us:ipeds:459727,Touro University Worldwide,United States,,,mechanical_program_screening,No configured primary or secondary CIP completion signal in the three frozen IPEDS graduate first-major completions files; catalog-only and new programs remain a known gap.,"No positive-completion row at award levels 7/17/18/19 for any configured primary or secondary CIP in C2022_A, C2023_A, or C2024_A.",https://nces.ed.gov/ipeds/datacenter/DataFiles.aspx,medium,No,2026-09-09
us:ipeds:459736,Touro University California,United States,,,mechanical_program_screening,No configured primary or secondary CIP completion signal in the three frozen IPEDS graduate first-major completions files; catalog-only and new programs remain a known gap.,"No positive-completion row at award levels 7/17/18/19 for any configured primary or secondary CIP in C2022_A, C2023_A, or C2024_A.",https://nces.ed.gov/ipeds/datacenter/DataFiles.aspx,medium,No,2026-09-09
us:ipeds:459745,The Chicago School at Washington DC,United States,,,mechanical_program_screening,No configured primary or secondary CIP completion signal in the three frozen IPEDS graduate first-major completions files; catalog-only and new programs remain a known gap.,"No positive-completion row at award levels 7/17/18/19 for any configured primary or secondary CIP in C2022_A, C2023_A, or C2024_A.",https://nces.ed.gov/ipeds/datacenter/DataFiles.aspx,medium,No,2026-09-09
us:ipeds:459824,Touro University Nevada,United States,,,mechanical_program_screening,No configured primary or secondary CIP completion signal in the three frozen IPEDS graduate first-major completions files; catalog-only and new programs remain a known gap.,"No positive-completion row at award levels 7/17/18/19 for any configured primary or secondary CIP in C2022_A, C2023_A, or C2024_A.",https://nces.ed.gov/ipeds/datacenter/DataFiles.aspx,medium,No,2026-09-09
us:ipeds:459842,Herzing University-Kenosha,United States,,,mechanical_program_screening,No configured primary or secondary CIP completion signal in the three frozen IPEDS graduate first-major completions files; catalog-only and new programs remain a known gap.,"No positive-completion row at award levels 7/17/18/19 for any configured primary or secondary CIP in C2022_A, C2023_A, or C2024_A.",https://nces.ed.gov/ipeds/datacenter/DataFiles.aspx,medium,No,2026-09-09
us:ipeds:459851,Herzing University-Brookfield,United States,,,mechanical_program_screening,No configured primary or secondary CIP completion signal in the three frozen IPEDS graduate first-major completions files; catalog-only and new programs remain a known gap.,"No positive-completion row at award levels 7/17/18/19 for any configured primary or secondary CIP in C2022_A, C2023_A, or C2024_A.",https://nces.ed.gov/ipeds/datacenter/DataFiles.aspx,medium,No,2026-09-09
us:ipeds:460349,Johnson & Wales University-Online,United States,,,mechanical_program_screening,No configured primary or secondary CIP completion signal in the three frozen IPEDS graduate first-major completions files; catalog-only and new programs remain a known gap.,"No positive-completion row at award levels 7/17/18/19 for any configured primary or secondary CIP in C2022_A, C2023_A, or C2024_A.",https://nces.ed.gov/ipeds/datacenter/DataFiles.aspx,medium,No,2026-09-09
us:ipeds:461023,Crestpoint University,United States,,,mechanical_program_screening,No configured primary or secondary CIP completion signal in the three frozen IPEDS graduate first-major completions files; catalog-only and new programs remain a known gap.,"No positive-completion row at award levels 7/17/18/19 for any configured primary or secondary CIP in C2022_A, C2023_A, or C2024_A.",https://nces.ed.gov/ipeds/datacenter/DataFiles.aspx,medium,No,2026-09-09
us:ipeds:461032,Carolina College of Biblical Studies,United States,,,mechanical_program_screening,No configured primary or secondary CIP completion signal in the three frozen IPEDS graduate first-major completions files; catalog-only and new programs remain a known gap.,"No positive-completion row at award levels 7/17/18/19 for any configured primary or secondary CIP in C2022_A, C2023_A, or C2024_A.",https://nces.ed.gov/ipeds/datacenter/DataFiles.aspx,medium,No,2026-09-09
us:ipeds:461120,Omega Graduate School,United States,,,mechanical_program_screening,No configured primary or secondary CIP completion signal in the three frozen IPEDS graduate first-major completions files; catalog-only and new programs remain a known gap.,"No positive-completion row at award levels 7/17/18/19 for any configured primary or secondary CIP in C2022_A, C2023_A, or C2024_A.",https://nces.ed.gov/ipeds/datacenter/DataFiles.aspx,medium,No,2026-09-09
us:ipeds:461139,Jung Tao School of Classical Chinese Medicine,United States,,,mechanical_program_screening,No configured primary or secondary CIP completion signal in the three frozen IPEDS graduate first-major completions files; catalog-only and new programs remain a known gap.,"No positive-completion row at award levels 7/17/18/19 for any configured primary or secondary CIP in C2022_A, C2023_A, or C2024_A.",https://nces.ed.gov/ipeds/datacenter/DataFiles.aspx,medium,No,2026-09-09
us:ipeds:461148,New York Film Academy,United States,,,mechanical_program_screening,No configured primary or secondary CIP completion signal in the three frozen IPEDS graduate first-major completions files; catalog-only and new programs remain a known gap.,"No positive-completion row at award levels 7/17/18/19 for any configured primary or secondary CIP in C2022_A, C2023_A, or C2024_A.",https://nces.ed.gov/ipeds/datacenter/DataFiles.aspx,medium,No,2026-09-09
us:ipeds:461281,Jose Maria Vargas University,United States,,,mechanical_program_screening,No configured primary or secondary CIP completion signal in the three frozen IPEDS graduate first-major completions files; catalog-only and new programs remain a known gap.,"No positive-completion row at award levels 7/17/18/19 for any configured primary or secondary CIP in C2022_A, C2023_A, or C2024_A.",https://nces.ed.gov/ipeds/datacenter/DataFiles.aspx,medium,No,2026-09-09
us:ipeds:461485,Shepherds Theological Seminary,United States,,,mechanical_program_screening,No configured primary or secondary CIP completion signal in the three frozen IPEDS graduate first-major completions files; catalog-only and new programs remain a known gap.,"No positive-completion row at award levels 7/17/18/19 for any configured primary or secondary CIP in C2022_A, C2023_A, or C2024_A.",https://nces.ed.gov/ipeds/datacenter/DataFiles.aspx,medium,No,2026-09-09
us:ipeds:461528,Manna University,United States,,,mechanical_program_screening,No configured primary or secondary CIP completion signal in the three frozen IPEDS graduate first-major completions files; catalog-only and new programs remain a known gap.,"No positive-completion row at award levels 7/17/18/19 for any configured primary or secondary CIP in C2022_A, C2023_A, or C2024_A.",https://nces.ed.gov/ipeds/datacenter/DataFiles.aspx,medium,No,2026-09-09
us:ipeds:461759,Simmons College of Kentucky,United States,,,mechanical_program_screening,No configured primary or secondary CIP completion signal in the three frozen IPEDS graduate first-major completions files; catalog-only and new programs remain a known gap.,"No positive-completion row at award levels 7/17/18/19 for any configured primary or secondary CIP in C2022_A, C2023_A, or C2024_A.",https://nces.ed.gov/ipeds/datacenter/DataFiles.aspx,medium,No,2026-09-09
us:ipeds:461883,Millennia Atlantic University,United States,,,mechanical_program_screening,No configured primary or secondary CIP completion signal in the three frozen IPEDS graduate first-major completions files; catalog-only and new programs remain a known gap.,"No positive-completion row at award levels 7/17/18/19 for any configured primary or secondary CIP in C2022_A, C2023_A, or C2024_A.",https://nces.ed.gov/ipeds/datacenter/DataFiles.aspx,medium,No,2026-09-09
us:ipeds:462044,Institute for Doctoral Studies in the Visual Arts,United States,,,mechanical_program_screening,No configured primary or secondary CIP completion signal in the three frozen IPEDS graduate first-major completions files; catalog-only and new programs remain a known gap.,"No positive-completion row at award levels 7/17/18/19 for any configured primary or secondary CIP in C2022_A, C2023_A, or C2024_A.",https://nces.ed.gov/ipeds/datacenter/DataFiles.aspx,medium,No,2026-09-09
us:ipeds:474863,Los Angeles Pacific University,United States,,,mechanical_program_screening,No configured primary or secondary CIP completion signal in the three frozen IPEDS graduate first-major completions files; catalog-only and new programs remain a known gap.,"No positive-completion row at award levels 7/17/18/19 for any configured primary or secondary CIP in C2022_A, C2023_A, or C2024_A.",https://nces.ed.gov/ipeds/datacenter/DataFiles.aspx,medium,No,2026-09-09
us:ipeds:475033,Relay Graduate School of Education,United States,,,mechanical_program_screening,No configured primary or secondary CIP completion signal in the three frozen IPEDS graduate first-major completions files; catalog-only and new programs remain a known gap.,"No positive-completion row at award levels 7/17/18/19 for any configured primary or secondary CIP in C2022_A, C2023_A, or C2024_A.",https://nces.ed.gov/ipeds/datacenter/DataFiles.aspx,medium,No,2026-09-09
us:ipeds:475228,The Colleges of Law at Santa Barbara,United States,,,mechanical_program_screening,No configured primary or secondary CIP completion signal in the three frozen IPEDS graduate first-major completions files; catalog-only and new programs remain a known gap.,"No positive-completion row at award levels 7/17/18/19 for any configured primary or secondary CIP in C2022_A, C2023_A, or C2024_A.",https://nces.ed.gov/ipeds/datacenter/DataFiles.aspx,medium,No,2026-09-09
us:ipeds:475237,The University of America,United States,,,mechanical_program_screening,No configured primary or secondary CIP completion signal in the three frozen IPEDS graduate first-major completions files; catalog-only and new programs remain a known gap.,"No positive-completion row at award levels 7/17/18/19 for any configured primary or secondary CIP in C2022_A, C2023_A, or C2024_A.",https://nces.ed.gov/ipeds/datacenter/DataFiles.aspx,medium,No,2026-09-09
us:ipeds:475273,"Springfield College-Regional, Online, and Continuing Education",United States,,,mechanical_program_screening,No configured primary or secondary CIP completion signal in the three frozen IPEDS graduate first-major completions files; catalog-only and new programs remain a known gap.,"No positive-completion row at award levels 7/17/18/19 for any configured primary or secondary CIP in C2022_A, C2023_A, or C2024_A.",https://nces.ed.gov/ipeds/datacenter/DataFiles.aspx,medium,No,2026-09-09
us:ipeds:475398,Catholic International University,United States,,,mechanical_program_screening,No configured primary or secondary CIP completion signal in the three frozen IPEDS graduate first-major completions files; catalog-only and new programs remain a known gap.,"No positive-completion row at award levels 7/17/18/19 for any configured primary or secondary CIP in C2022_A, C2023_A, or C2024_A.",https://nces.ed.gov/ipeds/datacenter/DataFiles.aspx,medium,No,2026-09-09
us:ipeds:475495,Rocky Mountain University of Health Professions,United States,,,mechanical_program_screening,No configured primary or secondary CIP completion signal in the three frozen IPEDS graduate first-major completions files; catalog-only and new programs remain a known gap.,"No positive-completion row at award levels 7/17/18/19 for any configured primary or secondary CIP in C2022_A, C2023_A, or C2024_A.",https://nces.ed.gov/ipeds/datacenter/DataFiles.aspx,medium,No,2026-09-09
us:ipeds:475608,Criswell College,United States,,,mechanical_program_screening,No configured primary or secondary CIP completion signal in the three frozen IPEDS graduate first-major completions files; catalog-only and new programs remain a known gap.,"No positive-completion row at award levels 7/17/18/19 for any configured primary or secondary CIP in C2022_A, C2023_A, or C2024_A.",https://nces.ed.gov/ipeds/datacenter/DataFiles.aspx,medium,No,2026-09-09
us:ipeds:477039,West Coast University-Texas,United States,,,mechanical_program_screening,No configured primary or secondary CIP completion signal in the three frozen IPEDS graduate first-major completions files; catalog-only and new programs remain a known gap.,"No positive-completion row at award levels 7/17/18/19 for any configured primary or secondary CIP in C2022_A, C2023_A, or C2024_A.",https://nces.ed.gov/ipeds/datacenter/DataFiles.aspx,medium,No,2026-09-09
us:ipeds:480198,Warner Pacific University Professional and Graduate Studies,United States,,,mechanical_program_screening,No configured primary or secondary CIP completion signal in the three frozen IPEDS graduate first-major completions files; catalog-only and new programs remain a known gap.,"No positive-completion row at award levels 7/17/18/19 for any configured primary or secondary CIP in C2022_A, C2023_A, or C2024_A.",https://nces.ed.gov/ipeds/datacenter/DataFiles.aspx,medium,No,2026-09-09
us:ipeds:480790,Rocky Vista University,United States,,,mechanical_program_screening,No configured primary or secondary CIP completion signal in the three frozen IPEDS graduate first-major completions files; catalog-only and new programs remain a known gap.,"No positive-completion row at award levels 7/17/18/19 for any configured primary or secondary CIP in C2022_A, C2023_A, or C2024_A.",https://nces.ed.gov/ipeds/datacenter/DataFiles.aspx,medium,No,2026-09-09
us:ipeds:480985,Midwives College of Utah,United States,,,mechanical_program_screening,No configured primary or secondary CIP completion signal in the three frozen IPEDS graduate first-major completions files; catalog-only and new programs remain a known gap.,"No positive-completion row at award levels 7/17/18/19 for any configured primary or secondary CIP in C2022_A, C2023_A, or C2024_A.",https://nces.ed.gov/ipeds/datacenter/DataFiles.aspx,medium,No,2026-09-09
us:ipeds:481030,Future Generations University,United States,,,mechanical_program_screening,No configured primary or secondary CIP completion signal in the three frozen IPEDS graduate first-major completions files; catalog-only and new programs remain a known gap.,"No positive-completion row at award levels 7/17/18/19 for any configured primary or secondary CIP in C2022_A, C2023_A, or C2024_A.",https://nces.ed.gov/ipeds/datacenter/DataFiles.aspx,medium,No,2026-09-09
us:ipeds:481058,Grace Mission University,United States,,,mechanical_program_screening,No configured primary or secondary CIP completion signal in the three frozen IPEDS graduate first-major completions files; catalog-only and new programs remain a known gap.,"No positive-completion row at award levels 7/17/18/19 for any configured primary or secondary CIP in C2022_A, C2023_A, or C2024_A.",https://nces.ed.gov/ipeds/datacenter/DataFiles.aspx,medium,No,2026-09-09
us:ipeds:481094,Sotheby's Institute of Art-NY,United States,,,mechanical_program_screening,No configured primary or secondary CIP completion signal in the three frozen IPEDS graduate first-major completions files; catalog-only and new programs remain a known gap.,"No positive-completion row at award levels 7/17/18/19 for any configured primary or secondary CIP in C2022_A, C2023_A, or C2024_A.",https://nces.ed.gov/ipeds/datacenter/DataFiles.aspx,medium,No,2026-09-09
us:ipeds:481225,Mid-South Christian College,United States,,,mechanical_program_screening,No configured primary or secondary CIP completion signal in the three frozen IPEDS graduate first-major completions files; catalog-only and new programs remain a known gap.,"No positive-completion row at award levels 7/17/18/19 for any configured primary or secondary CIP in C2022_A, C2023_A, or C2024_A.",https://nces.ed.gov/ipeds/datacenter/DataFiles.aspx,medium,No,2026-09-09
us:ipeds:481401,Grace School of Theology,United States,,,mechanical_program_screening,No configured primary or secondary CIP completion signal in the three frozen IPEDS graduate first-major completions files; catalog-only and new programs remain a known gap.,"No positive-completion row at award levels 7/17/18/19 for any configured primary or secondary CIP in C2022_A, C2023_A, or C2024_A.",https://nces.ed.gov/ipeds/datacenter/DataFiles.aspx,medium,No,2026-09-09
us:ipeds:481535,Sanford Burnham Prebys Medical Discovery Institute,United States,,,mechanical_program_screening,No configured primary or secondary CIP completion signal in the three frozen IPEDS graduate first-major completions files; catalog-only and new programs remain a known gap.,"No positive-completion row at award levels 7/17/18/19 for any configured primary or secondary CIP in C2022_A, C2023_A, or C2024_A.",https://nces.ed.gov/ipeds/datacenter/DataFiles.aspx,medium,No,2026-09-09
us:ipeds:482228,Veritas Baptist College,United States,,,mechanical_program_screening,No configured primary or secondary CIP completion signal in the three frozen IPEDS graduate first-major completions files; catalog-only and new programs remain a known gap.,"No positive-completion row at award levels 7/17/18/19 for any configured primary or secondary CIP in C2022_A, C2023_A, or C2024_A.",https://nces.ed.gov/ipeds/datacenter/DataFiles.aspx,medium,No,2026-09-09
us:ipeds:482413,DeVry College of New York,United States,,,mechanical_program_screening,No configured primary or secondary CIP completion signal in the three frozen IPEDS graduate first-major completions files; catalog-only and new programs remain a known gap.,"No positive-completion row at award levels 7/17/18/19 for any configured primary or secondary CIP in C2022_A, C2023_A, or C2024_A.",https://nces.ed.gov/ipeds/datacenter/DataFiles.aspx,medium,No,2026-09-09
us:ipeds:482422,DeVry University-Arizona,United States,,,mechanical_program_screening,No configured primary or secondary CIP completion signal in the three frozen IPEDS graduate first-major completions files; catalog-only and new programs remain a known gap.,"No positive-completion row at award levels 7/17/18/19 for any configured primary or secondary CIP in C2022_A, C2023_A, or C2024_A.",https://nces.ed.gov/ipeds/datacenter/DataFiles.aspx,medium,No,2026-09-09
us:ipeds:482431,DeVry University-California,United States,,,mechanical_program_screening,No configured primary or secondary CIP completion signal in the three frozen IPEDS graduate first-major completions files; catalog-only and new programs remain a known gap.,"No positive-completion row at award levels 7/17/18/19 for any configured primary or secondary CIP in C2022_A, C2023_A, or C2024_A.",https://nces.ed.gov/ipeds/datacenter/DataFiles.aspx,medium,No,2026-09-09
us:ipeds:482459,DeVry University-Florida,United States,,,mechanical_program_screening,No configured primary or secondary CIP completion signal in the three frozen IPEDS graduate first-major completions files; catalog-only and new programs remain a known gap.,"No positive-completion row at award levels 7/17/18/19 for any configured primary or secondary CIP in C2022_A, C2023_A, or C2024_A.",https://nces.ed.gov/ipeds/datacenter/DataFiles.aspx,medium,No,2026-09-09
us:ipeds:482547,DeVry University-Nevada,United States,,,mechanical_program_screening,No configured primary or secondary CIP completion signal in the three frozen IPEDS graduate first-major completions files; catalog-only and new programs remain a known gap.,"No positive-completion row at award levels 7/17/18/19 for any configured primary or secondary CIP in C2022_A, C2023_A, or C2024_A.",https://nces.ed.gov/ipeds/datacenter/DataFiles.aspx,medium,No,2026-09-09
us:ipeds:482556,DeVry University-New Jersey,United States,,,mechanical_program_screening,No configured primary or secondary CIP completion signal in the three frozen IPEDS graduate first-major completions files; catalog-only and new programs remain a known gap.,"No positive-completion row at award levels 7/17/18/19 for any configured primary or secondary CIP in C2022_A, C2023_A, or C2024_A.",https://nces.ed.gov/ipeds/datacenter/DataFiles.aspx,medium,No,2026-09-09
us:ipeds:482574,DeVry University-Ohio,United States,,,mechanical_program_screening,No configured primary or secondary CIP completion signal in the three frozen IPEDS graduate first-major completions files; catalog-only and new programs remain a known gap.,"No positive-completion row at award levels 7/17/18/19 for any configured primary or secondary CIP in C2022_A, C2023_A, or C2024_A.",https://nces.ed.gov/ipeds/datacenter/DataFiles.aspx,medium,No,2026-09-09
us:ipeds:482635,DeVry University-Texas,United States,,,mechanical_program_screening,No configured primary or secondary CIP completion signal in the three frozen IPEDS graduate first-major completions files; catalog-only and new programs remain a known gap.,"No positive-completion row at award levels 7/17/18/19 for any configured primary or secondary CIP in C2022_A, C2023_A, or C2024_A.",https://nces.ed.gov/ipeds/datacenter/DataFiles.aspx,medium,No,2026-09-09
us:ipeds:482653,DeVry University-Virginia,United States,,,mechanical_program_screening,No configured primary or secondary CIP completion signal in the three frozen IPEDS graduate first-major completions files; catalog-only and new programs remain a known gap.,"No positive-completion row at award levels 7/17/18/19 for any configured primary or secondary CIP in C2022_A, C2023_A, or C2024_A.",https://nces.ed.gov/ipeds/datacenter/DataFiles.aspx,medium,No,2026-09-09
us:ipeds:482680,University of North Georgia,United States,,,mechanical_program_screening,No configured primary or secondary CIP completion signal in the three frozen IPEDS graduate first-major completions files; catalog-only and new programs remain a known gap.,"No positive-completion row at award levels 7/17/18/19 for any configured primary or secondary CIP in C2022_A, C2023_A, or C2024_A.",https://nces.ed.gov/ipeds/datacenter/DataFiles.aspx,medium,No,2026-09-09
us:ipeds:483221,Learnet Academy Inc,United States,,,mechanical_program_screening,No configured primary or secondary CIP completion signal in the three frozen IPEDS graduate first-major completions files; catalog-only and new programs remain a known gap.,"No positive-completion row at award levels 7/17/18/19 for any configured primary or secondary CIP in C2022_A, C2023_A, or C2024_A.",https://nces.ed.gov/ipeds/datacenter/DataFiles.aspx,medium,No,2026-09-09
us:ipeds:483595,Ana G. Mendez University,United States,,,mechanical_program_screening,No configured primary or secondary CIP completion signal in the three frozen IPEDS graduate first-major completions files; catalog-only and new programs remain a known gap.,"No positive-completion row at award levels 7/17/18/19 for any configured primary or secondary CIP in C2022_A, C2023_A, or C2024_A.",https://nces.ed.gov/ipeds/datacenter/DataFiles.aspx,medium,No,2026-09-09
us:ipeds:483975,Alabama College of Osteopathic Medicine,United States,,,mechanical_program_screening,No configured primary or secondary CIP completion signal in the three frozen IPEDS graduate first-major completions files; catalog-only and new programs remain a known gap.,"No positive-completion row at award levels 7/17/18/19 for any configured primary or secondary CIP in C2022_A, C2023_A, or C2024_A.",https://nces.ed.gov/ipeds/datacenter/DataFiles.aspx,medium,No,2026-09-09
us:ipeds:484631,University of Phoenix-California,United States,,,mechanical_program_screening,No configured primary or secondary CIP completion signal in the three frozen IPEDS graduate first-major completions files; catalog-only and new programs remain a known gap.,"No positive-completion row at award levels 7/17/18/19 for any configured primary or secondary CIP in C2022_A, C2023_A, or C2024_A.",https://nces.ed.gov/ipeds/datacenter/DataFiles.aspx,medium,No,2026-09-09
us:ipeds:484756,University of Phoenix-Texas,United States,,,mechanical_program_screening,No configured primary or secondary CIP completion signal in the three frozen IPEDS graduate first-major completions files; catalog-only and new programs remain a known gap.,"No positive-completion row at award levels 7/17/18/19 for any configured primary or secondary CIP in C2022_A, C2023_A, or C2024_A.",https://nces.ed.gov/ipeds/datacenter/DataFiles.aspx,medium,No,2026-09-09
us:ipeds:484862,University of West Los Angeles,United States,,,mechanical_program_screening,No configured primary or secondary CIP completion signal in the three frozen IPEDS graduate first-major completions files; catalog-only and new programs remain a known gap.,"No positive-completion row at award levels 7/17/18/19 for any configured primary or secondary CIP in C2022_A, C2023_A, or C2024_A.",https://nces.ed.gov/ipeds/datacenter/DataFiles.aspx,medium,No,2026-09-09
us:ipeds:484905,University of North Texas at Dallas,United States,,,mechanical_program_screening,No configured primary or secondary CIP completion signal in the three frozen IPEDS graduate first-major completions files; catalog-only and new programs remain a known gap.,"No positive-completion row at award levels 7/17/18/19 for any configured primary or secondary CIP in C2022_A, C2023_A, or C2024_A.",https://nces.ed.gov/ipeds/datacenter/DataFiles.aspx,medium,No,2026-09-09
us:ipeds:485403,High Tech High Graduate School of Education,United States,,,mechanical_program_screening,No configured primary or secondary CIP completion signal in the three frozen IPEDS graduate first-major completions files; catalog-only and new programs remain a known gap.,"No positive-completion row at award levels 7/17/18/19 for any configured primary or secondary CIP in C2022_A, C2023_A, or C2024_A.",https://nces.ed.gov/ipeds/datacenter/DataFiles.aspx,medium,No,2026-09-09
us:ipeds:485519,Lionel University,United States,,,mechanical_program_screening,No configured primary or secondary CIP completion signal in the three frozen IPEDS graduate first-major completions files; catalog-only and new programs remain a known gap.,"No positive-completion row at award levels 7/17/18/19 for any configured primary or secondary CIP in C2022_A, C2023_A, or C2024_A.",https://nces.ed.gov/ipeds/datacenter/DataFiles.aspx,medium,No,2026-09-09
us:ipeds:485546,California Intercontinental University,United States,,,mechanical_program_screening,No configured primary or secondary CIP completion signal in the three frozen IPEDS graduate first-major completions files; catalog-only and new programs remain a known gap.,"No positive-completion row at award levels 7/17/18/19 for any configured primary or secondary CIP in C2022_A, C2023_A, or C2024_A.",https://nces.ed.gov/ipeds/datacenter/DataFiles.aspx,medium,No,2026-09-09
us:ipeds:486053,Bethlehem College & Seminary,United States,,,mechanical_program_screening,No configured primary or secondary CIP completion signal in the three frozen IPEDS graduate first-major completions files; catalog-only and new programs remain a known gap.,"No positive-completion row at award levels 7/17/18/19 for any configured primary or secondary CIP in C2022_A, C2023_A, or C2024_A.",https://nces.ed.gov/ipeds/datacenter/DataFiles.aspx,medium,No,2026-09-09
us:ipeds:486080,Elmezzi Graduate School of Molecular Medicine,United States,,,mechanical_program_screening,No configured primary or secondary CIP completion signal in the three frozen IPEDS graduate first-major completions files; catalog-only and new programs remain a known gap.,"No positive-completion row at award levels 7/17/18/19 for any configured primary or secondary CIP in C2022_A, C2023_A, or C2024_A.",https://nces.ed.gov/ipeds/datacenter/DataFiles.aspx,medium,No,2026-09-09
us:ipeds:486239,San Ignacio University,United States,,,mechanical_program_screening,No configured primary or secondary CIP completion signal in the three frozen IPEDS graduate first-major completions files; catalog-only and new programs remain a known gap.,"No positive-completion row at award levels 7/17/18/19 for any configured primary or secondary CIP in C2022_A, C2023_A, or C2024_A.",https://nces.ed.gov/ipeds/datacenter/DataFiles.aspx,medium,No,2026-09-09
us:ipeds:486284,Bethany Global University,United States,,,mechanical_program_screening,No configured primary or secondary CIP completion signal in the three frozen IPEDS graduate first-major completions files; catalog-only and new programs remain a known gap.,"No positive-completion row at award levels 7/17/18/19 for any configured primary or secondary CIP in C2022_A, C2023_A, or C2024_A.",https://nces.ed.gov/ipeds/datacenter/DataFiles.aspx,medium,No,2026-09-09
us:ipeds:486354,United International College,United States,,,mechanical_program_screening,No configured primary or secondary CIP completion signal in the three frozen IPEDS graduate first-major completions files; catalog-only and new programs remain a known gap.,"No positive-completion row at award levels 7/17/18/19 for any configured primary or secondary CIP in C2022_A, C2023_A, or C2024_A.",https://nces.ed.gov/ipeds/datacenter/DataFiles.aspx,medium,No,2026-09-09
us:ipeds:486433,Presidio Graduate School,United States,,,mechanical_program_screening,No configured primary or secondary CIP completion signal in the three frozen IPEDS graduate first-major completions files; catalog-only and new programs remain a known gap.,"No positive-completion row at award levels 7/17/18/19 for any configured primary or secondary CIP in C2022_A, C2023_A, or C2024_A.",https://nces.ed.gov/ipeds/datacenter/DataFiles.aspx,medium,No,2026-09-09
us:ipeds:487010,The University of Tennessee Health Science Center,United States,,,mechanical_program_screening,No configured primary or secondary CIP completion signal in the three frozen IPEDS graduate first-major completions files; catalog-only and new programs remain a known gap.,"No positive-completion row at award levels 7/17/18/19 for any configured primary or secondary CIP in C2022_A, C2023_A, or C2024_A.",https://nces.ed.gov/ipeds/datacenter/DataFiles.aspx,medium,No,2026-09-09
us:ipeds:487153,The Chicago School at Xavier University of Louisiana,United States,,,mechanical_program_screening,No configured primary or secondary CIP completion signal in the three frozen IPEDS graduate first-major completions files; catalog-only and new programs remain a known gap.,"No positive-completion row at award levels 7/17/18/19 for any configured primary or secondary CIP in C2022_A, C2023_A, or C2024_A.",https://nces.ed.gov/ipeds/datacenter/DataFiles.aspx,medium,No,2026-09-09
us:ipeds:487524,Husson University,United States,,,mechanical_program_screening,No configured primary or secondary CIP completion signal in the three frozen IPEDS graduate first-major completions files; catalog-only and new programs remain a known gap.,"No positive-completion row at award levels 7/17/18/19 for any configured primary or secondary CIP in C2022_A, C2023_A, or C2024_A.",https://nces.ed.gov/ipeds/datacenter/DataFiles.aspx,medium,No,2026-09-09
us:ipeds:487603,Northwest University-Center for Online and Extended Education,United States,,,mechanical_program_screening,No configured primary or secondary CIP completion signal in the three frozen IPEDS graduate first-major completions files; catalog-only and new programs remain a known gap.,"No positive-completion row at award levels 7/17/18/19 for any configured primary or secondary CIP in C2022_A, C2023_A, or C2024_A.",https://nces.ed.gov/ipeds/datacenter/DataFiles.aspx,medium,No,2026-09-09
us:ipeds:487649,California Institute of Advanced Management,United States,,,mechanical_program_screening,No configured primary or secondary CIP completion signal in the three frozen IPEDS graduate first-major completions files; catalog-only and new programs remain a known gap.,"No positive-completion row at award levels 7/17/18/19 for any configured primary or secondary CIP in C2022_A, C2023_A, or C2024_A.",https://nces.ed.gov/ipeds/datacenter/DataFiles.aspx,medium,No,2026-09-09
us:ipeds:487995,Alhambra Medical University,United States,,,mechanical_program_screening,No configured primary or secondary CIP completion signal in the three frozen IPEDS graduate first-major completions files; catalog-only and new programs remain a known gap.,"No positive-completion row at award levels 7/17/18/19 for any configured primary or secondary CIP in C2022_A, C2023_A, or C2024_A.",https://nces.ed.gov/ipeds/datacenter/DataFiles.aspx,medium,No,2026-09-09
us:ipeds:488387,Claremont Lincoln University,United States,,,mechanical_program_screening,No configured primary or secondary CIP completion signal in the three frozen IPEDS graduate first-major completions files; catalog-only and new programs remain a known gap.,"No positive-completion row at award levels 7/17/18/19 for any configured primary or secondary CIP in C2022_A, C2023_A, or C2024_A.",https://nces.ed.gov/ipeds/datacenter/DataFiles.aspx,medium,No,2026-09-09
us:ipeds:488448,Seattle Film Institute,United States,,,mechanical_program_screening,No configured primary or secondary CIP completion signal in the three frozen IPEDS graduate first-major completions files; catalog-only and new programs remain a known gap.,"No positive-completion row at award levels 7/17/18/19 for any configured primary or secondary CIP in C2022_A, C2023_A, or C2024_A.",https://nces.ed.gov/ipeds/datacenter/DataFiles.aspx,medium,No,2026-09-09
us:ipeds:488527,Arkansas Colleges of Health Education,United States,,,mechanical_program_screening,No configured primary or secondary CIP completion signal in the three frozen IPEDS graduate first-major completions files; catalog-only and new programs remain a known gap.,"No positive-completion row at award levels 7/17/18/19 for any configured primary or secondary CIP in C2022_A, C2023_A, or C2024_A.",https://nces.ed.gov/ipeds/datacenter/DataFiles.aspx,medium,No,2026-09-09
us:ipeds:488554,Burrell College of Osteopathic Medicine,United States,,,mechanical_program_screening,No configured primary or secondary CIP completion signal in the three frozen IPEDS graduate first-major completions files; catalog-only and new programs remain a known gap.,"No positive-completion row at award levels 7/17/18/19 for any configured primary or secondary CIP in C2022_A, C2023_A, or C2024_A.",https://nces.ed.gov/ipeds/datacenter/DataFiles.aspx,medium,No,2026-09-09
us:ipeds:488572,California Health Sciences University,United States,,,mechanical_program_screening,No configured primary or secondary CIP completion signal in the three frozen IPEDS graduate first-major completions files; catalog-only and new programs remain a known gap.,"No positive-completion row at award levels 7/17/18/19 for any configured primary or secondary CIP in C2022_A, C2023_A, or C2024_A.",https://nces.ed.gov/ipeds/datacenter/DataFiles.aspx,medium,No,2026-09-09
us:ipeds:488679,Indiana Wesleyan University-National & Global,United States,,,mechanical_program_screening,No configured primary or secondary CIP completion signal in the three frozen IPEDS graduate first-major completions files; catalog-only and new programs remain a known gap.,"No positive-completion row at award levels 7/17/18/19 for any configured primary or secondary CIP in C2022_A, C2023_A, or C2024_A.",https://nces.ed.gov/ipeds/datacenter/DataFiles.aspx,medium,No,2026-09-09
us:ipeds:488721,NationsUniversity,United States,,,mechanical_program_screening,No configured primary or secondary CIP completion signal in the three frozen IPEDS graduate first-major completions files; catalog-only and new programs remain a known gap.,"No positive-completion row at award levels 7/17/18/19 for any configured primary or secondary CIP in C2022_A, C2023_A, or C2024_A.",https://nces.ed.gov/ipeds/datacenter/DataFiles.aspx,medium,No,2026-09-09
us:ipeds:488776,John Patrick University of Health and Applied Sciences,United States,,,mechanical_program_screening,No configured primary or secondary CIP completion signal in the three frozen IPEDS graduate first-major completions files; catalog-only and new programs remain a known gap.,"No positive-completion row at award levels 7/17/18/19 for any configured primary or secondary CIP in C2022_A, C2023_A, or C2024_A.",https://nces.ed.gov/ipeds/datacenter/DataFiles.aspx,medium,No,2026-09-09
us:ipeds:488800,Teachers College of San Joaquin,United States,,,mechanical_program_screening,No configured primary or secondary CIP completion signal in the three frozen IPEDS graduate first-major completions files; catalog-only and new programs remain a known gap.,"No positive-completion row at award levels 7/17/18/19 for any configured primary or secondary CIP in C2022_A, C2023_A, or C2024_A.",https://nces.ed.gov/ipeds/datacenter/DataFiles.aspx,medium,No,2026-09-09
us:ipeds:488907,Wongu University of Oriental Medicine,United States,,,mechanical_program_screening,No configured primary or secondary CIP completion signal in the three frozen IPEDS graduate first-major completions files; catalog-only and new programs remain a known gap.,"No positive-completion row at award levels 7/17/18/19 for any configured primary or secondary CIP in C2022_A, C2023_A, or C2024_A.",https://nces.ed.gov/ipeds/datacenter/DataFiles.aspx,medium,No,2026-09-09
us:ipeds:489335,Institute of Buddhist Studies,United States,,,mechanical_program_screening,No configured primary or secondary CIP completion signal in the three frozen IPEDS graduate first-major completions files; catalog-only and new programs remain a known gap.,"No positive-completion row at award levels 7/17/18/19 for any configured primary or secondary CIP in C2022_A, C2023_A, or C2024_A.",https://nces.ed.gov/ipeds/datacenter/DataFiles.aspx,medium,No,2026-09-09
us:ipeds:489858,West Coast University-Center for Graduate Studies,United States,,,mechanical_program_screening,No configured primary or secondary CIP completion signal in the three frozen IPEDS graduate first-major completions files; catalog-only and new programs remain a known gap.,"No positive-completion row at award levels 7/17/18/19 for any configured primary or secondary CIP in C2022_A, C2023_A, or C2024_A.",https://nces.ed.gov/ipeds/datacenter/DataFiles.aspx,medium,No,2026-09-09
us:ipeds:490045,Presbyterian Theological Seminary in America,United States,,,mechanical_program_screening,No configured primary or secondary CIP completion signal in the three frozen IPEDS graduate first-major completions files; catalog-only and new programs remain a known gap.,"No positive-completion row at award levels 7/17/18/19 for any configured primary or secondary CIP in C2022_A, C2023_A, or C2024_A.",https://nces.ed.gov/ipeds/datacenter/DataFiles.aspx,medium,No,2026-09-09
us:ipeds:490081,America Evangelical University,United States,,,mechanical_program_screening,No configured primary or secondary CIP completion signal in the three frozen IPEDS graduate first-major completions files; catalog-only and new programs remain a known gap.,"No positive-completion row at award levels 7/17/18/19 for any configured primary or secondary CIP in C2022_A, C2023_A, or C2024_A.",https://nces.ed.gov/ipeds/datacenter/DataFiles.aspx,medium,No,2026-09-09
us:ipeds:490106,Virginia University of Integrative Medicine,United States,,,mechanical_program_screening,No configured primary or secondary CIP completion signal in the three frozen IPEDS graduate first-major completions files; catalog-only and new programs remain a known gap.,"No positive-completion row at award levels 7/17/18/19 for any configured primary or secondary CIP in C2022_A, C2023_A, or C2024_A.",https://nces.ed.gov/ipeds/datacenter/DataFiles.aspx,medium,No,2026-09-09
us:ipeds:490230,Reformed University,United States,,,mechanical_program_screening,No configured primary or secondary CIP completion signal in the three frozen IPEDS graduate first-major completions files; catalog-only and new programs remain a known gap.,"No positive-completion row at award levels 7/17/18/19 for any configured primary or secondary CIP in C2022_A, C2023_A, or C2024_A.",https://nces.ed.gov/ipeds/datacenter/DataFiles.aspx,medium,No,2026-09-09
us:ipeds:490373,Western Michigan University Homer Stryker M.D. School of Medicine,United States,,,mechanical_program_screening,No configured primary or secondary CIP completion signal in the three frozen IPEDS graduate first-major completions files; catalog-only and new programs remain a known gap.,"No positive-completion row at award levels 7/17/18/19 for any configured primary or secondary CIP in C2022_A, C2023_A, or C2024_A.",https://nces.ed.gov/ipeds/datacenter/DataFiles.aspx,medium,No,2026-09-09
us:ipeds:490753,Maine Media College,United States,,,mechanical_program_screening,No configured primary or secondary CIP completion signal in the three frozen IPEDS graduate first-major completions files; catalog-only and new programs remain a known gap.,"No positive-completion row at award levels 7/17/18/19 for any configured primary or secondary CIP in C2022_A, C2023_A, or C2024_A.",https://nces.ed.gov/ipeds/datacenter/DataFiles.aspx,medium,No,2026-09-09
us:ipeds:491190,The Chicago School at San Diego,United States,,,mechanical_program_screening,No configured primary or secondary CIP completion signal in the three frozen IPEDS graduate first-major completions files; catalog-only and new programs remain a known gap.,"No positive-completion row at award levels 7/17/18/19 for any configured primary or secondary CIP in C2022_A, C2023_A, or C2024_A.",https://nces.ed.gov/ipeds/datacenter/DataFiles.aspx,medium,No,2026-09-09
us:ipeds:491808,Meridian University,United States,,,mechanical_program_screening,No configured primary or secondary CIP completion signal in the three frozen IPEDS graduate first-major completions files; catalog-only and new programs remain a known gap.,"No positive-completion row at award levels 7/17/18/19 for any configured primary or secondary CIP in C2022_A, C2023_A, or C2024_A.",https://nces.ed.gov/ipeds/datacenter/DataFiles.aspx,medium,No,2026-09-09
us:ipeds:492209,Reiss-Davis Graduate School,United States,,,mechanical_program_screening,No configured primary or secondary CIP completion signal in the three frozen IPEDS graduate first-major completions files; catalog-only and new programs remain a known gap.,"No positive-completion row at award levels 7/17/18/19 for any configured primary or secondary CIP in C2022_A, C2023_A, or C2024_A.",https://nces.ed.gov/ipeds/datacenter/DataFiles.aspx,medium,No,2026-09-09
us:ipeds:492263,The University of Tennessee System Office,United States,,,mechanical_program_screening,No configured primary or secondary CIP completion signal in the three frozen IPEDS graduate first-major completions files; catalog-only and new programs remain a known gap.,"No positive-completion row at award levels 7/17/18/19 for any configured primary or secondary CIP in C2022_A, C2023_A, or C2024_A.",https://nces.ed.gov/ipeds/datacenter/DataFiles.aspx,medium,No,2026-09-09
us:ipeds:492607,The Chicago School at Dallas,United States,,,mechanical_program_screening,No configured primary or secondary CIP completion signal in the three frozen IPEDS graduate first-major completions files; catalog-only and new programs remain a known gap.,"No positive-completion row at award levels 7/17/18/19 for any configured primary or secondary CIP in C2022_A, C2023_A, or C2024_A.",https://nces.ed.gov/ipeds/datacenter/DataFiles.aspx,medium,No,2026-09-09
us:ipeds:492689,Texas Tech University Health Sciences Center-El Paso,United States,,,mechanical_program_screening,No configured primary or secondary CIP completion signal in the three frozen IPEDS graduate first-major completions files; catalog-only and new programs remain a known gap.,"No positive-completion row at award levels 7/17/18/19 for any configured primary or secondary CIP in C2022_A, C2023_A, or C2024_A.",https://nces.ed.gov/ipeds/datacenter/DataFiles.aspx,medium,No,2026-09-09
us:ipeds:492704,Ponce Health Sciences University-Centro Universitario de San Juan,United States,,,mechanical_program_screening,No configured primary or secondary CIP completion signal in the three frozen IPEDS graduate first-major completions files; catalog-only and new programs remain a known gap.,"No positive-completion row at award levels 7/17/18/19 for any configured primary or secondary CIP in C2022_A, C2023_A, or C2024_A.",https://nces.ed.gov/ipeds/datacenter/DataFiles.aspx,medium,No,2026-09-09
us:ipeds:493363,Institute of Lutheran Theology,United States,,,mechanical_program_screening,No configured primary or secondary CIP completion signal in the three frozen IPEDS graduate first-major completions files; catalog-only and new programs remain a known gap.,"No positive-completion row at award levels 7/17/18/19 for any configured primary or secondary CIP in C2022_A, C2023_A, or C2024_A.",https://nces.ed.gov/ipeds/datacenter/DataFiles.aspx,medium,No,2026-09-09
us:ipeds:493512,San Diego Global Knowledge University,United States,,,mechanical_program_screening,No configured primary or secondary CIP completion signal in the three frozen IPEDS graduate first-major completions files; catalog-only and new programs remain a known gap.,"No positive-completion row at award levels 7/17/18/19 for any configured primary or secondary CIP in C2022_A, C2023_A, or C2024_A.",https://nces.ed.gov/ipeds/datacenter/DataFiles.aspx,medium,No,2026-09-09
us:ipeds:493673,Professional University Dr. Carlos J. Borrero Rios,United States,,,mechanical_program_screening,No configured primary or secondary CIP completion signal in the three frozen IPEDS graduate first-major completions files; catalog-only and new programs remain a known gap.,"No positive-completion row at award levels 7/17/18/19 for any configured primary or secondary CIP in C2022_A, C2023_A, or C2024_A.",https://nces.ed.gov/ipeds/datacenter/DataFiles.aspx,medium,No,2026-09-09
us:ipeds:493947,Idaho College of Osteopathic Medicine,United States,,,mechanical_program_screening,No configured primary or secondary CIP completion signal in the three frozen IPEDS graduate first-major completions files; catalog-only and new programs remain a known gap.,"No positive-completion row at award levels 7/17/18/19 for any configured primary or secondary CIP in C2022_A, C2023_A, or C2024_A.",https://nces.ed.gov/ipeds/datacenter/DataFiles.aspx,medium,No,2026-09-09
us:ipeds:493956,Cal Northern School of Law,United States,,,mechanical_program_screening,No configured primary or secondary CIP completion signal in the three frozen IPEDS graduate first-major completions files; catalog-only and new programs remain a known gap.,"No positive-completion row at award levels 7/17/18/19 for any configured primary or secondary CIP in C2022_A, C2023_A, or C2024_A.",https://nces.ed.gov/ipeds/datacenter/DataFiles.aspx,medium,No,2026-09-09
us:ipeds:493974,College of Athens,United States,,,mechanical_program_screening,No configured primary or secondary CIP completion signal in the three frozen IPEDS graduate first-major completions files; catalog-only and new programs remain a known gap.,"No positive-completion row at award levels 7/17/18/19 for any configured primary or secondary CIP in C2022_A, C2023_A, or C2024_A.",https://nces.ed.gov/ipeds/datacenter/DataFiles.aspx,medium,No,2026-09-09
us:ipeds:494010,Ponce Health Sciences University-St Louis,United States,,,mechanical_program_screening,No configured primary or secondary CIP completion signal in the three frozen IPEDS graduate first-major completions files; catalog-only and new programs remain a known gap.,"No positive-completion row at award levels 7/17/18/19 for any configured primary or secondary CIP in C2022_A, C2023_A, or C2024_A.",https://nces.ed.gov/ipeds/datacenter/DataFiles.aspx,medium,No,2026-09-09
us:ipeds:494551,IE New York College,United States,,,mechanical_program_screening,No configured primary or secondary CIP completion signal in the three frozen IPEDS graduate first-major completions files; catalog-only and new programs remain a known gap.,"No positive-completion row at award levels 7/17/18/19 for any configured primary or secondary CIP in C2022_A, C2023_A, or C2024_A.",https://nces.ed.gov/ipeds/datacenter/DataFiles.aspx,medium,No,2026-09-09
us:ipeds:494597,Faith Theological Seminary and Christian College,United States,,,mechanical_program_screening,No configured primary or secondary CIP completion signal in the three frozen IPEDS graduate first-major completions files; catalog-only and new programs remain a known gap.,"No positive-completion row at award levels 7/17/18/19 for any configured primary or secondary CIP in C2022_A, C2023_A, or C2024_A.",https://nces.ed.gov/ipeds/datacenter/DataFiles.aspx,medium,No,2026-09-09
us:ipeds:494603,The Southwestern Baptist Theological Seminary,United States,,,mechanical_program_screening,No configured primary or secondary CIP completion signal in the three frozen IPEDS graduate first-major completions files; catalog-only and new programs remain a known gap.,"No positive-completion row at award levels 7/17/18/19 for any configured primary or secondary CIP in C2022_A, C2023_A, or C2024_A.",https://nces.ed.gov/ipeds/datacenter/DataFiles.aspx,medium,No,2026-09-09
us:ipeds:494621,Lotus Professional College,United States,,,mechanical_program_screening,No configured primary or secondary CIP completion signal in the three frozen IPEDS graduate first-major completions files; catalog-only and new programs remain a known gap.,"No positive-completion row at award levels 7/17/18/19 for any configured primary or secondary CIP in C2022_A, C2023_A, or C2024_A.",https://nces.ed.gov/ipeds/datacenter/DataFiles.aspx,medium,No,2026-09-09
us:ipeds:494807,Ponce Health Sciences University-East,United States,,,mechanical_program_screening,No configured primary or secondary CIP completion signal in the three frozen IPEDS graduate first-major completions files; catalog-only and new programs remain a known gap.,"No positive-completion row at award levels 7/17/18/19 for any configured primary or secondary CIP in C2022_A, C2023_A, or C2024_A.",https://nces.ed.gov/ipeds/datacenter/DataFiles.aspx,medium,No,2026-09-09
us:ipeds:495192,Alder Graduate School of Education,United States,,,mechanical_program_screening,No configured primary or secondary CIP completion signal in the three frozen IPEDS graduate first-major completions files; catalog-only and new programs remain a known gap.,"No positive-completion row at award levels 7/17/18/19 for any configured primary or secondary CIP in C2022_A, C2023_A, or C2024_A.",https://nces.ed.gov/ipeds/datacenter/DataFiles.aspx,medium,No,2026-09-09
us:ipeds:495314,Hackensack Meridian School of Medicine,United States,,,mechanical_program_screening,No configured primary or secondary CIP completion signal in the three frozen IPEDS graduate first-major completions files; catalog-only and new programs remain a known gap.,"No positive-completion row at award levels 7/17/18/19 for any configured primary or secondary CIP in C2022_A, C2023_A, or C2024_A.",https://nces.ed.gov/ipeds/datacenter/DataFiles.aspx,medium,No,2026-09-09
us:ipeds:496043,California University of Science and Medicine,United States,,,mechanical_program_screening,No configured primary or secondary CIP completion signal in the three frozen IPEDS graduate first-major completions files; catalog-only and new programs remain a known gap.,"No positive-completion row at award levels 7/17/18/19 for any configured primary or secondary CIP in C2022_A, C2023_A, or C2024_A.",https://nces.ed.gov/ipeds/datacenter/DataFiles.aspx,medium,No,2026-09-09
us:ipeds:496283,Provo College-Idaho Falls Campus,United States,,,mechanical_program_screening,No configured primary or secondary CIP completion signal in the three frozen IPEDS graduate first-major completions files; catalog-only and new programs remain a known gap.,"No positive-completion row at award levels 7/17/18/19 for any configured primary or secondary CIP in C2022_A, C2023_A, or C2024_A.",https://nces.ed.gov/ipeds/datacenter/DataFiles.aspx,medium,No,2026-09-09
us:ipeds:496326,Eagle Gate College-Boise Campus,United States,,,mechanical_program_screening,No configured primary or secondary CIP completion signal in the three frozen IPEDS graduate first-major completions files; catalog-only and new programs remain a known gap.,"No positive-completion row at award levels 7/17/18/19 for any configured primary or secondary CIP in C2022_A, C2023_A, or C2024_A.",https://nces.ed.gov/ipeds/datacenter/DataFiles.aspx,medium,No,2026-09-09
us:ipeds:496469,Daybreak University,United States,,,mechanical_program_screening,No configured primary or secondary CIP completion signal in the three frozen IPEDS graduate first-major completions files; catalog-only and new programs remain a known gap.,"No positive-completion row at award levels 7/17/18/19 for any configured primary or secondary CIP in C2022_A, C2023_A, or C2024_A.",https://nces.ed.gov/ipeds/datacenter/DataFiles.aspx,medium,No,2026-09-09
us:ipeds:496627,California Northstate University,United States,,,mechanical_program_screening,No configured primary or secondary CIP completion signal in the three frozen IPEDS graduate first-major completions files; catalog-only and new programs remain a known gap.,"No positive-completion row at award levels 7/17/18/19 for any configured primary or secondary CIP in C2022_A, C2023_A, or C2024_A.",https://nces.ed.gov/ipeds/datacenter/DataFiles.aspx,medium,No,2026-09-09
us:ipeds:496706,Lakewood University,United States,,,mechanical_program_screening,No configured primary or secondary CIP completion signal in the three frozen IPEDS graduate first-major completions files; catalog-only and new programs remain a known gap.,"No positive-completion row at award levels 7/17/18/19 for any configured primary or secondary CIP in C2022_A, C2023_A, or C2024_A.",https://nces.ed.gov/ipeds/datacenter/DataFiles.aspx,medium,No,2026-09-09
us:ipeds:496973,Herzing University-Tampa,United States,,,mechanical_program_screening,No configured primary or secondary CIP completion signal in the three frozen IPEDS graduate first-major completions files; catalog-only and new programs remain a known gap.,"No positive-completion row at award levels 7/17/18/19 for any configured primary or secondary CIP in C2022_A, C2023_A, or C2024_A.",https://nces.ed.gov/ipeds/datacenter/DataFiles.aspx,medium,No,2026-09-09
us:ipeds:497107,University of Silicon Andhra,United States,,,mechanical_program_screening,No configured primary or secondary CIP completion signal in the three frozen IPEDS graduate first-major completions files; catalog-only and new programs remain a known gap.,"No positive-completion row at award levels 7/17/18/19 for any configured primary or secondary CIP in C2022_A, C2023_A, or C2024_A.",https://nces.ed.gov/ipeds/datacenter/DataFiles.aspx,medium,No,2026-09-09
us:ipeds:497408,Bridges Christian College,United States,,,mechanical_program_screening,No configured primary or secondary CIP completion signal in the three frozen IPEDS graduate first-major completions files; catalog-only and new programs remain a known gap.,"No positive-completion row at award levels 7/17/18/19 for any configured primary or secondary CIP in C2022_A, C2023_A, or C2024_A.",https://nces.ed.gov/ipeds/datacenter/DataFiles.aspx,medium,No,2026-09-09
us:ipeds:497453,Jackson Theological Seminary,United States,,,mechanical_program_screening,No configured primary or secondary CIP completion signal in the three frozen IPEDS graduate first-major completions files; catalog-only and new programs remain a known gap.,"No positive-completion row at award levels 7/17/18/19 for any configured primary or secondary CIP in C2022_A, C2023_A, or C2024_A.",https://nces.ed.gov/ipeds/datacenter/DataFiles.aspx,medium,No,2026-09-09
us:ipeds:497462,Redeemers University North America,United States,,,mechanical_program_screening,No configured primary or secondary CIP completion signal in the three frozen IPEDS graduate first-major completions files; catalog-only and new programs remain a known gap.,"No positive-completion row at award levels 7/17/18/19 for any configured primary or secondary CIP in C2022_A, C2023_A, or C2024_A.",https://nces.ed.gov/ipeds/datacenter/DataFiles.aspx,medium,No,2026-09-09
us:ipeds:497480,Reach University,United States,,,mechanical_program_screening,No configured primary or secondary CIP completion signal in the three frozen IPEDS graduate first-major completions files; catalog-only and new programs remain a known gap.,"No positive-completion row at award levels 7/17/18/19 for any configured primary or secondary CIP in C2022_A, C2023_A, or C2024_A.",https://nces.ed.gov/ipeds/datacenter/DataFiles.aspx,medium,No,2026-09-09
us:ipeds:497693,Kansas Health Science University,United States,,,mechanical_program_screening,No configured primary or secondary CIP completion signal in the three frozen IPEDS graduate first-major completions files; catalog-only and new programs remain a known gap.,"No positive-completion row at award levels 7/17/18/19 for any configured primary or secondary CIP in C2022_A, C2023_A, or C2024_A.",https://nces.ed.gov/ipeds/datacenter/DataFiles.aspx,medium,No,2026-09-09
us:ipeds:497718,Academy for Jewish Religion,United States,,,mechanical_program_screening,No configured primary or secondary CIP completion signal in the three frozen IPEDS graduate first-major completions files; catalog-only and new programs remain a known gap.,"No positive-completion row at award levels 7/17/18/19 for any configured primary or secondary CIP in C2022_A, C2023_A, or C2024_A.",https://nces.ed.gov/ipeds/datacenter/DataFiles.aspx,medium,No,2026-09-09
us:ipeds:498234,Larkin University,United States,,,mechanical_program_screening,No configured primary or secondary CIP completion signal in the three frozen IPEDS graduate first-major completions files; catalog-only and new programs remain a known gap.,"No positive-completion row at award levels 7/17/18/19 for any configured primary or secondary CIP in C2022_A, C2023_A, or C2024_A.",https://nces.ed.gov/ipeds/datacenter/DataFiles.aspx,medium,No,2026-09-09
us:ipeds:498289,Pontifex University,United States,,,mechanical_program_screening,No configured primary or secondary CIP completion signal in the three frozen IPEDS graduate first-major completions files; catalog-only and new programs remain a known gap.,"No positive-completion row at award levels 7/17/18/19 for any configured primary or secondary CIP in C2022_A, C2023_A, or C2024_A.",https://nces.ed.gov/ipeds/datacenter/DataFiles.aspx,medium,No,2026-09-09
us:ipeds:498915,Agora University,United States,,,mechanical_program_screening,No configured primary or secondary CIP completion signal in the three frozen IPEDS graduate first-major completions files; catalog-only and new programs remain a known gap.,"No positive-completion row at award levels 7/17/18/19 for any configured primary or secondary CIP in C2022_A, C2023_A, or C2024_A.",https://nces.ed.gov/ipeds/datacenter/DataFiles.aspx,medium,No,2026-09-09
us:ipeds:498924,URBE University,United States,,,mechanical_program_screening,No configured primary or secondary CIP completion signal in the three frozen IPEDS graduate first-major completions files; catalog-only and new programs remain a known gap.,"No positive-completion row at award levels 7/17/18/19 for any configured primary or secondary CIP in C2022_A, C2023_A, or C2024_A.",https://nces.ed.gov/ipeds/datacenter/DataFiles.aspx,medium,No,2026-09-09
us:ipeds:499149,Herzing University-Nashville,United States,,,mechanical_program_screening,No configured primary or secondary CIP completion signal in the three frozen IPEDS graduate first-major completions files; catalog-only and new programs remain a known gap.,"No positive-completion row at award levels 7/17/18/19 for any configured primary or secondary CIP in C2022_A, C2023_A, or C2024_A.",https://nces.ed.gov/ipeds/datacenter/DataFiles.aspx,medium,No,2026-09-09
us:ipeds:499732,Windsor University,United States,,,mechanical_program_screening,No configured primary or secondary CIP completion signal in the three frozen IPEDS graduate first-major completions files; catalog-only and new programs remain a known gap.,"No positive-completion row at award levels 7/17/18/19 for any configured primary or secondary CIP in C2022_A, C2023_A, or C2024_A.",https://nces.ed.gov/ipeds/datacenter/DataFiles.aspx,medium,No,2026-09-09
us:ipeds:499811,Ricketts Great Books College,United States,,,mechanical_program_screening,No configured primary or secondary CIP completion signal in the three frozen IPEDS graduate first-major completions files; catalog-only and new programs remain a known gap.,"No positive-completion row at award levels 7/17/18/19 for any configured primary or secondary CIP in C2022_A, C2023_A, or C2024_A.",https://nces.ed.gov/ipeds/datacenter/DataFiles.aspx,medium,No,2026-09-09
us:ipeds:499981,Southwest University of Naprapathic Medicine,United States,,,mechanical_program_screening,No configured primary or secondary CIP completion signal in the three frozen IPEDS graduate first-major completions files; catalog-only and new programs remain a known gap.,"No positive-completion row at award levels 7/17/18/19 for any configured primary or secondary CIP in C2022_A, C2023_A, or C2024_A.",https://nces.ed.gov/ipeds/datacenter/DataFiles.aspx,medium,No,2026-09-09
us:ipeds:500041,Kennedy University of Baptist,United States,,,mechanical_program_screening,No configured primary or secondary CIP completion signal in the three frozen IPEDS graduate first-major completions files; catalog-only and new programs remain a known gap.,"No positive-completion row at award levels 7/17/18/19 for any configured primary or secondary CIP in C2022_A, C2023_A, or C2024_A.",https://nces.ed.gov/ipeds/datacenter/DataFiles.aspx,medium,No,2026-09-09
us:ipeds:500087,Doral College,United States,,,mechanical_program_screening,No configured primary or secondary CIP completion signal in the three frozen IPEDS graduate first-major completions files; catalog-only and new programs remain a known gap.,"No positive-completion row at award levels 7/17/18/19 for any configured primary or secondary CIP in C2022_A, C2023_A, or C2024_A.",https://nces.ed.gov/ipeds/datacenter/DataFiles.aspx,medium,No,2026-09-09
